timestamp,sensor,value_c,setpoint_c,anomaly_mode,value_g,event
2026-07-29T19:57:34.178028+00:00,temperature,3.411,4.0,combined,,
2026-07-29T19:57:35.426608+00:00,temperature,4.445,4.0,combined,,
2026-07-29T19:57:35.426608+00:00,vibration_rms,,,combined,1.343,
2026-07-29T19:57:36.814480+00:00,temperature,4.059,4.0,combined,,
2026-07-29T19:57:38.007918+00:00,temperature,3.57,4.0,combined,,
2026-07-29T19:57:38.007918+00:00,vibration_rms,,,combined,1.492,
2026-07-29T19:57:39.441285+00:00,temperature,4.162,4.0,combined,,
2026-07-29T19:57:40.638278+00:00,temperature,4.363,4.0,combined,,
2026-07-29T19:57:40.638278+00:00,vibration_rms,,,combined,1.094,
2026-07-29T19:57:42.064023+00:00,temperature,4.259,4.0,combined,,
2026-07-29T19:57:43.286691+00:00,temperature,5.029,4.0,combined,,
2026-07-29T19:57:43.286691+00:00,vibration_rms,,,combined,1.162,
2026-07-29T19:57:44.664995+00:00,temperature,4.828,4.0,combined,,
2026-07-29T19:57:45.919366+00:00,temperature,5.104,4.0,combined,,
2026-07-29T19:57:45.919366+00:00,vibration_rms,,,combined,1.144,
2026-07-29T19:57:47.306006+00:00,temperature,4.402,4.0,combined,,
2026-07-29T19:57:48.507898+00:00,temperature,4.476,4.0,combined,,
2026-07-29T19:57:48.507898+00:00,vibration_rms,,,combined,1.093,
2026-07-29T19:57:49.898136+00:00,temperature,4.774,4.0,combined,,
2026-07-29T19:57:51.085837+00:00,temperature,5.038,4.0,combined,,
2026-07-29T19:57:51.085837+00:00,vibration_rms,,,combined,1.43,
2026-07-29T19:57:52.508921+00:00,temperature,5.467,4.0,combined,,
2026-07-29T19:57:53.783124+00:00,temperature,4.844,4.0,combined,,
2026-07-29T19:57:53.783124+00:00,vibration_rms,,,combined,1.137,
2026-07-29T19:57:55.206033+00:00,temperature,5.216,4.0,combined,,
2026-07-29T19:57:56.409451+00:00,temperature,5.182,4.0,combined,,
2026-07-29T19:57:56.409451+00:00,vibration_rms,,,combined,1.281,
2026-07-29T19:57:57.810123+00:00,temperature,5.774,4.0,combined,,
2026-07-29T19:57:59.042487+00:00,temperature,5.275,4.0,combined,,
2026-07-29T19:57:59.042487+00:00,vibration_rms,,,combined,1.052,
2026-07-29T19:58:00.407363+00:00,temperature,5.423,4.0,combined,,
2026-07-29T19:58:01.652074+00:00,temperature,5.234,4.0,combined,,
2026-07-29T19:58:01.652074+00:00,vibration_rms,,,combined,0.822,
2026-07-29T19:58:03.058941+00:00,temperature,5.594,4.0,combined,,
2026-07-29T19:58:04.283811+00:00,temperature,6.38,4.0,combined,,
2026-07-29T19:58:04.283811+00:00,vibration_rms,,,combined,1.086,
2026-07-29T19:58:05.714577+00:00,temperature,5.943,4.0,combined,,
2026-07-29T19:58:06.905876+00:00,temperature,5.749,4.0,combined,,
2026-07-29T19:58:06.905876+00:00,vibration_rms,,,combined,1.418,
2026-07-29T19:58:08.297962+00:00,temperature,6.084,4.0,combined,,
2026-07-29T19:58:09.509282+00:00,temperature,5.905,4.0,combined,,
2026-07-29T19:58:09.509282+00:00,vibration_rms,,,combined,0.923,
2026-07-29T19:58:10.887393+00:00,temperature,6.089,4.0,combined,,
2026-07-29T19:58:12.084003+00:00,temperature,6.852,4.0,combined,,
2026-07-29T19:58:12.084003+00:00,vibration_rms,,,combined,1.024,
2026-07-29T19:58:13.540892+00:00,temperature,6.384,4.0,combined,,
2026-07-29T19:58:14.796079+00:00,temperature,6.542,4.0,combined,,
2026-07-29T19:58:14.796079+00:00,vibration_rms,,,combined,1.119,
2026-07-29T19:58:16.229845+00:00,temperature,6.277,4.0,combined,,
2026-07-29T19:58:17.442786+00:00,temperature,7.004,4.0,combined,,
2026-07-29T19:58:17.442786+00:00,vibration_rms,,,combined,1.306,
2026-07-29T19:58:18.911680+00:00,temperature,6.931,4.0,combined,,
2026-07-29T19:58:20.132454+00:00,temperature,6.223,4.0,combined,,
2026-07-29T19:58:20.132454+00:00,vibration_rms,,,combined,1.119,
2026-07-29T19:58:21.537444+00:00,temperature,6.606,4.0,combined,,
2026-07-29T19:58:22.750932+00:00,temperature,7.107,4.0,combined,,
2026-07-29T19:58:22.750932+00:00,vibration_rms,,,combined,1.133,
2026-07-29T19:58:24.205208+00:00,temperature,6.979,4.0,combined,,
2026-07-29T19:58:25.406846+00:00,temperature,7.12,4.0,combined,,
2026-07-29T19:58:25.406846+00:00,vibration_rms,,,combined,1.226,
2026-07-29T19:58:26.815448+00:00,temperature,7.619,4.0,combined,,
2026-07-29T19:58:28.007250+00:00,temperature,7.209,4.0,combined,,
2026-07-29T19:58:28.007250+00:00,vibration_rms,,,combined,1.364,
2026-07-29T19:58:29.415331+00:00,temperature,7.238,4.0,combined,,
2026-07-29T19:58:30.627949+00:00,temperature,7.364,4.0,combined,,
2026-07-29T19:58:30.627949+00:00,vibration_rms,,,combined,1.076,
2026-07-29T19:58:32.005543+00:00,temperature,7.07,4.0,combined,,
2026-07-29T19:58:33.241197+00:00,temperature,7.853,4.0,combined,,
2026-07-29T19:58:33.241197+00:00,vibration_rms,,,combined,1.184,
2026-07-29T19:58:34.660008+00:00,temperature,7.621,4.0,combined,,
2026-07-29T19:58:35.907473+00:00,temperature,7.302,4.0,combined,,
2026-07-29T19:58:35.907473+00:00,vibration_rms,,,combined,1.191,
2026-07-29T19:58:37.305326+00:00,temperature,7.675,4.0,combined,,
2026-07-29T19:58:38.507800+00:00,temperature,8.081,4.0,combined,,
2026-07-29T19:58:38.507800+00:00,vibration_rms,,,combined,1.104,
2026-07-29T19:58:39.886282+00:00,temperature,8.068,4.0,combined,,
2026-07-29T19:58:41.086156+00:00,temperature,7.928,4.0,combined,,
2026-07-29T19:58:41.086156+00:00,vibration_rms,,,combined,1.311,
2026-07-29T19:58:41.086156+00:00,door_event,,,combined,,CLOSE
2026-07-29T19:58:42.495783+00:00,temperature,7.793,4.0,combined,,
2026-07-29T19:58:43.741589+00:00,temperature,8.39,4.0,combined,,
2026-07-29T19:58:43.741589+00:00,vibration_rms,,,combined,1.252,
2026-07-29T19:58:45.172032+00:00,temperature,8.734,4.0,combined,,
2026-07-29T19:58:46.373173+00:00,temperature,8.121,4.0,combined,,
2026-07-29T19:58:46.373173+00:00,vibration_rms,,,combined,1.103,
2026-07-29T19:58:47.746389+00:00,temperature,8.119,4.0,combined,,
2026-07-29T19:58:48.942036+00:00,temperature,7.895,4.0,combined,,
2026-07-29T19:58:48.942036+00:00,vibration_rms,,,combined,1.203,
2026-07-29T19:58:50.342824+00:00,temperature,8.242,4.0,combined,,
2026-07-29T19:58:51.530173+00:00,temperature,8.687,4.0,combined,,
2026-07-29T19:58:51.530173+00:00,vibration_rms,,,combined,1.488,
2026-07-29T19:58:52.915902+00:00,temperature,8.836,4.0,combined,,
2026-07-29T19:58:54.152758+00:00,temperature,9.223,4.0,combined,,
2026-07-29T19:58:54.152758+00:00,vibration_rms,,,combined,1.339,
2026-07-29T19:58:54.152758+00:00,door_event,,,combined,,OPEN
2026-07-29T19:58:55.612819+00:00,temperature,9.25,4.0,combined,,
2026-07-29T19:58:56.828120+00:00,temperature,9.527,4.0,combined,,
2026-07-29T19:58:56.828120+00:00,vibration_rms,,,combined,1.384,
2026-07-29T19:58:58.211944+00:00,temperature,9.075,4.0,combined,,
2026-07-29T19:58:59.453061+00:00,temperature,9.067,4.0,combined,,
2026-07-29T19:58:59.453061+00:00,vibration_rms,,,combined,1.057,
2026-07-29T19:59:00.826067+00:00,temperature,9.717,4.0,combined,,
2026-07-29T19:59:02.028843+00:00,temperature,9.072,4.0,combined,,
2026-07-29T19:59:02.028843+00:00,vibration_rms,,,combined,1.481,
2026-07-29T19:59:03.443526+00:00,temperature,8.845,4.0,combined,,
2026-07-29T19:59:04.675757+00:00,temperature,9.445,4.0,combined,,
2026-07-29T19:59:04.675757+00:00,vibration_rms,,,combined,1.025,
2026-07-29T19:59:06.098645+00:00,temperature,9.996,4.0,combined,,
2026-07-29T19:59:07.295223+00:00,temperature,9.94,4.0,combined,,
2026-07-29T19:59:07.295223+00:00,vibration_rms,,,combined,1.007,
2026-07-29T19:59:08.704271+00:00,temperature,9.644,4.0,combined,,
2026-07-29T19:59:09.923318+00:00,temperature,9.841,4.0,combined,,
2026-07-29T19:59:09.923318+00:00,vibration_rms,,,combined,0.876,
2026-07-29T19:59:11.310546+00:00,temperature,10.175,4.0,combined,,
2026-07-29T19:59:12.520625+00:00,temperature,10.282,4.0,combined,,
2026-07-29T19:59:12.520625+00:00,vibration_rms,,,combined,1.18,
2026-07-29T19:59:13.909867+00:00,temperature,10.078,4.0,combined,,
2026-07-29T19:59:15.153997+00:00,temperature,9.994,4.0,combined,,
2026-07-29T19:59:15.153997+00:00,vibration_rms,,,combined,1.3,
2026-07-29T19:59:16.612783+00:00,temperature,10.083,4.0,combined,,
2026-07-29T19:59:17.829509+00:00,temperature,10.877,4.0,combined,,
2026-07-29T19:59:17.829509+00:00,vibration_rms,,,combined,1.244,
2026-07-29T19:59:19.265923+00:00,temperature,10.382,4.0,combined,,
2026-07-29T19:59:20.465466+00:00,temperature,10.809,4.0,combined,,
2026-07-29T19:59:20.465466+00:00,vibration_rms,,,combined,0.924,
2026-07-29T19:59:21.876798+00:00,temperature,10.759,4.0,combined,,
2026-07-29T19:59:23.074548+00:00,temperature,10.395,4.0,combined,,
2026-07-29T19:59:23.074548+00:00,vibration_rms,,,combined,1.163,
2026-07-29T19:59:24.474067+00:00,temperature,10.61,4.0,combined,,
2026-07-29T19:59:25.710239+00:00,temperature,11.141,4.0,combined,,
2026-07-29T19:59:25.710239+00:00,vibration_rms,,,combined,1.113,
2026-07-29T19:59:25.710239+00:00,door_event,,,combined,,CLOSE
2026-07-29T19:59:27.130064+00:00,temperature,10.42,4.0,combined,,
2026-07-29T19:59:28.344482+00:00,temperature,10.969,4.0,combined,,
2026-07-29T19:59:28.344482+00:00,vibration_rms,,,combined,1.323,
2026-07-29T19:59:29.766169+00:00,temperature,10.993,4.0,combined,,
2026-07-29T19:59:30.988191+00:00,temperature,10.871,4.0,combined,,
2026-07-29T19:59:30.988191+00:00,vibration_rms,,,combined,1.342,
2026-07-29T19:59:32.436562+00:00,temperature,11.202,4.0,combined,,
2026-07-29T19:59:33.711190+00:00,temperature,11.325,4.0,combined,,
2026-07-29T19:59:33.711190+00:00,vibration_rms,,,combined,0.935,
2026-07-29T19:59:35.158117+00:00,temperature,11.338,4.0,combined,,
2026-07-29T19:59:36.410465+00:00,temperature,11.302,4.0,combined,,
2026-07-29T19:59:36.410465+00:00,vibration_rms,,,combined,1.146,
2026-07-29T19:59:36.410465+00:00,door_event,,,combined,,OPEN
2026-07-29T19:59:37.859500+00:00,temperature,11.281,4.0,combined,,
2026-07-29T19:59:39.081567+00:00,temperature,11.77,4.0,combined,,
2026-07-29T19:59:39.081567+00:00,vibration_rms,,,combined,1.004,
2026-07-29T19:59:40.489690+00:00,temperature,11.513,4.0,combined,,
2026-07-29T19:59:41.725734+00:00,temperature,11.809,4.0,combined,,
2026-07-29T19:59:41.725734+00:00,vibration_rms,,,combined,1.041,
2026-07-29T19:59:43.145071+00:00,temperature,11.453,4.0,combined,,
2026-07-29T19:59:44.355232+00:00,temperature,11.899,4.0,combined,,
2026-07-29T19:59:44.355232+00:00,vibration_rms,,,combined,1.743,
2026-07-29T19:59:45.800839+00:00,temperature,11.972,4.0,combined,,
2026-07-29T19:59:47.015061+00:00,temperature,11.621,4.0,combined,,
2026-07-29T19:59:47.015061+00:00,vibration_rms,,,combined,0.947,
2026-07-29T19:59:48.434256+00:00,temperature,11.951,4.0,combined,,
2026-07-29T19:59:49.612025+00:00,temperature,12.605,4.0,combined,,
2026-07-29T19:59:49.612025+00:00,vibration_rms,,,combined,1.518,
2026-07-29T19:59:50.993703+00:00,temperature,12.705,4.0,combined,,
2026-07-29T19:59:52.182876+00:00,temperature,12.522,4.0,combined,,
2026-07-29T19:59:52.182876+00:00,vibration_rms,,,combined,1.077,
2026-07-29T19:59:53.560145+00:00,temperature,12.651,4.0,combined,,
2026-07-29T19:59:54.746532+00:00,temperature,12.225,4.0,combined,,
2026-07-29T19:59:54.746532+00:00,vibration_rms,,,combined,1.34,
2026-07-29T19:59:56.162394+00:00,temperature,13.025,4.0,combined,,
2026-07-29T19:59:57.359306+00:00,temperature,12.528,4.0,combined,,
2026-07-29T19:59:57.359306+00:00,vibration_rms,,,combined,1.107,
2026-07-29T19:59:58.748930+00:00,temperature,12.523,4.0,combined,,
2026-07-29T19:59:59.949267+00:00,temperature,12.636,4.0,combined,,
2026-07-29T19:59:59.949267+00:00,vibration_rms,,,combined,1.061,
2026-07-29T20:00:01.389957+00:00,temperature,12.706,4.0,combined,,
2026-07-29T20:00:02.660076+00:00,temperature,12.848,4.0,combined,,
2026-07-29T20:00:02.660076+00:00,vibration_rms,,,combined,1.215,
2026-07-29T20:00:04.069120+00:00,temperature,12.768,4.0,combined,,
2026-07-29T20:00:05.290902+00:00,temperature,12.937,4.0,combined,,
2026-07-29T20:00:05.290902+00:00,vibration_rms,,,combined,1.396,
2026-07-29T20:00:06.684129+00:00,temperature,13.186,4.0,combined,,
2026-07-29T20:00:07.949126+00:00,temperature,13.359,4.0,combined,,
2026-07-29T20:00:07.949126+00:00,vibration_rms,,,combined,0.886,
2026-07-29T20:00:09.302564+00:00,temperature,13.254,4.0,combined,,
2026-07-29T20:00:10.516106+00:00,temperature,13.184,4.0,combined,,
2026-07-29T20:00:10.516106+00:00,vibration_rms,,,combined,1.199,
2026-07-29T20:00:11.924972+00:00,temperature,13.721,4.0,combined,,
2026-07-29T20:00:13.104465+00:00,temperature,13.637,4.0,combined,,
2026-07-29T20:00:13.104465+00:00,vibration_rms,,,combined,1.106,
2026-07-29T20:00:14.494981+00:00,temperature,14.13,4.0,combined,,
2026-07-29T20:00:15.704761+00:00,temperature,13.548,4.0,combined,,
2026-07-29T20:00:15.704761+00:00,vibration_rms,,,combined,1.446,
2026-07-29T20:00:17.123879+00:00,temperature,14.187,4.0,combined,,
2026-07-29T20:00:17.123879+00:00,door_event,,,combined,,CLOSE
2026-07-29T20:00:18.362252+00:00,temperature,14.005,4.0,combined,,
2026-07-29T20:00:18.362252+00:00,vibration_rms,,,combined,1.38,
2026-07-29T20:00:19.747380+00:00,temperature,13.828,4.0,combined,,
2026-07-29T20:00:20.961322+00:00,temperature,14.173,4.0,combined,,
2026-07-29T20:00:20.961322+00:00,vibration_rms,,,combined,1.481,
2026-07-29T20:00:22.391113+00:00,temperature,13.792,4.0,combined,,
2026-07-29T20:00:23.594030+00:00,temperature,14.768,4.0,combined,,
2026-07-29T20:00:23.594030+00:00,vibration_rms,,,combined,1.275,
2026-07-29T20:00:25.024868+00:00,temperature,14.291,4.0,combined,,
2026-07-29T20:00:26.238397+00:00,temperature,14.344,4.0,combined,,
2026-07-29T20:00:26.238397+00:00,vibration_rms,,,combined,1.072,
2026-07-29T20:00:27.690949+00:00,temperature,14.511,4.0,combined,,
2026-07-29T20:00:28.962323+00:00,temperature,15.131,4.0,combined,,
2026-07-29T20:00:28.962323+00:00,vibration_rms,,,combined,1.028,
2026-07-29T20:00:30.395253+00:00,temperature,14.581,4.0,combined,,
2026-07-29T20:00:31.616850+00:00,temperature,14.034,4.0,combined,,
2026-07-29T20:00:31.616850+00:00,vibration_rms,,,combined,1.111,
2026-07-29T20:00:31.616850+00:00,door_event,,,combined,,CLOSE
2026-07-29T20:00:33.015192+00:00,temperature,15.062,4.0,combined,,
2026-07-29T20:00:34.247078+00:00,temperature,15.627,4.0,combined,,
2026-07-29T20:00:34.247078+00:00,vibration_rms,,,combined,1.205,
2026-07-29T20:00:35.673443+00:00,temperature,14.902,4.0,combined,,
2026-07-29T20:00:36.883990+00:00,temperature,15.306,4.0,combined,,
2026-07-29T20:00:36.883990+00:00,vibration_rms,,,combined,1.272,
2026-07-29T20:00:38.314931+00:00,temperature,15.308,4.0,combined,,
2026-07-29T20:00:39.526341+00:00,temperature,15.033,4.0,combined,,
2026-07-29T20:00:39.526341+00:00,vibration_rms,,,combined,1.025,
2026-07-29T20:00:40.936835+00:00,temperature,14.95,4.0,combined,,
2026-07-29T20:00:42.129480+00:00,temperature,15.205,4.0,combined,,
2026-07-29T20:00:42.129480+00:00,vibration_rms,,,combined,1.35,
2026-07-29T20:00:43.547731+00:00,temperature,15.489,4.0,combined,,
2026-07-29T20:00:44.762154+00:00,temperature,15.4,4.0,combined,,
2026-07-29T20:00:44.762154+00:00,vibration_rms,,,combined,1.316,
2026-07-29T20:00:46.287207+00:00,temperature,15.691,4.0,combined,,
2026-07-29T20:00:47.526326+00:00,temperature,16.141,4.0,combined,,
2026-07-29T20:00:47.526326+00:00,vibration_rms,,,combined,1.246,
2026-07-29T20:00:48.936890+00:00,temperature,15.771,4.0,combined,,
2026-07-29T20:00:50.170530+00:00,temperature,15.239,4.0,combined,,
2026-07-29T20:00:50.170530+00:00,vibration_rms,,,combined,1.128,
2026-07-29T20:00:51.595373+00:00,temperature,15.873,4.0,combined,,
2026-07-29T20:00:52.829142+00:00,temperature,16.217,4.0,combined,,
2026-07-29T20:00:52.829142+00:00,vibration_rms,,,combined,1.264,
2026-07-29T20:00:52.829142+00:00,door_event,,,combined,,OPEN
2026-07-29T20:00:54.227323+00:00,temperature,16.056,4.0,combined,,
2026-07-29T20:00:55.529737+00:00,temperature,16.435,4.0,combined,,
2026-07-29T20:00:55.529737+00:00,vibration_rms,,,combined,1.098,
2026-07-29T20:00:56.951807+00:00,temperature,16.556,4.0,combined,,
2026-07-29T20:00:58.174211+00:00,temperature,16.437,4.0,combined,,
2026-07-29T20:00:58.174211+00:00,vibration_rms,,,combined,1.131,
2026-07-29T20:00:59.637297+00:00,temperature,16.499,4.0,combined,,
2026-07-29T20:01:00.829862+00:00,temperature,16.808,4.0,combined,,
2026-07-29T20:01:00.829862+00:00,vibration_rms,,,combined,1.241,
2026-07-29T20:01:02.206576+00:00,temperature,16.712,4.0,combined,,
2026-07-29T20:01:03.463287+00:00,temperature,16.838,4.0,combined,,
2026-07-29T20:01:03.463287+00:00,vibration_rms,,,combined,1.024,
2026-07-29T20:01:04.897052+00:00,temperature,16.242,4.0,combined,,
2026-07-29T20:01:06.074311+00:00,temperature,17.06,4.0,combined,,
2026-07-29T20:01:06.074311+00:00,vibration_rms,,,combined,1.291,
2026-07-29T20:01:07.483878+00:00,temperature,16.879,4.0,combined,,
2026-07-29T20:01:08.707403+00:00,temperature,17.349,4.0,combined,,
2026-07-29T20:01:08.707403+00:00,vibration_rms,,,combined,0.993,
2026-07-29T20:01:10.104794+00:00,temperature,17.026,4.0,combined,,
2026-07-29T20:01:11.307149+00:00,temperature,17.041,4.0,combined,,
2026-07-29T20:01:11.307149+00:00,vibration_rms,,,combined,1.359,
2026-07-29T20:01:12.715599+00:00,temperature,17.206,4.0,combined,,
2026-07-29T20:01:13.930307+00:00,temperature,17.083,4.0,combined,,
2026-07-29T20:01:13.930307+00:00,vibration_rms,,,combined,0.959,
2026-07-29T20:01:15.317302+00:00,temperature,17.53,4.0,combined,,
2026-07-29T20:01:16.552674+00:00,temperature,17.549,4.0,combined,,
2026-07-29T20:01:16.552674+00:00,vibration_rms,,,combined,1.161,
2026-07-29T20:01:17.950505+00:00,temperature,17.484,4.0,combined,,
2026-07-29T20:01:19.163806+00:00,temperature,17.633,4.0,combined,,
2026-07-29T20:01:19.163806+00:00,vibration_rms,,,combined,1.231,
2026-07-29T20:01:20.560774+00:00,temperature,17.964,4.0,combined,,
2026-07-29T20:01:21.773139+00:00,temperature,18.653,4.0,combined,,
2026-07-29T20:01:21.773139+00:00,vibration_rms,,,combined,1.09,
2026-07-29T20:01:23.231225+00:00,temperature,18.12,4.0,combined,,
2026-07-29T20:01:24.419471+00:00,temperature,18.213,4.0,combined,,
2026-07-29T20:01:24.419471+00:00,vibration_rms,,,combined,1.12,
2026-07-29T20:01:25.820486+00:00,temperature,18.238,4.0,combined,,
2026-07-29T20:01:25.820486+00:00,door_event,,,combined,,OPEN
2026-07-29T20:01:27.018412+00:00,temperature,18.635,4.0,combined,,
2026-07-29T20:01:27.018412+00:00,vibration_rms,,,combined,1.138,
2026-07-29T20:01:28.499601+00:00,temperature,18.299,4.0,combined,,
2026-07-29T20:01:29.687099+00:00,temperature,18.219,4.0,combined,,
2026-07-29T20:01:29.687099+00:00,vibration_rms,,,combined,1.312,
2026-07-29T20:01:31.053476+00:00,temperature,17.92,4.0,combined,,
2026-07-29T20:01:32.286501+00:00,temperature,18.439,4.0,combined,,
2026-07-29T20:01:32.286501+00:00,vibration_rms,,,combined,1.174,
2026-07-29T20:01:33.684157+00:00,temperature,18.553,4.0,combined,,
2026-07-29T20:01:34.896321+00:00,temperature,18.805,4.0,combined,,
2026-07-29T20:01:34.896321+00:00,vibration_rms,,,combined,1.16,
2026-07-29T20:01:36.296360+00:00,temperature,18.964,4.0,combined,,
2026-07-29T20:01:37.519382+00:00,temperature,18.993,4.0,combined,,
2026-07-29T20:01:37.519382+00:00,vibration_rms,,,combined,1.192,
2026-07-29T20:01:38.961928+00:00,temperature,18.831,4.0,combined,,
2026-07-29T20:01:40.231687+00:00,temperature,18.696,4.0,combined,,
2026-07-29T20:01:40.231687+00:00,vibration_rms,,,combined,1.616,
2026-07-29T20:01:41.690478+00:00,temperature,19.336,4.0,combined,,
2026-07-29T20:01:42.896286+00:00,temperature,18.832,4.0,combined,,
2026-07-29T20:01:42.896286+00:00,vibration_rms,,,combined,0.998,
2026-07-29T20:01:44.286223+00:00,temperature,19.32,4.0,combined,,
2026-07-29T20:01:45.499612+00:00,temperature,19.244,4.0,combined,,
2026-07-29T20:01:45.499612+00:00,vibration_rms,,,combined,1.161,
2026-07-29T20:01:46.878990+00:00,temperature,19.706,4.0,combined,,
2026-07-29T20:01:48.112861+00:00,temperature,19.706,4.0,combined,,
2026-07-29T20:01:48.112861+00:00,vibration_rms,,,combined,1.119,
2026-07-29T20:01:49.565559+00:00,temperature,19.724,4.0,combined,,
2026-07-29T20:01:50.788098+00:00,temperature,19.673,4.0,combined,,
2026-07-29T20:01:50.788098+00:00,vibration_rms,,,combined,0.97,
2026-07-29T20:01:52.217847+00:00,temperature,19.672,4.0,combined,,
2026-07-29T20:01:53.473459+00:00,temperature,20.0,4.0,combined,,
2026-07-29T20:01:53.473459+00:00,vibration_rms,,,combined,1.458,
2026-07-29T20:01:54.921468+00:00,temperature,19.88,4.0,combined,,
2026-07-29T20:01:56.132710+00:00,temperature,19.897,4.0,combined,,
2026-07-29T20:01:56.132710+00:00,vibration_rms,,,combined,1.09,
2026-07-29T20:01:57.546585+00:00,temperature,19.646,4.0,combined,,
2026-07-29T20:01:58.766140+00:00,temperature,19.954,4.0,combined,,
2026-07-29T20:01:58.766140+00:00,vibration_rms,,,combined,1.285,
2026-07-29T20:02:00.137111+00:00,temperature,20.268,4.0,combined,,
2026-07-29T20:02:01.364020+00:00,temperature,20.015,4.0,combined,,
2026-07-29T20:02:01.364020+00:00,vibration_rms,,,combined,1.22,
2026-07-29T20:02:01.364020+00:00,door_event,,,combined,,CLOSE
2026-07-29T20:02:02.735468+00:00,temperature,20.546,4.0,combined,,
2026-07-29T20:02:03.955099+00:00,temperature,20.793,4.0,combined,,
2026-07-29T20:02:03.955099+00:00,vibration_rms,,,combined,1.245,
2026-07-29T20:02:05.407756+00:00,temperature,20.916,4.0,combined,,
2026-07-29T20:02:06.633645+00:00,temperature,20.644,4.0,combined,,
2026-07-29T20:02:06.633645+00:00,vibration_rms,,,combined,0.971,
2026-07-29T20:02:08.008734+00:00,temperature,21.101,4.0,combined,,
2026-07-29T20:02:09.266222+00:00,temperature,20.751,4.0,combined,,
2026-07-29T20:02:09.266222+00:00,vibration_rms,,,combined,1.242,
2026-07-29T20:02:09.266222+00:00,door_event,,,combined,,OPEN
2026-07-29T20:02:10.697854+00:00,temperature,20.743,4.0,combined,,
2026-07-29T20:02:10.697854+00:00,door_event,,,combined,,OPEN
2026-07-29T20:02:11.912730+00:00,temperature,20.416,4.0,combined,,
2026-07-29T20:02:11.912730+00:00,vibration_rms,,,combined,1.321,
2026-07-29T20:02:13.308710+00:00,temperature,20.869,4.0,combined,,
2026-07-29T20:02:14.510965+00:00,temperature,20.855,4.0,combined,,
2026-07-29T20:02:14.510965+00:00,vibration_rms,,,combined,0.869,
2026-07-29T20:02:15.922044+00:00,temperature,20.883,4.0,combined,,
2026-07-29T20:02:17.144184+00:00,temperature,21.72,4.0,combined,,
2026-07-29T20:02:17.144184+00:00,vibration_rms,,,combined,0.978,
2026-07-29T20:02:18.586128+00:00,temperature,21.501,4.0,combined,,
2026-07-29T20:02:18.586128+00:00,door_event,,,combined,,CLOSE
2026-07-29T20:02:19.824088+00:00,temperature,21.448,4.0,combined,,
2026-07-29T20:02:19.824088+00:00,vibration_rms,,,combined,1.06,
2026-07-29T20:02:21.231275+00:00,temperature,21.696,4.0,combined,,
2026-07-29T20:02:22.444681+00:00,temperature,21.534,4.0,combined,,
2026-07-29T20:02:22.444681+00:00,vibration_rms,,,combined,1.383,
2026-07-29T20:02:23.800530+00:00,temperature,21.975,4.0,combined,,
2026-07-29T20:02:24.989086+00:00,temperature,21.16,4.0,combined,,
2026-07-29T20:02:24.989086+00:00,vibration_rms,,,combined,1.119,
2026-07-29T20:02:26.414020+00:00,temperature,21.686,4.0,combined,,
2026-07-29T20:02:27.634668+00:00,temperature,21.696,4.0,combined,,
2026-07-29T20:02:27.634668+00:00,vibration_rms,,,combined,1.175,
2026-07-29T20:02:29.002047+00:00,temperature,21.944,4.0,combined,,
2026-07-29T20:02:30.222515+00:00,temperature,22.424,4.0,combined,,
2026-07-29T20:02:30.222515+00:00,vibration_rms,,,combined,1.189,
2026-07-29T20:02:31.672652+00:00,temperature,22.429,4.0,combined,,
2026-07-29T20:02:32.946575+00:00,temperature,22.011,4.0,combined,,
2026-07-29T20:02:32.946575+00:00,vibration_rms,,,combined,1.104,
2026-07-29T20:02:34.367668+00:00,temperature,22.482,4.0,combined,,
2026-07-29T20:02:35.556083+00:00,temperature,22.327,4.0,combined,,
2026-07-29T20:02:35.556083+00:00,vibration_rms,,,combined,1.14,
2026-07-29T20:02:36.976047+00:00,temperature,22.312,4.0,combined,,
2026-07-29T20:02:36.976047+00:00,door_event,,,combined,,OPEN
2026-07-29T20:02:38.191418+00:00,temperature,22.492,4.0,combined,,
2026-07-29T20:02:38.191418+00:00,vibration_rms,,,combined,1.158,
2026-07-29T20:02:39.623139+00:00,temperature,22.721,4.0,combined,,
2026-07-29T20:02:40.818019+00:00,temperature,22.432,4.0,combined,,
2026-07-29T20:02:40.818019+00:00,vibration_rms,,,combined,1.253,
2026-07-29T20:02:42.223095+00:00,temperature,22.605,4.0,combined,,
2026-07-29T20:02:43.468398+00:00,temperature,23.048,4.0,combined,,
2026-07-29T20:02:43.468398+00:00,vibration_rms,,,combined,1.177,
2026-07-29T20:02:44.865190+00:00,temperature,22.677,4.0,combined,,
2026-07-29T20:02:46.057284+00:00,temperature,22.742,4.0,combined,,
2026-07-29T20:02:46.057284+00:00,vibration_rms,,,combined,1.332,
2026-07-29T20:02:47.482181+00:00,temperature,22.699,4.0,combined,,
2026-07-29T20:02:48.679620+00:00,temperature,22.966,4.0,combined,,
2026-07-29T20:02:48.679620+00:00,vibration_rms,,,combined,1.072,
2026-07-29T20:02:50.100359+00:00,temperature,22.992,4.0,combined,,
2026-07-29T20:02:51.324226+00:00,temperature,23.256,4.0,combined,,
2026-07-29T20:02:51.324226+00:00,vibration_rms,,,combined,0.993,
2026-07-29T20:02:52.747690+00:00,temperature,23.176,4.0,combined,,
2026-07-29T20:02:53.991415+00:00,temperature,23.318,4.0,combined,,
2026-07-29T20:02:53.991415+00:00,vibration_rms,,,combined,1.116,
2026-07-29T20:02:55.410210+00:00,temperature,23.658,4.0,combined,,
2026-07-29T20:02:56.643498+00:00,temperature,23.55,4.0,combined,,
2026-07-29T20:02:56.643498+00:00,vibration_rms,,,combined,1.003,
2026-07-29T20:02:58.073258+00:00,temperature,23.677,4.0,combined,,
2026-07-29T20:02:59.288825+00:00,temperature,23.739,4.0,combined,,
2026-07-29T20:02:59.288825+00:00,vibration_rms,,,combined,1.334,
2026-07-29T20:03:00.735870+00:00,temperature,23.171,4.0,combined,,
2026-07-29T20:03:01.977329+00:00,temperature,23.877,4.0,combined,,
2026-07-29T20:03:01.977329+00:00,vibration_rms,,,combined,1.302,
2026-07-29T20:03:03.414081+00:00,temperature,23.867,4.0,combined,,
2026-07-29T20:03:04.635818+00:00,temperature,24.352,4.0,combined,,
2026-07-29T20:03:04.635818+00:00,vibration_rms,,,combined,1.298,
2026-07-29T20:03:06.066882+00:00,temperature,23.952,4.0,combined,,
2026-07-29T20:03:07.314654+00:00,temperature,24.565,4.0,combined,,
2026-07-29T20:03:07.314654+00:00,vibration_rms,,,combined,1.289,
2026-07-29T20:03:08.714208+00:00,temperature,24.489,4.0,combined,,
2026-07-29T20:03:09.947468+00:00,temperature,24.507,4.0,combined,,
2026-07-29T20:03:09.947468+00:00,vibration_rms,,,combined,1.233,
2026-07-29T20:03:11.355417+00:00,temperature,24.826,4.0,combined,,
2026-07-29T20:03:12.591917+00:00,temperature,24.297,4.0,combined,,
2026-07-29T20:03:12.591917+00:00,vibration_rms,,,combined,1.228,
2026-07-29T20:03:14.014396+00:00,temperature,24.726,4.0,combined,,
2026-07-29T20:03:15.236499+00:00,temperature,23.877,4.0,combined,,
2026-07-29T20:03:15.236499+00:00,vibration_rms,,,combined,1.057,
2026-07-29T20:03:16.657910+00:00,temperature,24.621,4.0,combined,,
2026-07-29T20:03:17.892262+00:00,temperature,25.052,4.0,combined,,
2026-07-29T20:03:17.892262+00:00,vibration_rms,,,combined,0.89,
2026-07-29T20:03:19.348052+00:00,temperature,25.143,4.0,combined,,
2026-07-29T20:03:20.570897+00:00,temperature,25.069,4.0,combined,,
2026-07-29T20:03:20.570897+00:00,vibration_rms,,,combined,1.072,
2026-07-29T20:03:20.570897+00:00,door_event,,,combined,,CLOSE
2026-07-29T20:03:21.957576+00:00,temperature,24.649,4.0,combined,,
2026-07-29T20:03:23.189607+00:00,temperature,25.339,4.0,combined,,
2026-07-29T20:03:23.189607+00:00,vibration_rms,,,combined,1.008,
2026-07-29T20:03:24.649041+00:00,temperature,25.605,4.0,combined,,
2026-07-29T20:03:25.859023+00:00,temperature,25.278,4.0,combined,,
2026-07-29T20:03:25.859023+00:00,vibration_rms,,,combined,1.165,
2026-07-29T20:03:27.303718+00:00,temperature,24.691,4.0,combined,,
2026-07-29T20:03:28.537417+00:00,temperature,25.447,4.0,combined,,
2026-07-29T20:03:28.537417+00:00,vibration_rms,,,combined,1.095,
2026-07-29T20:03:29.968140+00:00,temperature,24.689,4.0,combined,,
2026-07-29T20:03:31.182040+00:00,temperature,25.441,4.0,combined,,
2026-07-29T20:03:31.182040+00:00,vibration_rms,,,combined,1.283,
2026-07-29T20:03:31.182040+00:00,door_event,,,combined,,CLOSE
2026-07-29T20:03:32.691426+00:00,temperature,25.56,4.0,combined,,
2026-07-29T20:03:32.691426+00:00,door_event,,,combined,,CLOSE
2026-07-29T20:03:33.915927+00:00,temperature,25.793,4.0,combined,,
2026-07-29T20:03:33.915927+00:00,vibration_rms,,,combined,1.268,
2026-07-29T20:03:35.345354+00:00,temperature,25.932,4.0,combined,,
2026-07-29T20:03:36.559325+00:00,temperature,25.549,4.0,combined,,
2026-07-29T20:03:36.559325+00:00,vibration_rms,,,combined,1.197,
2026-07-29T20:03:38.015324+00:00,temperature,25.773,4.0,combined,,
2026-07-29T20:03:39.293619+00:00,temperature,26.28,4.0,combined,,
2026-07-29T20:03:39.293619+00:00,vibration_rms,,,combined,1.504,
2026-07-29T20:03:40.704894+00:00,temperature,26.195,4.0,combined,,
2026-07-29T20:03:41.938329+00:00,temperature,26.174,4.0,combined,,
2026-07-29T20:03:41.938329+00:00,vibration_rms,,,combined,1.157,
2026-07-29T20:03:43.349679+00:00,temperature,26.624,4.0,combined,,
2026-07-29T20:03:44.577716+00:00,temperature,26.093,4.0,combined,,
2026-07-29T20:03:44.577716+00:00,vibration_rms,,,combined,1.262,
2026-07-29T20:03:45.990688+00:00,temperature,26.635,4.0,combined,,
2026-07-29T20:03:47.204353+00:00,temperature,26.261,4.0,combined,,
2026-07-29T20:03:47.204353+00:00,vibration_rms,,,combined,0.969,
2026-07-29T20:03:48.691928+00:00,temperature,26.443,4.0,combined,,
2026-07-29T20:03:49.927801+00:00,temperature,26.645,4.0,combined,,
2026-07-29T20:03:49.927801+00:00,vibration_rms,,,combined,1.141,
2026-07-29T20:03:51.369207+00:00,temperature,26.97,4.0,combined,,
2026-07-29T20:03:52.592055+00:00,temperature,26.79,4.0,combined,,
2026-07-29T20:03:52.592055+00:00,vibration_rms,,,combined,1.191,
2026-07-29T20:03:53.980795+00:00,temperature,27.311,4.0,combined,,
2026-07-29T20:03:55.193725+00:00,temperature,26.867,4.0,combined,,
2026-07-29T20:03:55.193725+00:00,vibration_rms,,,combined,1.116,
2026-07-29T20:03:56.584563+00:00,temperature,27.521,4.0,combined,,
2026-07-29T20:03:57.816530+00:00,temperature,26.795,4.0,combined,,
2026-07-29T20:03:57.816530+00:00,vibration_rms,,,combined,1.418,
2026-07-29T20:03:59.294453+00:00,temperature,27.468,4.0,combined,,
2026-07-29T20:04:00.572448+00:00,temperature,27.665,4.0,combined,,
2026-07-29T20:04:00.572448+00:00,vibration_rms,,,combined,1.332,
2026-07-29T20:04:02.005228+00:00,temperature,27.674,4.0,combined,,
2026-07-29T20:04:03.247143+00:00,temperature,27.264,4.0,combined,,
2026-07-29T20:04:03.247143+00:00,vibration_rms,,,combined,1.075,
2026-07-29T20:04:04.692179+00:00,temperature,27.643,4.0,combined,,
2026-07-29T20:04:05.902767+00:00,temperature,27.684,4.0,combined,,
2026-07-29T20:04:05.902767+00:00,vibration_rms,,,combined,1.383,
2026-07-29T20:04:05.902767+00:00,door_event,,,combined,,OPEN
2026-07-29T20:04:07.303969+00:00,temperature,27.895,4.0,combined,,
2026-07-29T20:04:08.547072+00:00,temperature,27.838,4.0,combined,,
2026-07-29T20:04:08.547072+00:00,vibration_rms,,,combined,1.151,
2026-07-29T20:04:09.983681+00:00,temperature,27.724,4.0,combined,,
2026-07-29T20:04:11.184846+00:00,temperature,28.661,4.0,combined,,
2026-07-29T20:04:11.184846+00:00,vibration_rms,,,combined,1.217,
2026-07-29T20:04:12.622674+00:00,temperature,28.082,4.0,combined,,
2026-07-29T20:04:13.827994+00:00,temperature,28.049,4.0,combined,,
2026-07-29T20:04:13.827994+00:00,vibration_rms,,,combined,1.272,
2026-07-29T20:04:15.236649+00:00,temperature,28.49,4.0,combined,,
2026-07-29T20:04:15.236649+00:00,door_event,,,combined,,OPEN
2026-07-29T20:04:16.441198+00:00,temperature,27.969,4.0,combined,,
2026-07-29T20:04:16.441198+00:00,vibration_rms,,,combined,1.21,
2026-07-29T20:04:17.844275+00:00,temperature,28.553,4.0,combined,,
2026-07-29T20:04:19.095640+00:00,temperature,28.224,4.0,combined,,
2026-07-29T20:04:19.095640+00:00,vibration_rms,,,combined,1.147,
2026-07-29T20:04:20.481585+00:00,temperature,28.595,4.0,combined,,
2026-07-29T20:04:21.684800+00:00,temperature,28.607,4.0,combined,,
2026-07-29T20:04:21.684800+00:00,vibration_rms,,,combined,1.166,
2026-07-29T20:04:23.150770+00:00,temperature,28.685,4.0,combined,,
2026-07-29T20:04:24.403824+00:00,temperature,28.732,4.0,combined,,
2026-07-29T20:04:24.403824+00:00,vibration_rms,,,combined,1.085,
2026-07-29T20:04:25.795885+00:00,temperature,29.221,4.0,combined,,
2026-07-29T20:04:26.996223+00:00,temperature,29.275,4.0,combined,,
2026-07-29T20:04:26.996223+00:00,vibration_rms,,,combined,1.141,
2026-07-29T20:04:28.394963+00:00,temperature,28.994,4.0,combined,,
2026-07-29T20:04:29.637646+00:00,temperature,29.323,4.0,combined,,
2026-07-29T20:04:29.637646+00:00,vibration_rms,,,combined,1.298,
2026-07-29T20:04:31.097120+00:00,temperature,29.516,4.0,combined,,
2026-07-29T20:04:32.319276+00:00,temperature,29.178,4.0,combined,,
2026-07-29T20:04:32.319276+00:00,vibration_rms,,,combined,1.365,
2026-07-29T20:04:33.737923+00:00,temperature,29.302,4.0,combined,,
2026-07-29T20:04:34.962416+00:00,temperature,29.605,4.0,combined,,
2026-07-29T20:04:34.962416+00:00,vibration_rms,,,combined,1.008,
2026-07-29T20:04:36.393593+00:00,temperature,29.257,4.0,combined,,
2026-07-29T20:04:37.618300+00:00,temperature,29.772,4.0,combined,,
2026-07-29T20:04:37.618300+00:00,vibration_rms,,,combined,1.203,
2026-07-29T20:04:39.048455+00:00,temperature,29.346,4.0,combined,,
2026-07-29T20:04:40.261107+00:00,temperature,29.612,4.0,combined,,
2026-07-29T20:04:40.261107+00:00,vibration_rms,,,combined,1.139,
2026-07-29T20:04:41.664471+00:00,temperature,29.534,4.0,combined,,
2026-07-29T20:04:42.875079+00:00,temperature,29.82,4.0,combined,,
2026-07-29T20:04:42.875079+00:00,vibration_rms,,,combined,1.203,
2026-07-29T20:04:44.259986+00:00,temperature,30.804,4.0,combined,,
2026-07-29T20:04:45.496996+00:00,temperature,30.489,4.0,combined,,
2026-07-29T20:04:45.496996+00:00,vibration_rms,,,combined,1.167,
2026-07-29T20:04:46.882894+00:00,temperature,30.308,4.0,combined,,
2026-07-29T20:04:48.109429+00:00,temperature,30.558,4.0,combined,,
2026-07-29T20:04:48.109429+00:00,vibration_rms,,,combined,1.309,
2026-07-29T20:04:49.505468+00:00,temperature,30.427,4.0,combined,,
2026-07-29T20:04:50.749871+00:00,temperature,30.763,4.0,combined,,
2026-07-29T20:04:50.749871+00:00,vibration_rms,,,combined,1.102,
2026-07-29T20:04:52.122069+00:00,temperature,30.785,4.0,combined,,
2026-07-29T20:04:53.353224+00:00,temperature,31.31,4.0,combined,,
2026-07-29T20:04:53.353224+00:00,vibration_rms,,,combined,1.152,
2026-07-29T20:04:53.353224+00:00,door_event,,,combined,,CLOSE
2026-07-29T20:04:54.752258+00:00,temperature,31.237,4.0,combined,,
2026-07-29T20:04:56.008548+00:00,temperature,30.826,4.0,combined,,
2026-07-29T20:04:56.008548+00:00,vibration_rms,,,combined,1.106,
2026-07-29T20:04:57.442106+00:00,temperature,30.501,4.0,combined,,
2026-07-29T20:04:58.662095+00:00,temperature,30.932,4.0,combined,,
2026-07-29T20:04:58.662095+00:00,vibration_rms,,,combined,1.326,
2026-07-29T20:05:00.109062+00:00,temperature,31.224,4.0,combined,,
2026-07-29T20:05:01.318439+00:00,temperature,31.038,4.0,combined,,
2026-07-29T20:05:01.318439+00:00,vibration_rms,,,combined,1.05,
2026-07-29T20:05:02.709761+00:00,temperature,31.169,4.0,combined,,
2026-07-29T20:05:03.951436+00:00,temperature,31.366,4.0,combined,,
2026-07-29T20:05:03.951436+00:00,vibration_rms,,,combined,1.113,
2026-07-29T20:05:05.361860+00:00,temperature,31.386,4.0,combined,,
2026-07-29T20:05:06.580987+00:00,temperature,31.422,4.0,combined,,
2026-07-29T20:05:06.580987+00:00,vibration_rms,,,combined,1.308,
2026-07-29T20:05:08.159344+00:00,temperature,31.022,4.0,combined,,
2026-07-29T20:05:09.418253+00:00,temperature,31.294,4.0,combined,,
2026-07-29T20:05:09.418253+00:00,vibration_rms,,,combined,1.237,
2026-07-29T20:05:10.928808+00:00,temperature,31.356,4.0,combined,,
2026-07-29T20:05:12.184655+00:00,temperature,31.553,4.0,combined,,
2026-07-29T20:05:12.184655+00:00,vibration_rms,,,combined,1.101,
2026-07-29T20:05:13.965529+00:00,temperature,32.092,4.0,combined,,
2026-07-29T20:05:15.326048+00:00,temperature,32.196,4.0,combined,,
2026-07-29T20:05:15.326048+00:00,vibration_rms,,,combined,0.928,
2026-07-29T20:05:16.996461+00:00,temperature,31.889,4.0,combined,,
2026-07-29T20:05:18.356121+00:00,temperature,31.991,4.0,combined,,
2026-07-29T20:05:18.356121+00:00,vibration_rms,,,combined,0.904,
2026-07-29T20:05:19.818253+00:00,temperature,32.611,4.0,combined,,
2026-07-29T20:05:21.284866+00:00,temperature,32.086,4.0,combined,,
2026-07-29T20:05:21.284866+00:00,vibration_rms,,,combined,1.2,
2026-07-29T20:05:23.351802+00:00,temperature,32.463,4.0,combined,,
2026-07-29T20:05:23.351802+00:00,door_event,,,combined,,CLOSE
2026-07-29T20:05:24.852081+00:00,temperature,32.242,4.0,combined,,
2026-07-29T20:05:24.852081+00:00,vibration_rms,,,combined,1.094,
2026-07-29T20:05:26.243364+00:00,temperature,32.902,4.0,combined,,
2026-07-29T20:05:27.456424+00:00,temperature,32.984,4.0,combined,,
2026-07-29T20:05:27.456424+00:00,vibration_rms,,,combined,1.201,
2026-07-29T20:05:28.899182+00:00,temperature,32.916,4.0,combined,,
2026-07-29T20:05:30.097192+00:00,temperature,32.855,4.0,combined,,
2026-07-29T20:05:30.097192+00:00,vibration_rms,,,combined,1.279,
2026-07-29T20:05:31.477508+00:00,temperature,32.73,4.0,combined,,
2026-07-29T20:05:32.673903+00:00,temperature,33.092,4.0,combined,,
2026-07-29T20:05:32.673903+00:00,vibration_rms,,,combined,1.218,
2026-07-29T20:05:34.155757+00:00,temperature,32.594,4.0,combined,,
2026-07-29T20:05:35.329457+00:00,temperature,32.854,4.0,combined,,
2026-07-29T20:05:35.329457+00:00,vibration_rms,,,combined,1.125,
2026-07-29T20:05:36.766283+00:00,temperature,32.937,4.0,combined,,
2026-07-29T20:05:37.983604+00:00,temperature,33.045,4.0,combined,,
2026-07-29T20:05:37.983604+00:00,vibration_rms,,,combined,1.223,
2026-07-29T20:05:39.376972+00:00,temperature,32.795,4.0,combined,,
2026-07-29T20:05:40.597520+00:00,temperature,33.266,4.0,combined,,
2026-07-29T20:05:40.597520+00:00,vibration_rms,,,combined,1.187,
2026-07-29T20:05:42.033335+00:00,temperature,33.556,4.0,combined,,
2026-07-29T20:05:43.241179+00:00,temperature,33.359,4.0,combined,,
2026-07-29T20:05:43.241179+00:00,vibration_rms,,,combined,1.014,
2026-07-29T20:05:44.610150+00:00,temperature,33.753,4.0,combined,,
2026-07-29T20:05:44.610150+00:00,door_event,,,combined,,CLOSE
2026-07-29T20:05:45.823659+00:00,temperature,34.103,4.0,combined,,
2026-07-29T20:05:45.823659+00:00,vibration_rms,,,combined,1.347,
2026-07-29T20:05:47.242888+00:00,temperature,33.618,4.0,combined,,
2026-07-29T20:05:48.434169+00:00,temperature,34.026,4.0,combined,,
2026-07-29T20:05:48.434169+00:00,vibration_rms,,,combined,1.358,
2026-07-29T20:05:49.857991+00:00,temperature,34.376,4.0,combined,,
2026-07-29T20:05:51.077993+00:00,temperature,33.675,4.0,combined,,
2026-07-29T20:05:51.077993+00:00,vibration_rms,,,combined,1.134,
2026-07-29T20:05:52.466768+00:00,temperature,34.254,4.0,combined,,
2026-07-29T20:05:53.678231+00:00,temperature,33.91,4.0,combined,,
2026-07-29T20:05:53.678231+00:00,vibration_rms,,,combined,1.248,
2026-07-29T20:05:55.087749+00:00,temperature,34.138,4.0,combined,,
2026-07-29T20:05:56.277957+00:00,temperature,34.478,4.0,combined,,
2026-07-29T20:05:56.277957+00:00,vibration_rms,,,combined,1.249,
2026-07-29T20:05:57.670097+00:00,temperature,34.318,4.0,combined,,
2026-07-29T20:05:58.908664+00:00,temperature,34.479,4.0,combined,,
2026-07-29T20:05:58.908664+00:00,vibration_rms,,,combined,1.518,
2026-07-29T20:06:00.297606+00:00,temperature,34.64,4.0,combined,,
2026-07-29T20:06:01.533664+00:00,temperature,35.036,4.0,combined,,
2026-07-29T20:06:01.533664+00:00,vibration_rms,,,combined,1.133,
2026-07-29T20:06:02.968486+00:00,temperature,35.247,4.0,combined,,
2026-07-29T20:06:04.177955+00:00,temperature,35.276,4.0,combined,,
2026-07-29T20:06:04.177955+00:00,vibration_rms,,,combined,1.153,
2026-07-29T20:06:05.581231+00:00,temperature,35.147,4.0,combined,,
2026-07-29T20:06:06.843660+00:00,temperature,35.039,4.0,combined,,
2026-07-29T20:06:06.843660+00:00,vibration_rms,,,combined,1.208,
2026-07-29T20:06:08.245750+00:00,temperature,34.811,4.0,combined,,
2026-07-29T20:06:09.456159+00:00,temperature,34.843,4.0,combined,,
2026-07-29T20:06:09.456159+00:00,vibration_rms,,,combined,1.104,
2026-07-29T20:06:10.898470+00:00,temperature,35.253,4.0,combined,,
2026-07-29T20:06:12.113088+00:00,temperature,35.148,4.0,combined,,
2026-07-29T20:06:12.113088+00:00,vibration_rms,,,combined,0.949,
2026-07-29T20:06:13.502687+00:00,temperature,35.36,4.0,combined,,
2026-07-29T20:06:14.723069+00:00,temperature,35.312,4.0,combined,,
2026-07-29T20:06:14.723069+00:00,vibration_rms,,,combined,1.249,
2026-07-29T20:06:16.153594+00:00,temperature,35.735,4.0,combined,,
2026-07-29T20:06:17.364010+00:00,temperature,35.14,4.0,combined,,
2026-07-29T20:06:17.364010+00:00,vibration_rms,,,combined,1.29,
2026-07-29T20:06:18.737436+00:00,temperature,35.292,4.0,combined,,
2026-07-29T20:06:19.968831+00:00,temperature,35.496,4.0,combined,,
2026-07-29T20:06:19.968831+00:00,vibration_rms,,,combined,1.344,
2026-07-29T20:06:21.424503+00:00,temperature,35.667,4.0,combined,,
2026-07-29T20:06:22.646142+00:00,temperature,35.806,4.0,combined,,
2026-07-29T20:06:22.646142+00:00,vibration_rms,,,combined,0.965,
2026-07-29T20:06:24.023955+00:00,temperature,36.081,4.0,combined,,
2026-07-29T20:06:25.224056+00:00,temperature,35.968,4.0,combined,,
2026-07-29T20:06:25.224056+00:00,vibration_rms,,,combined,1.214,
2026-07-29T20:06:26.702019+00:00,temperature,36.168,4.0,combined,,
2026-07-29T20:06:27.921108+00:00,temperature,36.279,4.0,combined,,
2026-07-29T20:06:27.921108+00:00,vibration_rms,,,combined,1.528,
2026-07-29T20:06:29.302015+00:00,temperature,36.552,4.0,combined,,
2026-07-29T20:06:30.513159+00:00,temperature,36.8,4.0,combined,,
2026-07-29T20:06:30.513159+00:00,vibration_rms,,,combined,1.063,
2026-07-29T20:06:31.934059+00:00,temperature,36.495,4.0,combined,,
2026-07-29T20:06:33.146788+00:00,temperature,36.493,4.0,combined,,
2026-07-29T20:06:33.146788+00:00,vibration_rms,,,combined,1.228,
2026-07-29T20:06:34.555572+00:00,temperature,36.975,4.0,combined,,
2026-07-29T20:06:35.802449+00:00,temperature,36.545,4.0,combined,,
2026-07-29T20:06:35.802449+00:00,vibration_rms,,,combined,1.356,
2026-07-29T20:06:37.236504+00:00,temperature,37.107,4.0,combined,,
2026-07-29T20:06:38.444068+00:00,temperature,36.985,4.0,combined,,
2026-07-29T20:06:38.444068+00:00,vibration_rms,,,combined,1.029,
2026-07-29T20:06:39.814546+00:00,temperature,36.824,4.0,combined,,
2026-07-29T20:06:41.021846+00:00,temperature,37.324,4.0,combined,,
2026-07-29T20:06:41.021846+00:00,vibration_rms,,,combined,0.962,
2026-07-29T20:06:42.455598+00:00,temperature,37.361,4.0,combined,,
2026-07-29T20:06:43.688963+00:00,temperature,37.188,4.0,combined,,
2026-07-29T20:06:43.688963+00:00,vibration_rms,,,combined,1.311,
2026-07-29T20:06:45.066846+00:00,temperature,37.164,4.0,combined,,
2026-07-29T20:06:46.280962+00:00,temperature,37.636,4.0,combined,,
2026-07-29T20:06:46.280962+00:00,vibration_rms,,,combined,0.856,
2026-07-29T20:06:47.711377+00:00,temperature,37.835,4.0,combined,,
2026-07-29T20:06:48.912475+00:00,temperature,37.603,4.0,combined,,
2026-07-29T20:06:48.912475+00:00,vibration_rms,,,combined,1.069,
2026-07-29T20:06:50.380995+00:00,temperature,37.566,4.0,combined,,
2026-07-29T20:06:51.581198+00:00,temperature,37.358,4.0,combined,,
2026-07-29T20:06:51.581198+00:00,vibration_rms,,,combined,0.942,
2026-07-29T20:06:52.980545+00:00,temperature,37.252,4.0,combined,,
2026-07-29T20:06:54.180746+00:00,temperature,38.229,4.0,combined,,
2026-07-29T20:06:54.180746+00:00,vibration_rms,,,combined,1.263,
2026-07-29T20:06:54.180746+00:00,door_event,,,combined,,OPEN
2026-07-29T20:06:55.562055+00:00,temperature,38.054,4.0,combined,,
2026-07-29T20:06:56.770544+00:00,temperature,37.993,4.0,combined,,
2026-07-29T20:06:56.770544+00:00,vibration_rms,,,combined,1.162,
2026-07-29T20:06:58.178991+00:00,temperature,37.987,4.0,combined,,
2026-07-29T20:06:59.378314+00:00,temperature,38.637,4.0,combined,,
2026-07-29T20:06:59.378314+00:00,vibration_rms,,,combined,1.424,
2026-07-29T20:07:00.751289+00:00,temperature,38.327,4.0,combined,,
2026-07-29T20:07:01.945374+00:00,temperature,38.039,4.0,combined,,
2026-07-29T20:07:01.945374+00:00,vibration_rms,,,combined,1.187,
2026-07-29T20:07:03.326395+00:00,temperature,38.207,4.0,combined,,
2026-07-29T20:07:04.543256+00:00,temperature,38.579,4.0,combined,,
2026-07-29T20:07:04.543256+00:00,vibration_rms,,,combined,1.059,
2026-07-29T20:07:05.889810+00:00,temperature,38.745,4.0,combined,,
2026-07-29T20:07:07.082179+00:00,temperature,38.813,4.0,combined,,
2026-07-29T20:07:07.082179+00:00,vibration_rms,,,combined,1.325,
2026-07-29T20:07:08.514227+00:00,temperature,39.069,4.0,combined,,
2026-07-29T20:07:09.703822+00:00,temperature,38.962,4.0,combined,,
2026-07-29T20:07:09.703822+00:00,vibration_rms,,,combined,1.33,
2026-07-29T20:07:11.081795+00:00,temperature,38.542,4.0,combined,,
2026-07-29T20:07:12.382217+00:00,temperature,39.299,4.0,combined,,
2026-07-29T20:07:12.382217+00:00,vibration_rms,,,combined,1.135,
2026-07-29T20:07:13.793826+00:00,temperature,39.111,4.0,combined,,
2026-07-29T20:07:14.993337+00:00,temperature,39.116,4.0,combined,,
2026-07-29T20:07:14.993337+00:00,vibration_rms,,,combined,1.337,
2026-07-29T20:07:14.993337+00:00,door_event,,,combined,,CLOSE
2026-07-29T20:07:16.361233+00:00,temperature,38.807,4.0,combined,,
2026-07-29T20:07:17.577562+00:00,temperature,39.401,4.0,combined,,
2026-07-29T20:07:17.577562+00:00,vibration_rms,,,combined,1.155,
2026-07-29T20:07:18.969651+00:00,temperature,39.798,4.0,combined,,
2026-07-29T20:07:20.182671+00:00,temperature,39.839,4.0,combined,,
2026-07-29T20:07:20.182671+00:00,vibration_rms,,,combined,1.114,
2026-07-29T20:07:21.551530+00:00,temperature,39.515,4.0,combined,,
2026-07-29T20:07:22.766339+00:00,temperature,39.491,4.0,combined,,
2026-07-29T20:07:22.766339+00:00,vibration_rms,,,combined,1.321,
2026-07-29T20:07:24.156819+00:00,temperature,39.518,4.0,combined,,
2026-07-29T20:07:25.393080+00:00,temperature,40.415,4.0,combined,,
2026-07-29T20:07:25.393080+00:00,vibration_rms,,,combined,1.259,
2026-07-29T20:07:26.801850+00:00,temperature,40.145,4.0,combined,,
2026-07-29T20:07:28.000199+00:00,temperature,40.568,4.0,combined,,
2026-07-29T20:07:28.000199+00:00,vibration_rms,,,combined,1.393,
2026-07-29T20:07:29.404140+00:00,temperature,39.772,4.0,combined,,
2026-07-29T20:07:30.594053+00:00,temperature,40.072,4.0,combined,,
2026-07-29T20:07:30.594053+00:00,vibration_rms,,,combined,1.411,
2026-07-29T20:07:31.983906+00:00,temperature,40.329,4.0,combined,,
2026-07-29T20:07:33.194819+00:00,temperature,39.983,4.0,combined,,
2026-07-29T20:07:33.194819+00:00,vibration_rms,,,combined,1.175,
2026-07-29T20:07:34.594865+00:00,temperature,40.319,4.0,combined,,
2026-07-29T20:07:35.805741+00:00,temperature,40.729,4.0,combined,,
2026-07-29T20:07:35.805741+00:00,vibration_rms,,,combined,0.974,
2026-07-29T20:07:37.193855+00:00,temperature,40.156,4.0,combined,,
2026-07-29T20:07:38.394612+00:00,temperature,40.534,4.0,combined,,
2026-07-29T20:07:38.394612+00:00,vibration_rms,,,combined,1.215,
2026-07-29T20:07:39.803354+00:00,temperature,40.041,4.0,combined,,
2026-07-29T20:07:41.016401+00:00,temperature,40.633,4.0,combined,,
2026-07-29T20:07:41.016401+00:00,vibration_rms,,,combined,1.083,
2026-07-29T20:07:42.396864+00:00,temperature,40.793,4.0,combined,,
2026-07-29T20:07:43.694625+00:00,temperature,40.4,4.0,combined,,
2026-07-29T20:07:43.694625+00:00,vibration_rms,,,combined,1.366,
2026-07-29T20:07:45.172755+00:00,temperature,40.968,4.0,combined,,
2026-07-29T20:07:46.395521+00:00,temperature,41.344,4.0,combined,,
2026-07-29T20:07:46.395521+00:00,vibration_rms,,,combined,1.304,
2026-07-29T20:07:47.792075+00:00,temperature,40.955,4.0,combined,,
2026-07-29T20:07:49.003606+00:00,temperature,41.343,4.0,combined,,
2026-07-29T20:07:49.003606+00:00,vibration_rms,,,combined,0.922,
2026-07-29T20:07:50.460928+00:00,temperature,41.753,4.0,combined,,
2026-07-29T20:07:50.460928+00:00,door_event,,,combined,,OPEN
2026-07-29T20:07:51.685986+00:00,temperature,41.974,4.0,combined,,
2026-07-29T20:07:51.685986+00:00,vibration_rms,,,combined,0.94,
2026-07-29T20:07:53.082199+00:00,temperature,41.619,4.0,combined,,
2026-07-29T20:07:54.306863+00:00,temperature,41.123,4.0,combined,,
2026-07-29T20:07:54.306863+00:00,vibration_rms,,,combined,1.28,
2026-07-29T20:07:55.730427+00:00,temperature,42.012,4.0,combined,,
2026-07-29T20:07:56.918350+00:00,temperature,41.526,4.0,combined,,
2026-07-29T20:07:56.918350+00:00,vibration_rms,,,combined,1.198,
2026-07-29T20:07:58.317415+00:00,temperature,41.426,4.0,combined,,
2026-07-29T20:07:59.514919+00:00,temperature,42.278,4.0,combined,,
2026-07-29T20:07:59.514919+00:00,vibration_rms,,,combined,1.273,
2026-07-29T20:08:00.937114+00:00,temperature,42.107,4.0,combined,,
2026-07-29T20:08:02.139591+00:00,temperature,41.64,4.0,combined,,
2026-07-29T20:08:02.139591+00:00,vibration_rms,,,combined,1.253,
2026-07-29T20:08:03.517348+00:00,temperature,42.291,4.0,combined,,
2026-07-29T20:08:04.718458+00:00,temperature,41.987,4.0,combined,,
2026-07-29T20:08:04.718458+00:00,vibration_rms,,,combined,1.206,
2026-07-29T20:08:06.130617+00:00,temperature,41.855,4.0,combined,,
2026-07-29T20:08:07.351446+00:00,temperature,42.489,4.0,combined,,
2026-07-29T20:08:07.351446+00:00,vibration_rms,,,combined,1.421,
2026-07-29T20:08:08.730096+00:00,temperature,42.929,4.0,combined,,
2026-07-29T20:08:09.971386+00:00,temperature,41.881,4.0,combined,,
2026-07-29T20:08:09.971386+00:00,vibration_rms,,,combined,1.198,
2026-07-29T20:08:11.383030+00:00,temperature,42.599,4.0,combined,,
2026-07-29T20:08:12.584594+00:00,temperature,42.853,4.0,combined,,
2026-07-29T20:08:12.584594+00:00,vibration_rms,,,combined,1.201,
2026-07-29T20:08:13.953366+00:00,temperature,42.924,4.0,combined,,
2026-07-29T20:08:15.160334+00:00,temperature,42.229,4.0,combined,,
2026-07-29T20:08:15.160334+00:00,vibration_rms,,,combined,1.362,
2026-07-29T20:08:16.583460+00:00,temperature,42.518,4.0,combined,,
2026-07-29T20:08:17.884077+00:00,temperature,43.207,4.0,combined,,
2026-07-29T20:08:17.884077+00:00,vibration_rms,,,combined,1.092,
2026-07-29T20:08:19.320539+00:00,temperature,42.923,4.0,combined,,
2026-07-29T20:08:20.563064+00:00,temperature,42.985,4.0,combined,,
2026-07-29T20:08:20.563064+00:00,vibration_rms,,,combined,1.075,
2026-07-29T20:08:21.971788+00:00,temperature,42.367,4.0,combined,,
2026-07-29T20:08:23.171747+00:00,temperature,43.599,4.0,combined,,
2026-07-29T20:08:23.171747+00:00,vibration_rms,,,combined,1.067,
2026-07-29T20:08:24.543693+00:00,temperature,43.434,4.0,combined,,
2026-07-29T20:08:25.760677+00:00,temperature,43.483,4.0,combined,,
2026-07-29T20:08:25.760677+00:00,vibration_rms,,,combined,0.908,
2026-07-29T20:08:27.183539+00:00,temperature,43.125,4.0,combined,,
2026-07-29T20:08:28.418248+00:00,temperature,43.376,4.0,combined,,
2026-07-29T20:08:28.418248+00:00,vibration_rms,,,combined,1.22,
2026-07-29T20:08:29.794964+00:00,temperature,44.027,4.0,combined,,
2026-07-29T20:08:30.994311+00:00,temperature,43.454,4.0,combined,,
2026-07-29T20:08:30.994311+00:00,vibration_rms,,,combined,1.101,
2026-07-29T20:08:32.428050+00:00,temperature,43.391,4.0,combined,,
2026-07-29T20:08:33.650236+00:00,temperature,44.369,4.0,combined,,
2026-07-29T20:08:33.650236+00:00,vibration_rms,,,combined,1.044,
2026-07-29T20:08:35.019849+00:00,temperature,43.908,4.0,combined,,
2026-07-29T20:08:36.241551+00:00,temperature,44.293,4.0,combined,,
2026-07-29T20:08:36.241551+00:00,vibration_rms,,,combined,1.256,
2026-07-29T20:08:37.597599+00:00,temperature,43.744,4.0,combined,,
2026-07-29T20:08:38.819403+00:00,temperature,44.059,4.0,combined,,
2026-07-29T20:08:38.819403+00:00,vibration_rms,,,combined,1.034,
2026-07-29T20:08:40.188896+00:00,temperature,44.478,4.0,combined,,
2026-07-29T20:08:41.398139+00:00,temperature,43.862,4.0,combined,,
2026-07-29T20:08:41.398139+00:00,vibration_rms,,,combined,1.055,
2026-07-29T20:08:42.775863+00:00,temperature,44.361,4.0,combined,,
2026-07-29T20:08:43.985261+00:00,temperature,45.075,4.0,combined,,
2026-07-29T20:08:43.985261+00:00,vibration_rms,,,combined,1.211,
2026-07-29T20:08:45.380284+00:00,temperature,44.938,4.0,combined,,
2026-07-29T20:08:46.608934+00:00,temperature,45.083,4.0,combined,,
2026-07-29T20:08:46.608934+00:00,vibration_rms,,,combined,1.001,
2026-07-29T20:08:48.039594+00:00,temperature,45.091,4.0,combined,,
2026-07-29T20:08:49.253931+00:00,temperature,44.869,4.0,combined,,
2026-07-29T20:08:49.253931+00:00,vibration_rms,,,combined,1.146,
2026-07-29T20:08:50.786067+00:00,temperature,45.073,4.0,combined,,
2026-07-29T20:08:51.995466+00:00,temperature,45.807,4.0,combined,,
2026-07-29T20:08:51.995466+00:00,vibration_rms,,,combined,1.392,
2026-07-29T20:08:53.433112+00:00,temperature,44.891,4.0,combined,,
2026-07-29T20:08:54.631809+00:00,temperature,45.035,4.0,combined,,
2026-07-29T20:08:54.631809+00:00,vibration_rms,,,combined,1.271,
2026-07-29T20:08:56.009992+00:00,temperature,44.994,4.0,combined,,
2026-07-29T20:08:57.219870+00:00,temperature,44.904,4.0,combined,,
2026-07-29T20:08:57.219870+00:00,vibration_rms,,,combined,1.015,
2026-07-29T20:08:58.650788+00:00,temperature,45.115,4.0,combined,,
2026-07-29T20:08:59.862732+00:00,temperature,45.513,4.0,combined,,
2026-07-29T20:08:59.862732+00:00,vibration_rms,,,combined,1.057,
2026-07-29T20:09:01.261931+00:00,temperature,45.979,4.0,combined,,
2026-07-29T20:09:02.465495+00:00,temperature,45.754,4.0,combined,,
2026-07-29T20:09:02.465495+00:00,vibration_rms,,,combined,1.387,
2026-07-29T20:09:03.864784+00:00,temperature,46.143,4.0,combined,,
2026-07-29T20:09:05.074825+00:00,temperature,45.646,4.0,combined,,
2026-07-29T20:09:05.074825+00:00,vibration_rms,,,combined,1.332,
2026-07-29T20:09:05.074825+00:00,door_event,,,combined,,CLOSE
2026-07-29T20:09:06.476168+00:00,temperature,45.999,4.0,combined,,
2026-07-29T20:09:07.676558+00:00,temperature,46.107,4.0,combined,,
2026-07-29T20:09:07.676558+00:00,vibration_rms,,,combined,1.202,
2026-07-29T20:09:09.062456+00:00,temperature,46.363,4.0,combined,,
2026-07-29T20:09:10.276994+00:00,temperature,46.099,4.0,combined,,
2026-07-29T20:09:10.276994+00:00,vibration_rms,,,combined,1.31,
2026-07-29T20:09:11.664184+00:00,temperature,46.468,4.0,combined,,
2026-07-29T20:09:12.865625+00:00,temperature,46.125,4.0,combined,,
2026-07-29T20:09:12.865625+00:00,vibration_rms,,,combined,1.318,
2026-07-29T20:09:12.865625+00:00,door_event,,,combined,,OPEN
2026-07-29T20:09:14.248705+00:00,temperature,46.515,4.0,combined,,
2026-07-29T20:09:15.452612+00:00,temperature,46.639,4.0,combined,,
2026-07-29T20:09:15.452612+00:00,vibration_rms,,,combined,1.366,
2026-07-29T20:09:16.833559+00:00,temperature,46.26,4.0,combined,,
2026-07-29T20:09:18.054450+00:00,temperature,46.659,4.0,combined,,
2026-07-29T20:09:18.054450+00:00,vibration_rms,,,combined,1.284,
2026-07-29T20:09:19.474766+00:00,temperature,46.701,4.0,combined,,
2026-07-29T20:09:20.700460+00:00,temperature,46.753,4.0,combined,,
2026-07-29T20:09:20.700460+00:00,vibration_rms,,,combined,1.069,
2026-07-29T20:09:22.109477+00:00,temperature,46.597,4.0,combined,,
2026-07-29T20:09:23.330562+00:00,temperature,46.907,4.0,combined,,
2026-07-29T20:09:23.330562+00:00,vibration_rms,,,combined,1.332,
2026-07-29T20:09:24.740592+00:00,temperature,47.333,4.0,combined,,
2026-07-29T20:09:25.955532+00:00,temperature,47.403,4.0,combined,,
2026-07-29T20:09:25.955532+00:00,vibration_rms,,,combined,1.274,
2026-07-29T20:09:27.387487+00:00,temperature,47.478,4.0,combined,,
2026-07-29T20:09:28.608591+00:00,temperature,47.477,4.0,combined,,
2026-07-29T20:09:28.608591+00:00,vibration_rms,,,combined,1.147,
2026-07-29T20:09:29.991747+00:00,temperature,47.667,4.0,combined,,
2026-07-29T20:09:31.200696+00:00,temperature,47.547,4.0,combined,,
2026-07-29T20:09:31.200696+00:00,vibration_rms,,,combined,1.146,
2026-07-29T20:09:32.589997+00:00,temperature,47.359,4.0,combined,,
2026-07-29T20:09:33.820106+00:00,temperature,47.686,4.0,combined,,
2026-07-29T20:09:33.820106+00:00,vibration_rms,,,combined,1.345,
2026-07-29T20:09:35.220220+00:00,temperature,47.691,4.0,combined,,
2026-07-29T20:09:36.431133+00:00,temperature,47.7,4.0,combined,,
2026-07-29T20:09:36.431133+00:00,vibration_rms,,,combined,1.249,
2026-07-29T20:09:37.800697+00:00,temperature,48.314,4.0,combined,,
2026-07-29T20:09:39.042930+00:00,temperature,47.778,4.0,combined,,
2026-07-29T20:09:39.042930+00:00,vibration_rms,,,combined,1.253,
2026-07-29T20:09:40.555887+00:00,temperature,47.901,4.0,combined,,
2026-07-29T20:09:41.745249+00:00,temperature,48.502,4.0,combined,,
2026-07-29T20:09:41.745249+00:00,vibration_rms,,,combined,1.366,
2026-07-29T20:09:43.111034+00:00,temperature,48.136,4.0,combined,,
2026-07-29T20:09:44.322195+00:00,temperature,48.196,4.0,combined,,
2026-07-29T20:09:44.322195+00:00,vibration_rms,,,combined,1.499,
2026-07-29T20:09:45.702721+00:00,temperature,48.103,4.0,combined,,
2026-07-29T20:09:46.911980+00:00,temperature,48.305,4.0,combined,,
2026-07-29T20:09:46.911980+00:00,vibration_rms,,,combined,1.004,
2026-07-29T20:09:48.290365+00:00,temperature,48.654,4.0,combined,,
2026-07-29T20:09:49.488853+00:00,temperature,47.839,4.0,combined,,
2026-07-29T20:09:49.488853+00:00,vibration_rms,,,combined,1.126,
2026-07-29T20:09:50.920164+00:00,temperature,48.486,4.0,combined,,
2026-07-29T20:09:52.167741+00:00,temperature,48.574,4.0,combined,,
2026-07-29T20:09:52.167741+00:00,vibration_rms,,,combined,1.082,
2026-07-29T20:09:53.543468+00:00,temperature,49.491,4.0,combined,,
2026-07-29T20:09:54.733861+00:00,temperature,48.864,4.0,combined,,
2026-07-29T20:09:54.733861+00:00,vibration_rms,,,combined,1.013,
2026-07-29T20:09:56.165792+00:00,temperature,48.789,4.0,combined,,
2026-07-29T20:09:57.367689+00:00,temperature,49.346,4.0,combined,,
2026-07-29T20:09:57.367689+00:00,vibration_rms,,,combined,1.001,
2026-07-29T20:09:58.781617+00:00,temperature,48.777,4.0,combined,,
2026-07-29T20:09:59.990460+00:00,temperature,49.308,4.0,combined,,
2026-07-29T20:09:59.990460+00:00,vibration_rms,,,combined,1.057,
2026-07-29T20:10:01.402789+00:00,temperature,49.283,4.0,combined,,
2026-07-29T20:10:02.613066+00:00,temperature,49.609,4.0,combined,,
2026-07-29T20:10:02.613066+00:00,vibration_rms,,,combined,1.116,
2026-07-29T20:10:03.978509+00:00,temperature,49.284,4.0,combined,,
2026-07-29T20:10:05.192910+00:00,temperature,49.498,4.0,combined,,
2026-07-29T20:10:05.192910+00:00,vibration_rms,,,combined,1.073,
2026-07-29T20:10:05.192910+00:00,door_event,,,combined,,OPEN
2026-07-29T20:10:06.599654+00:00,temperature,49.888,4.0,combined,,
2026-07-29T20:10:07.791250+00:00,temperature,49.317,4.0,combined,,
2026-07-29T20:10:07.791250+00:00,vibration_rms,,,combined,1.304,
2026-07-29T20:10:09.179844+00:00,temperature,49.818,4.0,combined,,
2026-07-29T20:10:10.391753+00:00,temperature,49.546,4.0,combined,,
2026-07-29T20:10:10.391753+00:00,vibration_rms,,,combined,1.316,
2026-07-29T20:10:11.799258+00:00,temperature,50.341,4.0,combined,,
2026-07-29T20:10:13.001698+00:00,temperature,50.066,4.0,combined,,
2026-07-29T20:10:13.001698+00:00,vibration_rms,,,combined,1.708,
2026-07-29T20:10:14.400277+00:00,temperature,49.947,4.0,combined,,
2026-07-29T20:10:15.590453+00:00,temperature,50.227,4.0,combined,,
2026-07-29T20:10:15.590453+00:00,vibration_rms,,,combined,1.317,
2026-07-29T20:10:17.011413+00:00,temperature,49.887,4.0,combined,,
2026-07-29T20:10:18.224541+00:00,temperature,50.166,4.0,combined,,
2026-07-29T20:10:18.224541+00:00,vibration_rms,,,combined,1.2,
2026-07-29T20:10:19.622211+00:00,temperature,50.088,4.0,combined,,
2026-07-29T20:10:20.847183+00:00,temperature,49.934,4.0,combined,,
2026-07-29T20:10:20.847183+00:00,vibration_rms,,,combined,1.247,
2026-07-29T20:10:22.250860+00:00,temperature,50.607,4.0,combined,,
2026-07-29T20:10:23.468771+00:00,temperature,51.103,4.0,combined,,
2026-07-29T20:10:23.468771+00:00,vibration_rms,,,combined,1.049,
2026-07-29T20:10:24.826397+00:00,temperature,51.276,4.0,combined,,
2026-07-29T20:10:26.012224+00:00,temperature,50.698,4.0,combined,,
2026-07-29T20:10:26.012224+00:00,vibration_rms,,,combined,1.17,
2026-07-29T20:10:27.402347+00:00,temperature,50.522,4.0,combined,,
2026-07-29T20:10:28.613319+00:00,temperature,50.791,4.0,combined,,
2026-07-29T20:10:28.613319+00:00,vibration_rms,,,combined,1.271,
2026-07-29T20:10:29.971954+00:00,temperature,50.613,4.0,combined,,
2026-07-29T20:10:31.191325+00:00,temperature,50.698,4.0,combined,,
2026-07-29T20:10:31.191325+00:00,vibration_rms,,,combined,1.262,
2026-07-29T20:10:32.600342+00:00,temperature,51.202,4.0,combined,,
2026-07-29T20:10:33.846034+00:00,temperature,51.287,4.0,combined,,
2026-07-29T20:10:33.846034+00:00,vibration_rms,,,combined,1.263,
2026-07-29T20:10:35.262726+00:00,temperature,51.501,4.0,combined,,
2026-07-29T20:10:35.262726+00:00,door_event,,,combined,,CLOSE
2026-07-29T20:10:36.482088+00:00,temperature,52.023,4.0,combined,,
2026-07-29T20:10:36.482088+00:00,vibration_rms,,,combined,0.916,
2026-07-29T20:10:37.899722+00:00,temperature,51.68,4.0,combined,,
2026-07-29T20:10:39.111888+00:00,temperature,51.747,4.0,combined,,
2026-07-29T20:10:39.111888+00:00,vibration_rms,,,combined,1.208,
2026-07-29T20:10:40.513628+00:00,temperature,51.681,4.0,combined,,
2026-07-29T20:10:41.745638+00:00,temperature,51.773,4.0,combined,,
2026-07-29T20:10:41.745638+00:00,vibration_rms,,,combined,1.17,
2026-07-29T20:10:43.155996+00:00,temperature,52.013,4.0,combined,,
2026-07-29T20:10:44.403577+00:00,temperature,51.916,4.0,combined,,
2026-07-29T20:10:44.403577+00:00,vibration_rms,,,combined,1.279,
2026-07-29T20:10:45.802212+00:00,temperature,52.25,4.0,combined,,
2026-07-29T20:10:47.036567+00:00,temperature,51.873,4.0,combined,,
2026-07-29T20:10:47.036567+00:00,vibration_rms,,,combined,1.049,
2026-07-29T20:10:48.423775+00:00,temperature,52.022,4.0,combined,,
2026-07-29T20:10:49.625966+00:00,temperature,52.216,4.0,combined,,
2026-07-29T20:10:49.625966+00:00,vibration_rms,,,combined,1.205,
2026-07-29T20:10:51.015469+00:00,temperature,52.279,4.0,combined,,
2026-07-29T20:10:52.215515+00:00,temperature,52.97,4.0,combined,,
2026-07-29T20:10:52.215515+00:00,vibration_rms,,,combined,1.333,
2026-07-29T20:10:53.604653+00:00,temperature,52.586,4.0,combined,,
2026-07-29T20:10:54.814484+00:00,temperature,52.391,4.0,combined,,
2026-07-29T20:10:54.814484+00:00,vibration_rms,,,combined,1.201,
2026-07-29T20:10:54.814484+00:00,door_event,,,combined,,CLOSE
2026-07-29T20:10:56.201890+00:00,temperature,52.584,4.0,combined,,
2026-07-29T20:10:57.404277+00:00,temperature,52.84,4.0,combined,,
2026-07-29T20:10:57.404277+00:00,vibration_rms,,,combined,1.134,
2026-07-29T20:10:58.804551+00:00,temperature,53.055,4.0,combined,,
2026-07-29T20:11:00.015552+00:00,temperature,53.279,4.0,combined,,
2026-07-29T20:11:00.015552+00:00,vibration_rms,,,combined,1.297,
2026-07-29T20:11:01.457634+00:00,temperature,52.751,4.0,combined,,
2026-07-29T20:11:02.681909+00:00,temperature,52.518,4.0,combined,,
2026-07-29T20:11:02.681909+00:00,vibration_rms,,,combined,1.181,
2026-07-29T20:11:04.082797+00:00,temperature,53.552,4.0,combined,,
2026-07-29T20:11:05.302668+00:00,temperature,53.301,4.0,combined,,
2026-07-29T20:11:05.302668+00:00,vibration_rms,,,combined,0.891,
2026-07-29T20:11:06.724617+00:00,temperature,53.172,4.0,combined,,
2026-07-29T20:11:07.926402+00:00,temperature,53.438,4.0,combined,,
2026-07-29T20:11:07.926402+00:00,vibration_rms,,,combined,1.273,
2026-07-29T20:11:09.346766+00:00,temperature,53.423,4.0,combined,,
2026-07-29T20:11:10.583322+00:00,temperature,53.882,4.0,combined,,
2026-07-29T20:11:10.583322+00:00,vibration_rms,,,combined,1.399,
2026-07-29T20:11:11.980465+00:00,temperature,53.982,4.0,combined,,
2026-07-29T20:11:13.227692+00:00,temperature,53.804,4.0,combined,,
2026-07-29T20:11:13.227692+00:00,vibration_rms,,,combined,1.217,
2026-07-29T20:11:14.682703+00:00,temperature,53.607,4.0,combined,,
2026-07-29T20:11:15.916626+00:00,temperature,53.799,4.0,combined,,
2026-07-29T20:11:15.916626+00:00,vibration_rms,,,combined,1.233,
2026-07-29T20:11:17.324061+00:00,temperature,53.837,4.0,combined,,
2026-07-29T20:11:18.549541+00:00,temperature,54.115,4.0,combined,,
2026-07-29T20:11:18.549541+00:00,vibration_rms,,,combined,1.103,
2026-07-29T20:11:19.958739+00:00,temperature,53.936,4.0,combined,,
2026-07-29T20:11:21.184483+00:00,temperature,54.058,4.0,combined,,
2026-07-29T20:11:21.184483+00:00,vibration_rms,,,combined,0.963,
2026-07-29T20:11:22.624335+00:00,temperature,53.888,4.0,combined,,
2026-07-29T20:11:23.849882+00:00,temperature,54.255,4.0,combined,,
2026-07-29T20:11:23.849882+00:00,vibration_rms,,,combined,1.274,
2026-07-29T20:11:25.307504+00:00,temperature,54.469,4.0,combined,,
2026-07-29T20:11:26.525903+00:00,temperature,54.576,4.0,combined,,
2026-07-29T20:11:26.525903+00:00,vibration_rms,,,combined,1.311,
2026-07-29T20:11:27.984087+00:00,temperature,54.409,4.0,combined,,
2026-07-29T20:11:29.217117+00:00,temperature,54.642,4.0,combined,,
2026-07-29T20:11:29.217117+00:00,vibration_rms,,,combined,1.117,
2026-07-29T20:11:29.217117+00:00,door_event,,,combined,,OPEN
2026-07-29T20:11:30.673764+00:00,temperature,54.506,4.0,combined,,
2026-07-29T20:11:31.872584+00:00,temperature,54.638,4.0,combined,,
2026-07-29T20:11:31.872584+00:00,vibration_rms,,,combined,1.489,
2026-07-29T20:11:33.293445+00:00,temperature,55.235,4.0,combined,,
2026-07-29T20:11:34.548406+00:00,temperature,55.257,4.0,combined,,
2026-07-29T20:11:34.548406+00:00,vibration_rms,,,combined,0.873,
2026-07-29T20:11:35.974988+00:00,temperature,54.559,4.0,combined,,
2026-07-29T20:11:37.183146+00:00,temperature,55.925,4.0,combined,,
2026-07-29T20:11:37.183146+00:00,vibration_rms,,,combined,1.053,
2026-07-29T20:11:38.608878+00:00,temperature,54.996,4.0,combined,,
2026-07-29T20:11:39.816993+00:00,temperature,55.411,4.0,combined,,
2026-07-29T20:11:39.816993+00:00,vibration_rms,,,combined,1.288,
2026-07-29T20:11:41.259194+00:00,temperature,55.374,4.0,combined,,
2026-07-29T20:11:41.259194+00:00,door_event,,,combined,,OPEN
2026-07-29T20:11:42.486067+00:00,temperature,55.443,4.0,combined,,
2026-07-29T20:11:42.486067+00:00,vibration_rms,,,combined,1.068,
2026-07-29T20:11:43.914578+00:00,temperature,54.868,4.0,combined,,
2026-07-29T20:11:45.138143+00:00,temperature,55.826,4.0,combined,,
2026-07-29T20:11:45.138143+00:00,vibration_rms,,,combined,1.257,
2026-07-29T20:11:46.592304+00:00,temperature,55.213,4.0,combined,,
2026-07-29T20:11:47.805859+00:00,temperature,55.602,4.0,combined,,
2026-07-29T20:11:47.805859+00:00,vibration_rms,,,combined,1.479,
2026-07-29T20:11:49.240021+00:00,temperature,55.944,4.0,combined,,
2026-07-29T20:11:50.461679+00:00,temperature,55.505,4.0,combined,,
2026-07-29T20:11:50.461679+00:00,vibration_rms,,,combined,1.13,
2026-07-29T20:11:51.848765+00:00,temperature,56.186,4.0,combined,,
2026-07-29T20:11:53.073422+00:00,temperature,56.251,4.0,combined,,
2026-07-29T20:11:53.073422+00:00,vibration_rms,,,combined,1.186,
2026-07-29T20:11:54.540571+00:00,temperature,55.971,4.0,combined,,
2026-07-29T20:11:55.796530+00:00,temperature,56.245,4.0,combined,,
2026-07-29T20:11:55.796530+00:00,vibration_rms,,,combined,1.295,
2026-07-29T20:11:57.203670+00:00,temperature,56.552,4.0,combined,,
2026-07-29T20:11:58.429336+00:00,temperature,56.177,4.0,combined,,
2026-07-29T20:11:58.429336+00:00,vibration_rms,,,combined,1.186,
2026-07-29T20:11:59.860329+00:00,temperature,56.868,4.0,combined,,
2026-07-29T20:12:01.071263+00:00,temperature,56.303,4.0,combined,,
2026-07-29T20:12:01.071263+00:00,vibration_rms,,,combined,1.491,
2026-07-29T20:12:02.467833+00:00,temperature,56.46,4.0,combined,,
2026-07-29T20:12:03.696460+00:00,temperature,56.592,4.0,combined,,
2026-07-29T20:12:03.696460+00:00,vibration_rms,,,combined,0.996,
2026-07-29T20:12:05.074507+00:00,temperature,56.578,4.0,combined,,
2026-07-29T20:12:06.305861+00:00,temperature,56.99,4.0,combined,,
2026-07-29T20:12:06.305861+00:00,vibration_rms,,,combined,1.386,
2026-07-29T20:12:07.704604+00:00,temperature,56.985,4.0,combined,,
2026-07-29T20:12:08.952308+00:00,temperature,57.147,4.0,combined,,
2026-07-29T20:12:08.952308+00:00,vibration_rms,,,combined,1.478,
2026-07-29T20:12:10.360082+00:00,temperature,57.045,4.0,combined,,
2026-07-29T20:12:11.585965+00:00,temperature,57.464,4.0,combined,,
2026-07-29T20:12:11.585965+00:00,vibration_rms,,,combined,0.858,
2026-07-29T20:12:12.994559+00:00,temperature,57.132,4.0,combined,,
2026-07-29T20:12:14.218956+00:00,temperature,57.048,4.0,combined,,
2026-07-29T20:12:14.218956+00:00,vibration_rms,,,combined,1.295,
2026-07-29T20:12:15.653625+00:00,temperature,57.602,4.0,combined,,
2026-07-29T20:12:16.926804+00:00,temperature,57.6,4.0,combined,,
2026-07-29T20:12:16.926804+00:00,vibration_rms,,,combined,1.255,
2026-07-29T20:12:18.374230+00:00,temperature,57.825,4.0,combined,,
2026-07-29T20:12:19.639033+00:00,temperature,57.615,4.0,combined,,
2026-07-29T20:12:19.639033+00:00,vibration_rms,,,combined,1.058,
2026-07-29T20:12:21.193972+00:00,temperature,57.755,4.0,combined,,
2026-07-29T20:12:22.425336+00:00,temperature,58.511,4.0,combined,,
2026-07-29T20:12:22.425336+00:00,vibration_rms,,,combined,1.27,
2026-07-29T20:12:23.864315+00:00,temperature,58.47,4.0,combined,,
2026-07-29T20:12:25.074702+00:00,temperature,58.103,4.0,combined,,
2026-07-29T20:12:25.074702+00:00,vibration_rms,,,combined,1.558,
2026-07-29T20:12:26.466901+00:00,temperature,58.289,4.0,combined,,
2026-07-29T20:12:27.687258+00:00,temperature,58.063,4.0,combined,,
2026-07-29T20:12:27.687258+00:00,vibration_rms,,,combined,1.149,
2026-07-29T20:12:29.084384+00:00,temperature,57.958,4.0,combined,,
2026-07-29T20:12:30.309078+00:00,temperature,57.633,4.0,combined,,
2026-07-29T20:12:30.309078+00:00,vibration_rms,,,combined,1.108,
2026-07-29T20:12:31.739618+00:00,temperature,58.452,4.0,combined,,
2026-07-29T20:12:32.954102+00:00,temperature,58.323,4.0,combined,,
2026-07-29T20:12:32.954102+00:00,vibration_rms,,,combined,1.065,
2026-07-29T20:12:34.354332+00:00,temperature,58.514,4.0,combined,,
2026-07-29T20:12:35.596678+00:00,temperature,58.286,4.0,combined,,
2026-07-29T20:12:35.596678+00:00,vibration_rms,,,combined,1.061,
2026-07-29T20:12:37.061680+00:00,temperature,58.78,4.0,combined,,
2026-07-29T20:12:38.299344+00:00,temperature,58.908,4.0,combined,,
2026-07-29T20:12:38.299344+00:00,vibration_rms,,,combined,1.307,
2026-07-29T20:12:39.737350+00:00,temperature,58.651,4.0,combined,,
2026-07-29T20:12:40.932185+00:00,temperature,58.546,4.0,combined,,
2026-07-29T20:12:40.932185+00:00,vibration_rms,,,combined,1.181,
2026-07-29T20:12:42.320242+00:00,temperature,59.259,4.0,combined,,
2026-07-29T20:12:43.520772+00:00,temperature,58.854,4.0,combined,,
2026-07-29T20:12:43.520772+00:00,vibration_rms,,,combined,0.964,
2026-07-29T20:12:44.952109+00:00,temperature,59.303,4.0,combined,,
2026-07-29T20:12:46.165706+00:00,temperature,59.514,4.0,combined,,
2026-07-29T20:12:46.165706+00:00,vibration_rms,,,combined,1.161,
2026-07-29T20:12:47.575406+00:00,temperature,58.983,4.0,combined,,
2026-07-29T20:12:48.773885+00:00,temperature,59.824,4.0,combined,,
2026-07-29T20:12:48.773885+00:00,vibration_rms,,,combined,1.182,
2026-07-29T20:12:50.173363+00:00,temperature,59.353,4.0,combined,,
2026-07-29T20:12:51.387180+00:00,temperature,59.951,4.0,combined,,
2026-07-29T20:12:51.387180+00:00,vibration_rms,,,combined,1.264,
2026-07-29T20:12:52.876579+00:00,temperature,59.629,4.0,combined,,
2026-07-29T20:12:54.077026+00:00,temperature,59.517,4.0,combined,,
2026-07-29T20:12:54.077026+00:00,vibration_rms,,,combined,1.139,
2026-07-29T20:12:55.496171+00:00,temperature,59.859,4.0,combined,,
2026-07-29T20:12:56.710179+00:00,temperature,59.811,4.0,combined,,
2026-07-29T20:12:56.710179+00:00,vibration_rms,,,combined,1.303,
2026-07-29T20:12:58.118941+00:00,temperature,59.806,4.0,combined,,
2026-07-29T20:12:59.332006+00:00,temperature,60.097,4.0,combined,,
2026-07-29T20:12:59.332006+00:00,vibration_rms,,,combined,1.331,
2026-07-29T20:13:00.729799+00:00,temperature,60.338,4.0,combined,,
2026-07-29T20:13:01.909887+00:00,temperature,59.933,4.0,combined,,
2026-07-29T20:13:01.909887+00:00,vibration_rms,,,combined,1.106,
2026-07-29T20:13:03.310685+00:00,temperature,60.126,4.0,combined,,
2026-07-29T20:13:04.519913+00:00,temperature,60.399,4.0,combined,,
2026-07-29T20:13:04.519913+00:00,vibration_rms,,,combined,1.278,
2026-07-29T20:13:05.952516+00:00,temperature,60.455,4.0,combined,,
2026-07-29T20:13:07.165444+00:00,temperature,60.908,4.0,combined,,
2026-07-29T20:13:07.165444+00:00,vibration_rms,,,combined,1.313,
2026-07-29T20:13:08.564499+00:00,temperature,60.604,4.0,combined,,
2026-07-29T20:13:09.777978+00:00,temperature,60.616,4.0,combined,,
2026-07-29T20:13:09.777978+00:00,vibration_rms,,,combined,1.172,
2026-07-29T20:13:11.174897+00:00,temperature,60.463,4.0,combined,,
2026-07-29T20:13:11.174897+00:00,door_event,,,combined,,CLOSE
2026-07-29T20:13:12.392965+00:00,temperature,60.912,4.0,combined,,
2026-07-29T20:13:12.392965+00:00,vibration_rms,,,combined,1.194,
2026-07-29T20:13:13.834806+00:00,temperature,61.095,4.0,combined,,
2026-07-29T20:13:15.054741+00:00,temperature,61.5,4.0,combined,,
2026-07-29T20:13:15.054741+00:00,vibration_rms,,,combined,1.216,
2026-07-29T20:13:16.442118+00:00,temperature,61.57,4.0,combined,,
2026-07-29T20:13:17.655727+00:00,temperature,60.882,4.0,combined,,
2026-07-29T20:13:17.655727+00:00,vibration_rms,,,combined,1.231,
2026-07-29T20:13:19.052798+00:00,temperature,60.895,4.0,combined,,
2026-07-29T20:13:20.245151+00:00,temperature,61.325,4.0,combined,,
2026-07-29T20:13:20.245151+00:00,vibration_rms,,,combined,1.367,
2026-07-29T20:13:21.614475+00:00,temperature,62.217,4.0,combined,,
2026-07-29T20:13:23.062581+00:00,temperature,61.282,4.0,combined,,
2026-07-29T20:13:23.062581+00:00,vibration_rms,,,combined,0.984,
2026-07-29T20:13:24.500737+00:00,temperature,61.344,4.0,combined,,
2026-07-29T20:13:25.686912+00:00,temperature,61.548,4.0,combined,,
2026-07-29T20:13:25.686912+00:00,vibration_rms,,,combined,1.184,
2026-07-29T20:13:27.045367+00:00,temperature,61.786,4.0,combined,,
2026-07-29T20:13:28.244430+00:00,temperature,61.821,4.0,combined,,
2026-07-29T20:13:28.244430+00:00,vibration_rms,,,combined,1.132,
2026-07-29T20:13:29.691961+00:00,temperature,61.998,4.0,combined,,
2026-07-29T20:13:30.911662+00:00,temperature,62.016,4.0,combined,,
2026-07-29T20:13:30.911662+00:00,vibration_rms,,,combined,1.281,
2026-07-29T20:13:32.245136+00:00,temperature,62.467,4.0,combined,,
2026-07-29T20:13:33.456042+00:00,temperature,62.299,4.0,combined,,
2026-07-29T20:13:33.456042+00:00,vibration_rms,,,combined,1.128,
2026-07-29T20:13:34.812039+00:00,temperature,62.076,4.0,combined,,
2026-07-29T20:13:34.812039+00:00,door_event,,,combined,,CLOSE
2026-07-29T20:13:36.102098+00:00,temperature,62.231,4.0,combined,,
2026-07-29T20:13:36.102098+00:00,vibration_rms,,,combined,1.031,
2026-07-29T20:13:37.476215+00:00,temperature,62.438,4.0,combined,,
2026-07-29T20:13:38.689217+00:00,temperature,62.468,4.0,combined,,
2026-07-29T20:13:38.689217+00:00,vibration_rms,,,combined,1.351,
2026-07-29T20:13:40.108692+00:00,temperature,62.105,4.0,combined,,
2026-07-29T20:13:41.290868+00:00,temperature,62.574,4.0,combined,,
2026-07-29T20:13:41.290868+00:00,vibration_rms,,,combined,1.223,
2026-07-29T20:13:42.685229+00:00,temperature,62.722,4.0,combined,,
2026-07-29T20:13:43.890378+00:00,temperature,62.925,4.0,combined,,
2026-07-29T20:13:43.890378+00:00,vibration_rms,,,combined,1.209,
2026-07-29T20:13:45.266762+00:00,temperature,63.079,4.0,combined,,
2026-07-29T20:13:46.523731+00:00,temperature,62.768,4.0,combined,,
2026-07-29T20:13:46.523731+00:00,vibration_rms,,,combined,1.257,
2026-07-29T20:13:48.019946+00:00,temperature,63.468,4.0,combined,,
2026-07-29T20:13:49.201685+00:00,temperature,62.744,4.0,combined,,
2026-07-29T20:13:49.201685+00:00,vibration_rms,,,combined,1.348,
2026-07-29T20:13:49.201685+00:00,door_event,,,combined,,OPEN
2026-07-29T20:13:50.636472+00:00,temperature,63.113,4.0,combined,,
2026-07-29T20:13:51.835064+00:00,temperature,63.729,4.0,combined,,
2026-07-29T20:13:51.835064+00:00,vibration_rms,,,combined,1.258,
2026-07-29T20:13:53.212669+00:00,temperature,63.442,4.0,combined,,
2026-07-29T20:13:54.413221+00:00,temperature,63.099,4.0,combined,,
2026-07-29T20:13:54.413221+00:00,vibration_rms,,,combined,1.136,
2026-07-29T20:13:55.781241+00:00,temperature,64.052,4.0,combined,,
2026-07-29T20:13:57.002441+00:00,temperature,63.693,4.0,combined,,
2026-07-29T20:13:57.002441+00:00,vibration_rms,,,combined,1.208,
2026-07-29T20:13:58.356923+00:00,temperature,63.496,4.0,combined,,
2026-07-29T20:13:59.590937+00:00,temperature,63.89,4.0,combined,,
2026-07-29T20:13:59.590937+00:00,vibration_rms,,,combined,1.118,
2026-07-29T20:14:00.966028+00:00,temperature,63.752,4.0,combined,,
2026-07-29T20:14:02.179722+00:00,temperature,64.077,4.0,combined,,
2026-07-29T20:14:02.179722+00:00,vibration_rms,,,combined,1.407,
2026-07-29T20:14:03.570496+00:00,temperature,63.839,4.0,combined,,
2026-07-29T20:14:04.780061+00:00,temperature,63.708,4.0,combined,,
2026-07-29T20:14:04.780061+00:00,vibration_rms,,,combined,1.038,
2026-07-29T20:14:06.257040+00:00,temperature,64.061,4.0,combined,,
2026-07-29T20:14:07.458285+00:00,temperature,63.88,4.0,combined,,
2026-07-29T20:14:07.458285+00:00,vibration_rms,,,combined,1.391,
2026-07-29T20:14:08.856907+00:00,temperature,64.302,4.0,combined,,
2026-07-29T20:14:08.856907+00:00,door_event,,,combined,,CLOSE
2026-07-29T20:14:10.082433+00:00,temperature,64.862,4.0,combined,,
2026-07-29T20:14:10.082433+00:00,vibration_rms,,,combined,1.033,
2026-07-29T20:14:11.455709+00:00,temperature,64.606,4.0,combined,,
2026-07-29T20:14:12.658079+00:00,temperature,64.952,4.0,combined,,
2026-07-29T20:14:12.658079+00:00,vibration_rms,,,combined,1.298,
2026-07-29T20:14:14.057321+00:00,temperature,64.941,4.0,combined,,
2026-07-29T20:14:15.258628+00:00,temperature,64.842,4.0,combined,,
2026-07-29T20:14:15.258628+00:00,vibration_rms,,,combined,1.296,
2026-07-29T20:14:15.258628+00:00,door_event,,,combined,,OPEN
2026-07-29T20:14:16.683601+00:00,temperature,64.415,4.0,combined,,
2026-07-29T20:14:18.103285+00:00,temperature,64.701,4.0,combined,,
2026-07-29T20:14:18.103285+00:00,vibration_rms,,,combined,0.931,
2026-07-29T20:14:19.535584+00:00,temperature,64.795,4.0,combined,,
2026-07-29T20:14:20.769805+00:00,temperature,64.852,4.0,combined,,
2026-07-29T20:14:20.769805+00:00,vibration_rms,,,combined,0.974,
2026-07-29T20:14:22.205430+00:00,temperature,65.606,4.0,combined,,
2026-07-29T20:14:23.457412+00:00,temperature,65.294,4.0,combined,,
2026-07-29T20:14:23.457412+00:00,vibration_rms,,,combined,1.139,
2026-07-29T20:14:24.912151+00:00,temperature,65.458,4.0,combined,,
2026-07-29T20:14:26.111594+00:00,temperature,65.671,4.0,combined,,
2026-07-29T20:14:26.111594+00:00,vibration_rms,,,combined,1.362,
2026-07-29T20:14:27.510753+00:00,temperature,65.571,4.0,combined,,
2026-07-29T20:14:27.510753+00:00,door_event,,,combined,,CLOSE
2026-07-29T20:14:28.736540+00:00,temperature,65.938,4.0,combined,,
2026-07-29T20:14:28.736540+00:00,vibration_rms,,,combined,1.109,
2026-07-29T20:14:30.156547+00:00,temperature,65.603,4.0,combined,,
2026-07-29T20:14:31.345982+00:00,temperature,65.75,4.0,combined,,
2026-07-29T20:14:31.345982+00:00,vibration_rms,,,combined,1.203,
2026-07-29T20:14:32.801607+00:00,temperature,65.738,4.0,combined,,
2026-07-29T20:14:33.992730+00:00,temperature,66.318,4.0,combined,,
2026-07-29T20:14:33.992730+00:00,vibration_rms,,,combined,1.264,
2026-07-29T20:14:35.357706+00:00,temperature,65.975,4.0,combined,,
2026-07-29T20:14:36.595332+00:00,temperature,66.118,4.0,combined,,
2026-07-29T20:14:36.595332+00:00,vibration_rms,,,combined,1.401,
2026-07-29T20:14:38.011340+00:00,temperature,66.066,4.0,combined,,
2026-07-29T20:14:39.189872+00:00,temperature,66.583,4.0,combined,,
2026-07-29T20:14:39.189872+00:00,vibration_rms,,,combined,1.243,
2026-07-29T20:14:40.568083+00:00,temperature,66.073,4.0,combined,,
2026-07-29T20:14:41.791465+00:00,temperature,66.467,4.0,combined,,
2026-07-29T20:14:41.791465+00:00,vibration_rms,,,combined,1.143,
2026-07-29T20:14:43.212592+00:00,temperature,66.376,4.0,combined,,
2026-07-29T20:14:44.435005+00:00,temperature,66.607,4.0,combined,,
2026-07-29T20:14:44.435005+00:00,vibration_rms,,,combined,1.251,
2026-07-29T20:14:45.834417+00:00,temperature,66.114,4.0,combined,,
2026-07-29T20:14:47.071009+00:00,temperature,66.543,4.0,combined,,
2026-07-29T20:14:47.071009+00:00,vibration_rms,,,combined,1.062,
2026-07-29T20:14:48.425116+00:00,temperature,66.718,4.0,combined,,
2026-07-29T20:14:49.641849+00:00,temperature,66.538,4.0,combined,,
2026-07-29T20:14:49.641849+00:00,vibration_rms,,,combined,1.059,
2026-07-29T20:14:51.027625+00:00,temperature,67.083,4.0,combined,,
2026-07-29T20:14:52.258935+00:00,temperature,66.991,4.0,combined,,
2026-07-29T20:14:52.258935+00:00,vibration_rms,,,combined,1.257,
2026-07-29T20:14:53.679837+00:00,temperature,66.786,4.0,combined,,
2026-07-29T20:14:54.880300+00:00,temperature,67.028,4.0,combined,,
2026-07-29T20:14:54.880300+00:00,vibration_rms,,,combined,1.389,
2026-07-29T20:14:56.291896+00:00,temperature,66.881,4.0,combined,,
2026-07-29T20:14:57.513945+00:00,temperature,67.364,4.0,combined,,
2026-07-29T20:14:57.513945+00:00,vibration_rms,,,combined,1.01,
2026-07-29T20:14:58.946658+00:00,temperature,67.648,4.0,combined,,
2026-07-29T20:15:00.159099+00:00,temperature,67.525,4.0,combined,,
2026-07-29T20:15:00.159099+00:00,vibration_rms,,,combined,1.196,
2026-07-29T20:15:01.606637+00:00,temperature,67.413,4.0,combined,,
2026-07-29T20:15:02.791006+00:00,temperature,67.748,4.0,combined,,
2026-07-29T20:15:02.791006+00:00,vibration_rms,,,combined,1.279,
2026-07-29T20:15:04.182190+00:00,temperature,68.381,4.0,combined,,
2026-07-29T20:15:05.391835+00:00,temperature,67.382,4.0,combined,,
2026-07-29T20:15:05.391835+00:00,vibration_rms,,,combined,1.248,
2026-07-29T20:15:06.783561+00:00,temperature,67.821,4.0,combined,,
2026-07-29T20:15:08.013533+00:00,temperature,67.959,4.0,combined,,
2026-07-29T20:15:08.013533+00:00,vibration_rms,,,combined,1.522,
2026-07-29T20:15:09.404666+00:00,temperature,68.152,4.0,combined,,
2026-07-29T20:15:10.614151+00:00,temperature,67.896,4.0,combined,,
2026-07-29T20:15:10.614151+00:00,vibration_rms,,,combined,0.791,
2026-07-29T20:15:12.047552+00:00,temperature,68.242,4.0,combined,,
2026-07-29T20:15:13.236666+00:00,temperature,67.842,4.0,combined,,
2026-07-29T20:15:13.236666+00:00,vibration_rms,,,combined,0.833,
2026-07-29T20:15:14.677501+00:00,temperature,68.643,4.0,combined,,
2026-07-29T20:15:15.870804+00:00,temperature,68.061,4.0,combined,,
2026-07-29T20:15:15.870804+00:00,vibration_rms,,,combined,1.067,
2026-07-29T20:15:17.238063+00:00,temperature,68.693,4.0,combined,,
2026-07-29T20:15:18.458224+00:00,temperature,68.497,4.0,combined,,
2026-07-29T20:15:18.458224+00:00,vibration_rms,,,combined,1.232,
2026-07-29T20:15:19.872197+00:00,temperature,68.682,4.0,combined,,
2026-07-29T20:15:21.091034+00:00,temperature,68.527,4.0,combined,,
2026-07-29T20:15:21.091034+00:00,vibration_rms,,,combined,1.26,
2026-07-29T20:15:22.582601+00:00,temperature,68.261,4.0,combined,,
2026-07-29T20:15:23.770326+00:00,temperature,69.064,4.0,combined,,
2026-07-29T20:15:23.770326+00:00,vibration_rms,,,combined,1.01,
2026-07-29T20:15:25.193021+00:00,temperature,68.969,4.0,combined,,
2026-07-29T20:15:26.403862+00:00,temperature,69.409,4.0,combined,,
2026-07-29T20:15:26.403862+00:00,vibration_rms,,,combined,1.38,
2026-07-29T20:15:27.849009+00:00,temperature,69.376,4.0,combined,,
2026-07-29T20:15:29.060483+00:00,temperature,69.315,4.0,combined,,
2026-07-29T20:15:29.060483+00:00,vibration_rms,,,combined,1.288,
2026-07-29T20:15:30.459571+00:00,temperature,69.698,4.0,combined,,
2026-07-29T20:15:31.659605+00:00,temperature,69.516,4.0,combined,,
2026-07-29T20:15:31.659605+00:00,vibration_rms,,,combined,1.04,
2026-07-29T20:15:31.659605+00:00,door_event,,,combined,,CLOSE
2026-07-29T20:15:33.080531+00:00,temperature,69.37,4.0,combined,,
2026-07-29T20:15:34.273874+00:00,temperature,69.601,4.0,combined,,
2026-07-29T20:15:34.273874+00:00,vibration_rms,,,combined,1.009,
2026-07-29T20:15:35.695287+00:00,temperature,69.929,4.0,combined,,
2026-07-29T20:15:36.895033+00:00,temperature,69.982,4.0,combined,,
2026-07-29T20:15:36.895033+00:00,vibration_rms,,,combined,1.43,
2026-07-29T20:15:38.390193+00:00,temperature,69.623,4.0,combined,,
2026-07-29T20:15:39.604702+00:00,temperature,69.682,4.0,combined,,
2026-07-29T20:15:39.604702+00:00,vibration_rms,,,combined,1.107,
2026-07-29T20:15:41.038937+00:00,temperature,69.873,4.0,combined,,
2026-07-29T20:15:42.226282+00:00,temperature,70.183,4.0,combined,,
2026-07-29T20:15:42.226282+00:00,vibration_rms,,,combined,1.42,
2026-07-29T20:15:43.619086+00:00,temperature,69.677,4.0,combined,,
2026-07-29T20:15:44.814909+00:00,temperature,70.364,4.0,combined,,
2026-07-29T20:15:44.814909+00:00,vibration_rms,,,combined,1.014,
2026-07-29T20:15:46.195627+00:00,temperature,70.484,4.0,combined,,
2026-07-29T20:15:47.405306+00:00,temperature,70.412,4.0,combined,,
2026-07-29T20:15:47.405306+00:00,vibration_rms,,,combined,1.582,
2026-07-29T20:15:48.828734+00:00,temperature,70.027,4.0,combined,,
2026-07-29T20:15:50.049347+00:00,temperature,70.924,4.0,combined,,
2026-07-29T20:15:50.049347+00:00,vibration_rms,,,combined,1.161,
2026-07-29T20:15:51.472507+00:00,temperature,70.364,4.0,combined,,
2026-07-29T20:15:52.651522+00:00,temperature,70.651,4.0,combined,,
2026-07-29T20:15:52.651522+00:00,vibration_rms,,,combined,0.992,
2026-07-29T20:15:54.140933+00:00,temperature,70.881,4.0,combined,,
2026-07-29T20:15:55.339889+00:00,temperature,70.702,4.0,combined,,
2026-07-29T20:15:55.339889+00:00,vibration_rms,,,combined,1.172,
2026-07-29T20:15:56.791885+00:00,temperature,71.7,4.0,combined,,
2026-07-29T20:15:56.791885+00:00,door_event,,,combined,,CLOSE
2026-07-29T20:15:58.038638+00:00,temperature,70.857,4.0,combined,,
2026-07-29T20:15:58.038638+00:00,vibration_rms,,,combined,1.09,
2026-07-29T20:15:59.771238+00:00,temperature,70.851,4.0,combined,,
2026-07-29T20:16:01.027916+00:00,temperature,70.916,4.0,combined,,
2026-07-29T20:16:01.027916+00:00,vibration_rms,,,combined,1.024,
2026-07-29T20:16:02.547928+00:00,temperature,70.88,4.0,combined,,
2026-07-29T20:16:03.805205+00:00,temperature,71.395,4.0,combined,,
2026-07-29T20:16:03.805205+00:00,vibration_rms,,,combined,1.61,
2026-07-29T20:16:03.805205+00:00,door_event,,,combined,,OPEN
2026-07-29T20:16:05.395038+00:00,temperature,70.989,4.0,combined,,
2026-07-29T20:16:06.663831+00:00,temperature,71.39,4.0,combined,,
2026-07-29T20:16:06.663831+00:00,vibration_rms,,,combined,1.039,
2026-07-29T20:16:08.124481+00:00,temperature,71.19,4.0,combined,,
2026-07-29T20:16:09.383393+00:00,temperature,71.977,4.0,combined,,
2026-07-29T20:16:09.383393+00:00,vibration_rms,,,combined,1.273,
2026-07-29T20:16:10.917304+00:00,temperature,71.522,4.0,combined,,
2026-07-29T20:16:12.180515+00:00,temperature,71.912,4.0,combined,,
2026-07-29T20:16:12.180515+00:00,vibration_rms,,,combined,1.535,
2026-07-29T20:16:13.837162+00:00,temperature,71.439,4.0,combined,,
2026-07-29T20:16:15.083846+00:00,temperature,72.307,4.0,combined,,
2026-07-29T20:16:15.083846+00:00,vibration_rms,,,combined,1.199,
2026-07-29T20:16:16.595482+00:00,temperature,72.166,4.0,combined,,
2026-07-29T20:16:17.881755+00:00,temperature,72.509,4.0,combined,,
2026-07-29T20:16:17.881755+00:00,vibration_rms,,,combined,1.046,
2026-07-29T20:16:19.416592+00:00,temperature,71.817,4.0,combined,,
2026-07-29T20:16:20.714958+00:00,temperature,72.758,4.0,combined,,
2026-07-29T20:16:20.714958+00:00,vibration_rms,,,combined,1.161,
2026-07-29T20:16:22.214981+00:00,temperature,71.905,4.0,combined,,
2026-07-29T20:16:23.406777+00:00,temperature,72.263,4.0,combined,,
2026-07-29T20:16:23.406777+00:00,vibration_rms,,,combined,1.051,
2026-07-29T20:16:24.820692+00:00,temperature,72.116,4.0,combined,,
2026-07-29T20:16:25.995742+00:00,temperature,72.582,4.0,combined,,
2026-07-29T20:16:25.995742+00:00,vibration_rms,,,combined,0.849,
2026-07-29T20:16:27.504112+00:00,temperature,72.322,4.0,combined,,
2026-07-29T20:16:28.782524+00:00,temperature,72.539,4.0,combined,,
2026-07-29T20:16:28.782524+00:00,vibration_rms,,,combined,1.442,
2026-07-29T20:16:30.315032+00:00,temperature,72.679,4.0,combined,,
2026-07-29T20:16:31.562754+00:00,temperature,72.41,4.0,combined,,
2026-07-29T20:16:31.562754+00:00,vibration_rms,,,combined,1.13,
2026-07-29T20:16:32.951797+00:00,temperature,72.708,4.0,combined,,
2026-07-29T20:16:34.174500+00:00,temperature,73.236,4.0,combined,,
2026-07-29T20:16:34.174500+00:00,vibration_rms,,,combined,1.237,
2026-07-29T20:16:35.507003+00:00,temperature,73.339,4.0,combined,,
2026-07-29T20:16:36.718750+00:00,temperature,72.916,4.0,combined,,
2026-07-29T20:16:36.718750+00:00,vibration_rms,,,combined,1.226,
2026-07-29T20:16:38.151960+00:00,temperature,73.154,4.0,combined,,
2026-07-29T20:16:39.307397+00:00,temperature,73.65,4.0,combined,,
2026-07-29T20:16:39.307397+00:00,vibration_rms,,,combined,1.06,
2026-07-29T20:16:39.307397+00:00,door_event,,,combined,,OPEN
2026-07-29T20:16:40.776016+00:00,temperature,73.494,4.0,combined,,
2026-07-29T20:16:42.015917+00:00,temperature,73.027,4.0,combined,,
2026-07-29T20:16:42.015917+00:00,vibration_rms,,,combined,1.128,
2026-07-29T20:16:43.460093+00:00,temperature,73.773,4.0,combined,,
2026-07-29T20:16:44.716501+00:00,temperature,73.681,4.0,combined,,
2026-07-29T20:16:44.716501+00:00,vibration_rms,,,combined,1.088,
2026-07-29T20:16:46.052586+00:00,temperature,73.912,4.0,combined,,
2026-07-29T20:16:47.252052+00:00,temperature,74.429,4.0,combined,,
2026-07-29T20:16:47.252052+00:00,vibration_rms,,,combined,1.158,
2026-07-29T20:16:48.642789+00:00,temperature,74.208,4.0,combined,,
2026-07-29T20:16:49.830361+00:00,temperature,73.605,4.0,combined,,
2026-07-29T20:16:49.830361+00:00,vibration_rms,,,combined,1.425,
2026-07-29T20:16:51.287364+00:00,temperature,73.582,4.0,combined,,
2026-07-29T20:16:52.474605+00:00,temperature,74.679,4.0,combined,,
2026-07-29T20:16:52.474605+00:00,vibration_rms,,,combined,1.329,
2026-07-29T20:16:53.842067+00:00,temperature,74.279,4.0,combined,,
2026-07-29T20:16:55.146450+00:00,temperature,74.429,4.0,combined,,
2026-07-29T20:16:55.146450+00:00,vibration_rms,,,combined,1.429,
2026-07-29T20:16:56.496156+00:00,temperature,74.062,4.0,combined,,
2026-07-29T20:16:57.761835+00:00,temperature,74.583,4.0,combined,,
2026-07-29T20:16:57.761835+00:00,vibration_rms,,,combined,1.157,
2026-07-29T20:16:59.231002+00:00,temperature,74.896,4.0,combined,,
2026-07-29T20:17:00.438356+00:00,temperature,74.906,4.0,combined,,
2026-07-29T20:17:00.438356+00:00,vibration_rms,,,combined,1.18,
2026-07-29T20:17:02.696707+00:00,temperature,74.725,4.0,combined,,
2026-07-29T20:17:04.401746+00:00,temperature,75.075,4.0,combined,,
2026-07-29T20:17:04.401746+00:00,vibration_rms,,,combined,1.245,
2026-07-29T20:17:05.753473+00:00,temperature,75.122,4.0,combined,,
2026-07-29T20:17:06.942920+00:00,temperature,74.977,4.0,combined,,
2026-07-29T20:17:06.942920+00:00,vibration_rms,,,combined,1.417,
2026-07-29T20:17:08.331362+00:00,temperature,75.315,4.0,combined,,
2026-07-29T20:17:09.531440+00:00,temperature,74.553,4.0,combined,,
2026-07-29T20:17:09.531440+00:00,vibration_rms,,,combined,1.1,
2026-07-29T20:17:10.920517+00:00,temperature,74.976,4.0,combined,,
2026-07-29T20:17:12.163704+00:00,temperature,75.517,4.0,combined,,
2026-07-29T20:17:12.163704+00:00,vibration_rms,,,combined,1.191,
2026-07-29T20:17:13.554032+00:00,temperature,75.135,4.0,combined,,
2026-07-29T20:17:14.741977+00:00,temperature,75.462,4.0,combined,,
2026-07-29T20:17:14.741977+00:00,vibration_rms,,,combined,1.461,
2026-07-29T20:17:16.208266+00:00,temperature,74.774,4.0,combined,,
2026-07-29T20:17:17.475447+00:00,temperature,75.835,4.0,combined,,
2026-07-29T20:17:17.475447+00:00,vibration_rms,,,combined,1.204,
2026-07-29T20:17:17.475447+00:00,door_event,,,combined,,CLOSE
2026-07-29T20:17:18.880147+00:00,temperature,75.522,4.0,combined,,
2026-07-29T20:17:20.143610+00:00,temperature,75.607,4.0,combined,,
2026-07-29T20:17:20.143610+00:00,vibration_rms,,,combined,1.039,
2026-07-29T20:17:21.554369+00:00,temperature,75.793,4.0,combined,,
2026-07-29T20:17:22.750675+00:00,temperature,76.025,4.0,combined,,
2026-07-29T20:17:22.750675+00:00,vibration_rms,,,combined,1.272,
2026-07-29T20:17:24.283721+00:00,temperature,76.266,4.0,combined,,
2026-07-29T20:17:25.486544+00:00,temperature,76.306,4.0,combined,,
2026-07-29T20:17:25.486544+00:00,vibration_rms,,,combined,1.29,
2026-07-29T20:17:26.865410+00:00,temperature,76.444,4.0,combined,,
2026-07-29T20:17:28.054836+00:00,temperature,76.561,4.0,combined,,
2026-07-29T20:17:28.054836+00:00,vibration_rms,,,combined,1.223,
2026-07-29T20:17:29.554925+00:00,temperature,76.688,4.0,combined,,
2026-07-29T20:17:30.743557+00:00,temperature,76.334,4.0,combined,,
2026-07-29T20:17:30.743557+00:00,vibration_rms,,,combined,1.011,
2026-07-29T20:17:32.155108+00:00,temperature,76.689,4.0,combined,,
2026-07-29T20:17:33.343141+00:00,temperature,76.492,4.0,combined,,
2026-07-29T20:17:33.343141+00:00,vibration_rms,,,combined,1.184,
2026-07-29T20:17:34.742957+00:00,temperature,77.219,4.0,combined,,
2026-07-29T20:17:35.943386+00:00,temperature,76.691,4.0,combined,,
2026-07-29T20:17:35.943386+00:00,vibration_rms,,,combined,0.922,
2026-07-29T20:17:37.334809+00:00,temperature,76.123,4.0,combined,,
2026-07-29T20:17:38.697558+00:00,temperature,76.947,4.0,combined,,
2026-07-29T20:17:38.697558+00:00,vibration_rms,,,combined,1.224,
2026-07-29T20:17:40.432412+00:00,temperature,76.894,4.0,combined,,
2026-07-29T20:17:41.643573+00:00,temperature,77.004,4.0,combined,,
2026-07-29T20:17:41.643573+00:00,vibration_rms,,,combined,1.12,
2026-07-29T20:17:43.174427+00:00,temperature,77.251,4.0,combined,,
2026-07-29T20:17:43.174427+00:00,door_event,,,combined,,CLOSE
2026-07-29T20:17:44.507314+00:00,temperature,76.513,4.0,combined,,
2026-07-29T20:17:44.507314+00:00,vibration_rms,,,combined,1.07,
2026-07-29T20:17:46.096851+00:00,temperature,77.375,4.0,combined,,
2026-07-29T20:17:47.335575+00:00,temperature,76.836,4.0,combined,,
2026-07-29T20:17:47.335575+00:00,vibration_rms,,,combined,1.067,
2026-07-29T20:17:48.678103+00:00,temperature,77.757,4.0,combined,,
2026-07-29T20:17:49.865228+00:00,temperature,77.925,4.0,combined,,
2026-07-29T20:17:49.865228+00:00,vibration_rms,,,combined,1.218,
2026-07-29T20:17:51.255403+00:00,temperature,77.065,4.0,combined,,
2026-07-29T20:17:52.499940+00:00,temperature,77.689,4.0,combined,,
2026-07-29T20:17:52.499940+00:00,vibration_rms,,,combined,1.317,
2026-07-29T20:17:54.036450+00:00,temperature,78.17,4.0,combined,,
2026-07-29T20:17:55.236799+00:00,temperature,78.453,4.0,combined,,
2026-07-29T20:17:55.236799+00:00,vibration_rms,,,combined,1.15,
2026-07-29T20:17:56.636198+00:00,temperature,78.115,4.0,combined,,
2026-07-29T20:17:57.847030+00:00,temperature,78.21,4.0,combined,,
2026-07-29T20:17:57.847030+00:00,vibration_rms,,,combined,1.285,
2026-07-29T20:17:59.255140+00:00,temperature,77.961,4.0,combined,,
2026-07-29T20:18:00.433624+00:00,temperature,78.308,4.0,combined,,
2026-07-29T20:18:00.433624+00:00,vibration_rms,,,combined,1.153,
2026-07-29T20:18:01.803936+00:00,temperature,77.871,4.0,combined,,
2026-07-29T20:18:03.091494+00:00,temperature,78.455,4.0,combined,,
2026-07-29T20:18:03.091494+00:00,vibration_rms,,,combined,1.304,
2026-07-29T20:18:03.091494+00:00,door_event,,,combined,,OPEN
2026-07-29T20:18:04.467515+00:00,temperature,78.581,4.0,combined,,
2026-07-29T20:18:05.689168+00:00,temperature,78.644,4.0,combined,,
2026-07-29T20:18:05.689168+00:00,vibration_rms,,,combined,1.265,
2026-07-29T20:18:07.080010+00:00,temperature,78.459,4.0,combined,,
2026-07-29T20:18:07.080010+00:00,door_event,,,combined,,OPEN
2026-07-29T20:18:08.290970+00:00,temperature,78.484,4.0,combined,,
2026-07-29T20:18:08.290970+00:00,vibration_rms,,,combined,1.037,
2026-07-29T20:18:09.682692+00:00,temperature,78.75,4.0,combined,,
2026-07-29T20:18:10.903101+00:00,temperature,79.024,4.0,combined,,
2026-07-29T20:18:10.903101+00:00,vibration_rms,,,combined,1.23,
2026-07-29T20:18:12.312045+00:00,temperature,79.174,4.0,combined,,
2026-07-29T20:18:13.534264+00:00,temperature,79.214,4.0,combined,,
2026-07-29T20:18:13.534264+00:00,vibration_rms,,,combined,1.245,
2026-07-29T20:18:15.059128+00:00,temperature,78.374,4.0,combined,,
2026-07-29T20:18:16.287480+00:00,temperature,79.235,4.0,combined,,
2026-07-29T20:18:16.287480+00:00,vibration_rms,,,combined,1.24,
2026-07-29T20:18:17.667949+00:00,temperature,80.141,4.0,combined,,
2026-07-29T20:18:18.887677+00:00,temperature,78.941,4.0,combined,,
2026-07-29T20:18:18.887677+00:00,vibration_rms,,,combined,1.052,
2026-07-29T20:18:20.278356+00:00,temperature,79.328,4.0,combined,,
2026-07-29T20:18:21.501864+00:00,temperature,79.474,4.0,combined,,
2026-07-29T20:18:21.501864+00:00,vibration_rms,,,combined,1.123,
2026-07-29T20:18:22.857006+00:00,temperature,79.693,4.0,combined,,
2026-07-29T20:18:24.045948+00:00,temperature,79.096,4.0,combined,,
2026-07-29T20:18:24.045948+00:00,vibration_rms,,,combined,1.307,
2026-07-29T20:18:25.424773+00:00,temperature,79.549,4.0,combined,,
2026-07-29T20:18:26.631701+00:00,temperature,79.846,4.0,combined,,
2026-07-29T20:18:26.631701+00:00,vibration_rms,,,combined,1.209,
2026-07-29T20:18:28.068126+00:00,temperature,79.545,4.0,combined,,
2026-07-29T20:18:29.265377+00:00,temperature,79.528,4.0,combined,,
2026-07-29T20:18:29.265377+00:00,vibration_rms,,,combined,1.294,
2026-07-29T20:18:30.711896+00:00,temperature,79.824,4.0,combined,,
2026-07-29T20:18:31.935347+00:00,temperature,80.311,4.0,combined,,
2026-07-29T20:18:31.935347+00:00,vibration_rms,,,combined,1.123,
2026-07-29T20:18:33.334914+00:00,temperature,79.985,4.0,combined,,
2026-07-29T20:18:34.622391+00:00,temperature,80.64,4.0,combined,,
2026-07-29T20:18:34.622391+00:00,vibration_rms,,,combined,1.018,
2026-07-29T20:18:36.077080+00:00,temperature,80.2,4.0,combined,,
2026-07-29T20:18:37.296955+00:00,temperature,81.067,4.0,combined,,
2026-07-29T20:18:37.296955+00:00,vibration_rms,,,combined,1.422,
2026-07-29T20:18:38.690014+00:00,temperature,80.778,4.0,combined,,
2026-07-29T20:18:39.913160+00:00,temperature,80.725,4.0,combined,,
2026-07-29T20:18:39.913160+00:00,vibration_rms,,,combined,1.173,
2026-07-29T20:18:41.336146+00:00,temperature,81.11,4.0,combined,,
2026-07-29T20:18:42.535205+00:00,temperature,80.825,4.0,combined,,
2026-07-29T20:18:42.535205+00:00,vibration_rms,,,combined,1.063,
2026-07-29T20:18:43.925508+00:00,temperature,81.078,4.0,combined,,
2026-07-29T20:18:45.102652+00:00,temperature,80.901,4.0,combined,,
2026-07-29T20:18:45.102652+00:00,vibration_rms,,,combined,1.089,
2026-07-29T20:18:46.480982+00:00,temperature,81.383,4.0,combined,,
2026-07-29T20:18:47.693683+00:00,temperature,81.287,4.0,combined,,
2026-07-29T20:18:47.693683+00:00,vibration_rms,,,combined,1.106,
2026-07-29T20:18:47.693683+00:00,door_event,,,combined,,OPEN
2026-07-29T20:18:49.104947+00:00,temperature,80.785,4.0,combined,,
2026-07-29T20:18:50.332731+00:00,temperature,81.389,4.0,combined,,
2026-07-29T20:18:50.332731+00:00,vibration_rms,,,combined,1.329,
2026-07-29T20:18:51.680797+00:00,temperature,82.22,4.0,combined,,
2026-07-29T20:18:52.892113+00:00,temperature,81.441,4.0,combined,,
2026-07-29T20:18:52.892113+00:00,vibration_rms,,,combined,1.095,
2026-07-29T20:18:54.325436+00:00,temperature,81.456,4.0,combined,,
2026-07-29T20:18:55.513951+00:00,temperature,81.237,4.0,combined,,
2026-07-29T20:18:55.513951+00:00,vibration_rms,,,combined,1.31,
2026-07-29T20:18:56.893544+00:00,temperature,81.542,4.0,combined,,
2026-07-29T20:18:58.092101+00:00,temperature,81.663,4.0,combined,,
2026-07-29T20:18:58.092101+00:00,vibration_rms,,,combined,1.129,
2026-07-29T20:18:59.435934+00:00,temperature,81.975,4.0,combined,,
2026-07-29T20:19:00.636935+00:00,temperature,82.217,4.0,combined,,
2026-07-29T20:19:00.636935+00:00,vibration_rms,,,combined,1.14,
2026-07-29T20:19:02.058772+00:00,temperature,81.88,4.0,combined,,
2026-07-29T20:19:03.203333+00:00,temperature,82.384,4.0,combined,,
2026-07-29T20:19:03.203333+00:00,vibration_rms,,,combined,0.918,
2026-07-29T20:19:04.603782+00:00,temperature,82.185,4.0,combined,,
2026-07-29T20:19:05.837842+00:00,temperature,82.362,4.0,combined,,
2026-07-29T20:19:05.837842+00:00,vibration_rms,,,combined,1.109,
2026-07-29T20:19:07.237675+00:00,temperature,81.865,4.0,combined,,
2026-07-29T20:19:08.426680+00:00,temperature,82.74,4.0,combined,,
2026-07-29T20:19:08.426680+00:00,vibration_rms,,,combined,1.287,
2026-07-29T20:19:09.805430+00:00,temperature,82.521,4.0,combined,,
2026-07-29T20:19:11.047747+00:00,temperature,82.723,4.0,combined,,
2026-07-29T20:19:11.047747+00:00,vibration_rms,,,combined,1.194,
2026-07-29T20:19:12.427005+00:00,temperature,82.437,4.0,combined,,
2026-07-29T20:19:13.626518+00:00,temperature,82.874,4.0,combined,,
2026-07-29T20:19:13.626518+00:00,vibration_rms,,,combined,1.132,
2026-07-29T20:19:15.027223+00:00,temperature,81.895,4.0,combined,,
2026-07-29T20:19:16.249379+00:00,temperature,82.886,4.0,combined,,
2026-07-29T20:19:16.249379+00:00,vibration_rms,,,combined,0.999,
2026-07-29T20:19:17.638747+00:00,temperature,83.101,4.0,combined,,
2026-07-29T20:19:17.638747+00:00,door_event,,,combined,,CLOSE
2026-07-29T20:19:18.834850+00:00,temperature,83.14,4.0,combined,,
2026-07-29T20:19:18.834850+00:00,vibration_rms,,,combined,1.245,
2026-07-29T20:19:20.171895+00:00,temperature,82.857,4.0,combined,,
2026-07-29T20:19:21.360158+00:00,temperature,83.212,4.0,combined,,
2026-07-29T20:19:21.360158+00:00,vibration_rms,,,combined,1.201,
2026-07-29T20:19:22.705295+00:00,temperature,83.578,4.0,combined,,
2026-07-29T20:19:23.889998+00:00,temperature,83.233,4.0,combined,,
2026-07-29T20:19:23.889998+00:00,vibration_rms,,,combined,1.543,
2026-07-29T20:19:25.238420+00:00,temperature,83.014,4.0,combined,,
2026-07-29T20:19:26.449258+00:00,temperature,84.052,4.0,combined,,
2026-07-29T20:19:26.449258+00:00,vibration_rms,,,combined,1.412,
2026-07-29T20:19:26.449258+00:00,door_event,,,combined,,OPEN
2026-07-29T20:19:27.849751+00:00,temperature,83.467,4.0,combined,,
2026-07-29T20:19:29.067435+00:00,temperature,83.107,4.0,combined,,
2026-07-29T20:19:29.067435+00:00,vibration_rms,,,combined,1.177,
2026-07-29T20:19:30.428854+00:00,temperature,83.822,4.0,combined,,
2026-07-29T20:19:31.645602+00:00,temperature,83.285,4.0,combined,,
2026-07-29T20:19:31.645602+00:00,vibration_rms,,,combined,1.26,
2026-07-29T20:19:33.039307+00:00,temperature,83.682,4.0,combined,,
2026-07-29T20:19:34.246334+00:00,temperature,84.229,4.0,combined,,
2026-07-29T20:19:34.246334+00:00,vibration_rms,,,combined,1.311,
2026-07-29T20:19:35.672221+00:00,temperature,83.99,4.0,combined,,
2026-07-29T20:19:36.894621+00:00,temperature,84.601,4.0,combined,,
2026-07-29T20:19:36.894621+00:00,vibration_rms,,,combined,1.217,
2026-07-29T20:19:38.378596+00:00,temperature,84.522,4.0,combined,,
2026-07-29T20:19:39.595974+00:00,temperature,84.273,4.0,combined,,
2026-07-29T20:19:39.595974+00:00,vibration_rms,,,combined,1.154,
2026-07-29T20:19:41.007005+00:00,temperature,84.381,4.0,combined,,
2026-07-29T20:19:41.007005+00:00,door_event,,,combined,,CLOSE
2026-07-29T20:19:42.205845+00:00,temperature,84.488,4.0,combined,,
2026-07-29T20:19:42.205845+00:00,vibration_rms,,,combined,1.109,
2026-07-29T20:19:43.617650+00:00,temperature,84.146,4.0,combined,,
2026-07-29T20:19:44.817174+00:00,temperature,85.197,4.0,combined,,
2026-07-29T20:19:44.817174+00:00,vibration_rms,,,combined,1.344,
2026-07-29T20:19:46.207164+00:00,temperature,84.131,4.0,combined,,
2026-07-29T20:19:47.440169+00:00,temperature,85.142,4.0,combined,,
2026-07-29T20:19:47.440169+00:00,vibration_rms,,,combined,1.432,
2026-07-29T20:19:48.829657+00:00,temperature,84.674,4.0,combined,,
2026-07-29T20:19:50.016535+00:00,temperature,84.268,4.0,combined,,
2026-07-29T20:19:50.016535+00:00,vibration_rms,,,combined,1.018,
2026-07-29T20:19:51.417649+00:00,temperature,85.013,4.0,combined,,
2026-07-29T20:19:52.629607+00:00,temperature,85.07,4.0,combined,,
2026-07-29T20:19:52.629607+00:00,vibration_rms,,,combined,1.265,
2026-07-29T20:19:54.022005+00:00,temperature,85.359,4.0,combined,,
2026-07-29T20:19:55.235842+00:00,temperature,85.109,4.0,combined,,
2026-07-29T20:19:55.235842+00:00,vibration_rms,,,combined,0.956,
2026-07-29T20:19:56.597504+00:00,temperature,84.989,4.0,combined,,
2026-07-29T20:19:57.806484+00:00,temperature,85.197,4.0,combined,,
2026-07-29T20:19:57.806484+00:00,vibration_rms,,,combined,1.157,
2026-07-29T20:19:59.207217+00:00,temperature,85.094,4.0,combined,,
2026-07-29T20:20:00.396651+00:00,temperature,85.467,4.0,combined,,
2026-07-29T20:20:00.396651+00:00,vibration_rms,,,combined,1.039,
2026-07-29T20:20:01.947345+00:00,temperature,85.446,4.0,combined,,
2026-07-29T20:20:03.185090+00:00,temperature,85.73,4.0,combined,,
2026-07-29T20:20:03.185090+00:00,vibration_rms,,,combined,1.062,
2026-07-29T20:20:04.635844+00:00,temperature,86.016,4.0,combined,,
2026-07-29T20:20:05.869434+00:00,temperature,85.968,4.0,combined,,
2026-07-29T20:20:05.869434+00:00,vibration_rms,,,combined,1.256,
2026-07-29T20:20:05.869434+00:00,door_event,,,combined,,OPEN
2026-07-29T20:20:07.527704+00:00,temperature,86.584,4.0,combined,,
2026-07-29T20:20:07.527704+00:00,door_event,,,combined,,OPEN
2026-07-29T20:20:09.053884+00:00,temperature,86.05,4.0,combined,,
2026-07-29T20:20:09.053884+00:00,vibration_rms,,,combined,0.971,
2026-07-29T20:20:10.485985+00:00,temperature,86.385,4.0,combined,,
2026-07-29T20:20:10.485985+00:00,door_event,,,combined,,CLOSE
2026-07-29T20:20:11.708474+00:00,temperature,86.487,4.0,combined,,
2026-07-29T20:20:11.708474+00:00,vibration_rms,,,combined,1.255,
2026-07-29T20:20:13.118676+00:00,temperature,85.617,4.0,combined,,
2026-07-29T20:20:14.385250+00:00,temperature,86.587,4.0,combined,,
2026-07-29T20:20:14.385250+00:00,vibration_rms,,,combined,1.027,
2026-07-29T20:20:15.796637+00:00,temperature,86.045,4.0,combined,,
2026-07-29T20:20:16.973397+00:00,temperature,86.241,4.0,combined,,
2026-07-29T20:20:16.973397+00:00,vibration_rms,,,combined,1.154,
2026-07-29T20:20:18.331274+00:00,temperature,86.51,4.0,combined,,
2026-07-29T20:20:19.585662+00:00,temperature,86.882,4.0,combined,,
2026-07-29T20:20:19.585662+00:00,vibration_rms,,,combined,0.996,
2026-07-29T20:20:21.026176+00:00,temperature,86.872,4.0,combined,,
2026-07-29T20:20:22.307116+00:00,temperature,87.15,4.0,combined,,
2026-07-29T20:20:22.307116+00:00,vibration_rms,,,combined,1.206,
2026-07-29T20:20:23.770352+00:00,temperature,87.324,4.0,combined,,
2026-07-29T20:20:24.993015+00:00,temperature,86.41,4.0,combined,,
2026-07-29T20:20:24.993015+00:00,vibration_rms,,,combined,1.203,
2026-07-29T20:20:26.416065+00:00,temperature,87.417,4.0,combined,,
2026-07-29T20:20:27.609483+00:00,temperature,87.347,4.0,combined,,
2026-07-29T20:20:27.609483+00:00,vibration_rms,,,combined,1.209,
2026-07-29T20:20:29.042746+00:00,temperature,86.901,4.0,combined,,
2026-07-29T20:20:30.249045+00:00,temperature,87.13,4.0,combined,,
2026-07-29T20:20:30.249045+00:00,vibration_rms,,,combined,1.28,
2026-07-29T20:20:31.652648+00:00,temperature,87.516,4.0,combined,,
2026-07-29T20:20:32.819607+00:00,temperature,87.63,4.0,combined,,
2026-07-29T20:20:32.819607+00:00,vibration_rms,,,combined,1.274,
2026-07-29T20:20:34.253178+00:00,temperature,86.849,4.0,combined,,
2026-07-29T20:20:35.470733+00:00,temperature,87.751,4.0,combined,,
2026-07-29T20:20:35.470733+00:00,vibration_rms,,,combined,1.213,
2026-07-29T20:20:36.831063+00:00,temperature,87.343,4.0,combined,,
2026-07-29T20:20:38.076720+00:00,temperature,87.978,4.0,combined,,
2026-07-29T20:20:38.076720+00:00,vibration_rms,,,combined,1.134,
2026-07-29T20:20:39.493374+00:00,temperature,87.777,4.0,combined,,
2026-07-29T20:20:40.704775+00:00,temperature,88.036,4.0,combined,,
2026-07-29T20:20:40.704775+00:00,vibration_rms,,,combined,1.291,
2026-07-29T20:20:42.120108+00:00,temperature,87.749,4.0,combined,,
2026-07-29T20:20:43.298532+00:00,temperature,88.612,4.0,combined,,
2026-07-29T20:20:43.298532+00:00,vibration_rms,,,combined,1.206,
2026-07-29T20:20:44.709461+00:00,temperature,88.15,4.0,combined,,
2026-07-29T20:20:45.964557+00:00,temperature,88.289,4.0,combined,,
2026-07-29T20:20:45.964557+00:00,vibration_rms,,,combined,1.305,
2026-07-29T20:20:47.331788+00:00,temperature,88.587,4.0,combined,,
2026-07-29T20:20:48.552785+00:00,temperature,88.385,4.0,combined,,
2026-07-29T20:20:48.552785+00:00,vibration_rms,,,combined,1.263,
2026-07-29T20:20:49.909658+00:00,temperature,88.808,4.0,combined,,
2026-07-29T20:20:51.143415+00:00,temperature,88.328,4.0,combined,,
2026-07-29T20:20:51.143415+00:00,vibration_rms,,,combined,1.163,
2026-07-29T20:20:52.609549+00:00,temperature,88.194,4.0,combined,,
2026-07-29T20:20:53.821027+00:00,temperature,89.118,4.0,combined,,
2026-07-29T20:20:53.821027+00:00,vibration_rms,,,combined,1.463,
2026-07-29T20:20:55.188221+00:00,temperature,88.985,4.0,combined,,
2026-07-29T20:20:55.188221+00:00,door_event,,,combined,,OPEN
2026-07-29T20:20:56.398061+00:00,temperature,88.534,4.0,combined,,
2026-07-29T20:20:56.398061+00:00,vibration_rms,,,combined,1.35,
2026-07-29T20:20:57.765555+00:00,temperature,89.24,4.0,combined,,
2026-07-29T20:20:57.765555+00:00,door_event,,,combined,,CLOSE
2026-07-29T20:20:58.975591+00:00,temperature,89.03,4.0,combined,,
2026-07-29T20:20:58.975591+00:00,vibration_rms,,,combined,1.254,
2026-07-29T20:21:00.378425+00:00,temperature,89.301,4.0,combined,,
2026-07-29T20:21:01.643093+00:00,temperature,88.922,4.0,combined,,
2026-07-29T20:21:01.643093+00:00,vibration_rms,,,combined,1.048,
2026-07-29T20:21:03.046464+00:00,temperature,88.906,4.0,combined,,
2026-07-29T20:21:04.257484+00:00,temperature,89.294,4.0,combined,,
2026-07-29T20:21:04.257484+00:00,vibration_rms,,,combined,1.222,
2026-07-29T20:21:05.721658+00:00,temperature,89.429,4.0,combined,,
2026-07-29T20:21:06.991616+00:00,temperature,89.533,4.0,combined,,
2026-07-29T20:21:06.991616+00:00,vibration_rms,,,combined,0.979,
2026-07-29T20:21:08.422008+00:00,temperature,90.115,4.0,combined,,
2026-07-29T20:21:09.613337+00:00,temperature,89.316,4.0,combined,,
2026-07-29T20:21:09.613337+00:00,vibration_rms,,,combined,1.274,
2026-07-29T20:21:10.980247+00:00,temperature,89.681,4.0,combined,,
2026-07-29T20:21:12.224510+00:00,temperature,89.857,4.0,combined,,
2026-07-29T20:21:12.224510+00:00,vibration_rms,,,combined,1.227,
2026-07-29T20:21:12.224510+00:00,door_event,,,combined,,CLOSE
2026-07-29T20:21:13.636748+00:00,temperature,90.06,4.0,combined,,
2026-07-29T20:21:14.891613+00:00,temperature,89.868,4.0,combined,,
2026-07-29T20:21:14.891613+00:00,vibration_rms,,,combined,1.206,
2026-07-29T20:21:16.345507+00:00,temperature,89.582,4.0,combined,,
2026-07-29T20:21:17.569506+00:00,temperature,90.279,4.0,combined,,
2026-07-29T20:21:17.569506+00:00,vibration_rms,,,combined,1.142,
2026-07-29T20:21:18.981002+00:00,temperature,90.083,4.0,combined,,
2026-07-29T20:21:20.178747+00:00,temperature,90.022,4.0,combined,,
2026-07-29T20:21:20.178747+00:00,vibration_rms,,,combined,1.064,
2026-07-29T20:21:21.569697+00:00,temperature,90.069,4.0,combined,,
2026-07-29T20:21:22.798317+00:00,temperature,90.527,4.0,combined,,
2026-07-29T20:21:22.798317+00:00,vibration_rms,,,combined,1.248,
2026-07-29T20:21:24.280338+00:00,temperature,90.365,4.0,combined,,
2026-07-29T20:21:25.535131+00:00,temperature,90.438,4.0,combined,,
2026-07-29T20:21:25.535131+00:00,vibration_rms,,,combined,1.002,
2026-07-29T20:21:26.982789+00:00,temperature,90.573,4.0,combined,,
2026-07-29T20:21:28.247247+00:00,temperature,90.128,4.0,combined,,
2026-07-29T20:21:28.247247+00:00,vibration_rms,,,combined,1.088,
2026-07-29T20:21:29.644649+00:00,temperature,91.028,4.0,combined,,
2026-07-29T20:21:29.644649+00:00,door_event,,,combined,,CLOSE
2026-07-29T20:21:30.864204+00:00,temperature,91.197,4.0,combined,,
2026-07-29T20:21:30.864204+00:00,vibration_rms,,,combined,1.43,
2026-07-29T20:21:32.268093+00:00,temperature,90.67,4.0,combined,,
2026-07-29T20:21:33.503521+00:00,temperature,90.502,4.0,combined,,
2026-07-29T20:21:33.503521+00:00,vibration_rms,,,combined,1.476,
2026-07-29T20:21:34.878933+00:00,temperature,91.106,4.0,combined,,
2026-07-29T20:21:34.878933+00:00,door_event,,,combined,,OPEN
2026-07-29T20:21:36.098140+00:00,temperature,91.261,4.0,combined,,
2026-07-29T20:21:36.098140+00:00,vibration_rms,,,combined,1.47,
2026-07-29T20:21:37.523168+00:00,temperature,91.54,4.0,combined,,
2026-07-29T20:21:38.759423+00:00,temperature,91.541,4.0,combined,,
2026-07-29T20:21:38.759423+00:00,vibration_rms,,,combined,1.215,
2026-07-29T20:21:40.149422+00:00,temperature,91.457,4.0,combined,,
2026-07-29T20:21:41.365944+00:00,temperature,91.7,4.0,combined,,
2026-07-29T20:21:41.365944+00:00,vibration_rms,,,combined,1.21,
2026-07-29T20:21:42.800609+00:00,temperature,92.136,4.0,combined,,
2026-07-29T20:21:44.048891+00:00,temperature,92.222,4.0,combined,,
2026-07-29T20:21:44.048891+00:00,vibration_rms,,,combined,1.386,
2026-07-29T20:21:45.516253+00:00,temperature,92.149,4.0,combined,,
2026-07-29T20:21:46.755871+00:00,temperature,92.156,4.0,combined,,
2026-07-29T20:21:46.755871+00:00,vibration_rms,,,combined,1.249,
2026-07-29T20:21:48.180557+00:00,temperature,92.025,4.0,combined,,
2026-07-29T20:21:49.382178+00:00,temperature,91.175,4.0,combined,,
2026-07-29T20:21:49.382178+00:00,vibration_rms,,,combined,1.022,
2026-07-29T20:21:50.835179+00:00,temperature,91.89,4.0,combined,,
2026-07-29T20:21:52.049033+00:00,temperature,92.637,4.0,combined,,
2026-07-29T20:21:52.049033+00:00,vibration_rms,,,combined,1.218,
2026-07-29T20:21:53.455920+00:00,temperature,92.382,4.0,combined,,
2026-07-29T20:21:54.671088+00:00,temperature,92.439,4.0,combined,,
2026-07-29T20:21:54.671088+00:00,vibration_rms,,,combined,1.226,
2026-07-29T20:21:56.138527+00:00,temperature,92.3,4.0,combined,,
2026-07-29T20:21:57.371258+00:00,temperature,92.249,4.0,combined,,
2026-07-29T20:21:57.371258+00:00,vibration_rms,,,combined,1.395,
2026-07-29T20:21:58.801576+00:00,temperature,92.858,4.0,combined,,
2026-07-29T20:21:59.993489+00:00,temperature,92.969,4.0,combined,,
2026-07-29T20:21:59.993489+00:00,vibration_rms,,,combined,1.372,
2026-07-29T20:22:01.413105+00:00,temperature,92.488,4.0,combined,,
2026-07-29T20:22:02.614427+00:00,temperature,92.699,4.0,combined,,
2026-07-29T20:22:02.614427+00:00,vibration_rms,,,combined,1.078,
2026-07-29T20:22:04.025540+00:00,temperature,93.077,4.0,combined,,
2026-07-29T20:22:05.260578+00:00,temperature,93.286,4.0,combined,,
2026-07-29T20:22:05.260578+00:00,vibration_rms,,,combined,1.276,
2026-07-29T20:22:06.691429+00:00,temperature,93.259,4.0,combined,,
2026-07-29T20:22:07.901214+00:00,temperature,93.038,4.0,combined,,
2026-07-29T20:22:07.901214+00:00,vibration_rms,,,combined,1.281,
2026-07-29T20:22:09.358165+00:00,temperature,93.131,4.0,combined,,
2026-07-29T20:22:10.583826+00:00,temperature,93.618,4.0,combined,,
2026-07-29T20:22:10.583826+00:00,vibration_rms,,,combined,1.24,
2026-07-29T20:22:12.037021+00:00,temperature,93.035,4.0,combined,,
2026-07-29T20:22:13.270443+00:00,temperature,93.644,4.0,combined,,
2026-07-29T20:22:13.270443+00:00,vibration_rms,,,combined,1.021,
2026-07-29T20:22:14.725928+00:00,temperature,93.168,4.0,combined,,
2026-07-29T20:22:15.950196+00:00,temperature,93.898,4.0,combined,,
2026-07-29T20:22:15.950196+00:00,vibration_rms,,,combined,1.023,
2026-07-29T20:22:17.382381+00:00,temperature,94.011,4.0,combined,,
2026-07-29T20:22:18.594728+00:00,temperature,93.694,4.0,combined,,
2026-07-29T20:22:18.594728+00:00,vibration_rms,,,combined,1.3,
2026-07-29T20:22:20.025344+00:00,temperature,94.189,4.0,combined,,
2026-07-29T20:22:21.271701+00:00,temperature,94.317,4.0,combined,,
2026-07-29T20:22:21.271701+00:00,vibration_rms,,,combined,1.235,
2026-07-29T20:22:22.660676+00:00,temperature,94.089,4.0,combined,,
2026-07-29T20:22:23.882382+00:00,temperature,94.046,4.0,combined,,
2026-07-29T20:22:23.882382+00:00,vibration_rms,,,combined,1.244,
2026-07-29T20:22:25.288451+00:00,temperature,94.393,4.0,combined,,
2026-07-29T20:22:26.501329+00:00,temperature,94.135,4.0,combined,,
2026-07-29T20:22:26.501329+00:00,vibration_rms,,,combined,1.094,
2026-07-29T20:22:27.898476+00:00,temperature,94.636,4.0,combined,,
2026-07-29T20:22:29.145862+00:00,temperature,94.692,4.0,combined,,
2026-07-29T20:22:29.145862+00:00,vibration_rms,,,combined,1.272,
2026-07-29T20:22:30.579709+00:00,temperature,94.872,4.0,combined,,
2026-07-29T20:22:31.768794+00:00,temperature,94.543,4.0,combined,,
2026-07-29T20:22:31.768794+00:00,vibration_rms,,,combined,1.068,
2026-07-29T20:22:33.178364+00:00,temperature,94.981,4.0,combined,,
2026-07-29T20:22:34.413262+00:00,temperature,94.65,4.0,combined,,
2026-07-29T20:22:34.413262+00:00,vibration_rms,,,combined,1.301,
2026-07-29T20:22:35.810190+00:00,temperature,94.754,4.0,combined,,
2026-07-29T20:22:37.058388+00:00,temperature,95.43,4.0,combined,,
2026-07-29T20:22:37.058388+00:00,vibration_rms,,,combined,1.247,
2026-07-29T20:22:37.058388+00:00,door_event,,,combined,,OPEN
2026-07-29T20:22:38.445585+00:00,temperature,95.134,4.0,combined,,
2026-07-29T20:22:39.668631+00:00,temperature,95.108,4.0,combined,,
2026-07-29T20:22:39.668631+00:00,vibration_rms,,,combined,1.182,
2026-07-29T20:22:41.057196+00:00,temperature,94.945,4.0,combined,,
2026-07-29T20:22:42.291600+00:00,temperature,95.465,4.0,combined,,
2026-07-29T20:22:42.291600+00:00,vibration_rms,,,combined,0.842,
2026-07-29T20:22:43.699329+00:00,temperature,95.783,4.0,combined,,
2026-07-29T20:22:44.900485+00:00,temperature,95.291,4.0,combined,,
2026-07-29T20:22:44.900485+00:00,vibration_rms,,,combined,1.313,
2026-07-29T20:22:46.236232+00:00,temperature,95.726,4.0,combined,,
2026-07-29T20:22:47.470338+00:00,temperature,95.578,4.0,combined,,
2026-07-29T20:22:47.470338+00:00,vibration_rms,,,combined,1.307,
2026-07-29T20:22:48.867084+00:00,temperature,95.642,4.0,combined,,
2026-07-29T20:22:50.091913+00:00,temperature,95.285,4.0,combined,,
2026-07-29T20:22:50.091913+00:00,vibration_rms,,,combined,1.169,
2026-07-29T20:22:51.511373+00:00,temperature,96.108,4.0,combined,,
2026-07-29T20:22:52.737146+00:00,temperature,95.753,4.0,combined,,
2026-07-29T20:22:52.737146+00:00,vibration_rms,,,combined,0.886,
2026-07-29T20:22:54.159272+00:00,temperature,95.883,4.0,combined,,
2026-07-29T20:22:55.380938+00:00,temperature,95.828,4.0,combined,,
2026-07-29T20:22:55.380938+00:00,vibration_rms,,,combined,1.275,
2026-07-29T20:22:56.724813+00:00,temperature,95.61,4.0,combined,,
2026-07-29T20:22:57.958458+00:00,temperature,95.729,4.0,combined,,
2026-07-29T20:22:57.958458+00:00,vibration_rms,,,combined,1.082,
2026-07-29T20:22:59.405281+00:00,temperature,96.019,4.0,combined,,
2026-07-29T20:23:00.622902+00:00,temperature,96.214,4.0,combined,,
2026-07-29T20:23:00.622902+00:00,vibration_rms,,,combined,1.324,
2026-07-29T20:23:02.035839+00:00,temperature,97.14,4.0,combined,,
2026-07-29T20:23:03.258865+00:00,temperature,96.502,4.0,combined,,
2026-07-29T20:23:03.258865+00:00,vibration_rms,,,combined,1.162,
2026-07-29T20:23:04.651090+00:00,temperature,96.588,4.0,combined,,
2026-07-29T20:23:05.845484+00:00,temperature,96.988,4.0,combined,,
2026-07-29T20:23:05.845484+00:00,vibration_rms,,,combined,1.269,
2026-07-29T20:23:07.272355+00:00,temperature,96.963,4.0,combined,,
2026-07-29T20:23:08.492421+00:00,temperature,97.09,4.0,combined,,
2026-07-29T20:23:08.492421+00:00,vibration_rms,,,combined,1.433,
2026-07-29T20:23:09.871453+00:00,temperature,96.721,4.0,combined,,
2026-07-29T20:23:11.103586+00:00,temperature,96.787,4.0,combined,,
2026-07-29T20:23:11.103586+00:00,vibration_rms,,,combined,1.003,
2026-07-29T20:23:12.534526+00:00,temperature,97.331,4.0,combined,,
2026-07-29T20:23:13.746487+00:00,temperature,97.531,4.0,combined,,
2026-07-29T20:23:13.746487+00:00,vibration_rms,,,combined,1.454,
2026-07-29T20:23:15.157567+00:00,temperature,97.1,4.0,combined,,
2026-07-29T20:23:16.359942+00:00,temperature,97.586,4.0,combined,,
2026-07-29T20:23:16.359942+00:00,vibration_rms,,,combined,1.249,
2026-07-29T20:23:17.763899+00:00,temperature,97.483,4.0,combined,,
2026-07-29T20:23:19.003964+00:00,temperature,97.142,4.0,combined,,
2026-07-29T20:23:19.003964+00:00,vibration_rms,,,combined,1.107,
2026-07-29T20:23:20.395998+00:00,temperature,97.212,4.0,combined,,
2026-07-29T20:23:21.604977+00:00,temperature,97.557,4.0,combined,,
2026-07-29T20:23:21.604977+00:00,vibration_rms,,,combined,1.013,
2026-07-29T20:23:23.023334+00:00,temperature,98.225,4.0,combined,,
2026-07-29T20:23:24.259926+00:00,temperature,98.165,4.0,combined,,
2026-07-29T20:23:24.259926+00:00,vibration_rms,,,combined,1.322,
2026-07-29T20:23:25.627441+00:00,temperature,97.952,4.0,combined,,
2026-07-29T20:23:26.848962+00:00,temperature,98.386,4.0,combined,,
2026-07-29T20:23:26.848962+00:00,vibration_rms,,,combined,1.144,
2026-07-29T20:23:28.250270+00:00,temperature,98.423,4.0,combined,,
2026-07-29T20:23:29.471565+00:00,temperature,97.679,4.0,combined,,
2026-07-29T20:23:29.471565+00:00,vibration_rms,,,combined,1.288,
2026-07-29T20:23:30.846711+00:00,temperature,97.795,4.0,combined,,
2026-07-29T20:23:32.071786+00:00,temperature,98.12,4.0,combined,,
2026-07-29T20:23:32.071786+00:00,vibration_rms,,,combined,1.081,
2026-07-29T20:23:33.481263+00:00,temperature,98.69,4.0,combined,,
2026-07-29T20:23:34.749441+00:00,temperature,98.027,4.0,combined,,
2026-07-29T20:23:34.749441+00:00,vibration_rms,,,combined,1.319,
2026-07-29T20:23:36.205664+00:00,temperature,98.683,4.0,combined,,
2026-07-29T20:23:37.426820+00:00,temperature,99.114,4.0,combined,,
2026-07-29T20:23:37.426820+00:00,vibration_rms,,,combined,1.16,
2026-07-29T20:23:38.813913+00:00,temperature,98.784,4.0,combined,,
2026-07-29T20:23:40.038077+00:00,temperature,98.651,4.0,combined,,
2026-07-29T20:23:40.038077+00:00,vibration_rms,,,combined,1.341,
2026-07-29T20:23:41.498481+00:00,temperature,99.111,4.0,combined,,
2026-07-29T20:23:42.738502+00:00,temperature,98.899,4.0,combined,,
2026-07-29T20:23:42.738502+00:00,vibration_rms,,,combined,1.109,
2026-07-29T20:23:44.173481+00:00,temperature,98.94,4.0,combined,,
2026-07-29T20:23:45.460456+00:00,temperature,98.75,4.0,combined,,
2026-07-29T20:23:45.460456+00:00,vibration_rms,,,combined,1.233,
2026-07-29T20:23:46.926127+00:00,temperature,99.092,4.0,combined,,
2026-07-29T20:23:48.139413+00:00,temperature,99.492,4.0,combined,,
2026-07-29T20:23:48.139413+00:00,vibration_rms,,,combined,1.256,
2026-07-29T20:23:49.533022+00:00,temperature,99.242,4.0,combined,,
2026-07-29T20:23:50.750832+00:00,temperature,99.262,4.0,combined,,
2026-07-29T20:23:50.750832+00:00,vibration_rms,,,combined,1.086,
2026-07-29T20:23:52.207361+00:00,temperature,100.231,4.0,combined,,
2026-07-29T20:23:53.427744+00:00,temperature,99.495,4.0,combined,,
2026-07-29T20:23:53.427744+00:00,vibration_rms,,,combined,1.052,
2026-07-29T20:23:54.851312+00:00,temperature,99.474,4.0,combined,,
2026-07-29T20:23:56.073287+00:00,temperature,99.517,4.0,combined,,
2026-07-29T20:23:56.073287+00:00,vibration_rms,,,combined,1.509,
2026-07-29T20:23:57.472211+00:00,temperature,99.38,4.0,combined,,
2026-07-29T20:23:58.706858+00:00,temperature,100.389,4.0,combined,,
2026-07-29T20:23:58.706858+00:00,vibration_rms,,,combined,1.383,
2026-07-29T20:24:00.116992+00:00,temperature,99.977,4.0,combined,,
2026-07-29T20:24:01.328239+00:00,temperature,100.239,4.0,combined,,
2026-07-29T20:24:01.328239+00:00,vibration_rms,,,combined,1.142,
2026-07-29T20:24:02.763806+00:00,temperature,99.673,4.0,combined,,
2026-07-29T20:24:04.001397+00:00,temperature,100.245,4.0,combined,,
2026-07-29T20:24:04.001397+00:00,vibration_rms,,,combined,1.144,
2026-07-29T20:24:05.381886+00:00,temperature,100.307,4.0,combined,,
2026-07-29T20:24:06.593477+00:00,temperature,100.367,4.0,combined,,
2026-07-29T20:24:06.593477+00:00,vibration_rms,,,combined,1.216,
2026-07-29T20:24:08.015235+00:00,temperature,100.705,4.0,combined,,
2026-07-29T20:24:09.204067+00:00,temperature,100.667,4.0,combined,,
2026-07-29T20:24:09.204067+00:00,vibration_rms,,,combined,1.165,
2026-07-29T20:24:10.603650+00:00,temperature,101.059,4.0,combined,,
2026-07-29T20:24:11.817584+00:00,temperature,100.618,4.0,combined,,
2026-07-29T20:24:11.817584+00:00,vibration_rms,,,combined,1.043,
2026-07-29T20:24:13.204166+00:00,temperature,100.788,4.0,combined,,
2026-07-29T20:24:14.417795+00:00,temperature,101.262,4.0,combined,,
2026-07-29T20:24:14.417795+00:00,vibration_rms,,,combined,1.33,
2026-07-29T20:24:15.827492+00:00,temperature,100.926,4.0,combined,,
2026-07-29T20:24:17.018075+00:00,temperature,101.331,4.0,combined,,
2026-07-29T20:24:17.018075+00:00,vibration_rms,,,combined,1.14,
2026-07-29T20:24:18.408741+00:00,temperature,101.309,4.0,combined,,
2026-07-29T20:24:18.408741+00:00,door_event,,,combined,,OPEN
2026-07-29T20:24:19.631094+00:00,temperature,101.164,4.0,combined,,
2026-07-29T20:24:19.631094+00:00,vibration_rms,,,combined,1.2,
2026-07-29T20:24:21.062600+00:00,temperature,101.396,4.0,combined,,
2026-07-29T20:24:22.288528+00:00,temperature,101.722,4.0,combined,,
2026-07-29T20:24:22.288528+00:00,vibration_rms,,,combined,1.239,
2026-07-29T20:24:23.682835+00:00,temperature,100.743,4.0,combined,,
2026-07-29T20:24:24.917989+00:00,temperature,101.747,4.0,combined,,
2026-07-29T20:24:24.917989+00:00,vibration_rms,,,combined,1.457,
2026-07-29T20:24:26.326682+00:00,temperature,101.475,4.0,combined,,
2026-07-29T20:24:27.537801+00:00,temperature,101.678,4.0,combined,,
2026-07-29T20:24:27.537801+00:00,vibration_rms,,,combined,1.3,
2026-07-29T20:24:28.927542+00:00,temperature,101.853,4.0,combined,,
2026-07-29T20:24:30.162766+00:00,temperature,101.877,4.0,combined,,
2026-07-29T20:24:30.162766+00:00,vibration_rms,,,combined,1.085,
2026-07-29T20:24:31.582762+00:00,temperature,102.089,4.0,combined,,
2026-07-29T20:24:32.830670+00:00,temperature,102.151,4.0,combined,,
2026-07-29T20:24:32.830670+00:00,vibration_rms,,,combined,0.965,
2026-07-29T20:24:34.227072+00:00,temperature,101.997,4.0,combined,,
2026-07-29T20:24:35.463165+00:00,temperature,101.56,4.0,combined,,
2026-07-29T20:24:35.463165+00:00,vibration_rms,,,combined,1.034,
2026-07-29T20:24:36.849797+00:00,temperature,102.537,4.0,combined,,
2026-07-29T20:24:38.060927+00:00,temperature,101.941,4.0,combined,,
2026-07-29T20:24:38.060927+00:00,vibration_rms,,,combined,1.253,
2026-07-29T20:24:39.441175+00:00,temperature,101.965,4.0,combined,,
2026-07-29T20:24:40.685491+00:00,temperature,102.44,4.0,combined,,
2026-07-29T20:24:40.685491+00:00,vibration_rms,,,combined,1.248,
2026-07-29T20:24:40.685491+00:00,door_event,,,combined,,OPEN
2026-07-29T20:24:42.112856+00:00,temperature,101.984,4.0,combined,,
2026-07-29T20:24:42.112856+00:00,door_event,,,combined,,OPEN
2026-07-29T20:24:43.300502+00:00,temperature,102.53,4.0,combined,,
2026-07-29T20:24:43.300502+00:00,vibration_rms,,,combined,1.369,
2026-07-29T20:24:44.709271+00:00,temperature,102.914,4.0,combined,,
2026-07-29T20:24:45.963516+00:00,temperature,102.629,4.0,combined,,
2026-07-29T20:24:45.963516+00:00,vibration_rms,,,combined,1.282,
2026-07-29T20:24:47.338685+00:00,temperature,102.516,4.0,combined,,
2026-07-29T20:24:48.563877+00:00,temperature,103.052,4.0,combined,,
2026-07-29T20:24:48.563877+00:00,vibration_rms,,,combined,1.076,
2026-07-29T20:24:49.941149+00:00,temperature,102.647,4.0,combined,,
2026-07-29T20:24:51.164702+00:00,temperature,103.039,4.0,combined,,
2026-07-29T20:24:51.164702+00:00,vibration_rms,,,combined,1.117,
2026-07-29T20:24:52.601615+00:00,temperature,103.248,4.0,combined,,
2026-07-29T20:24:53.830977+00:00,temperature,102.693,4.0,combined,,
2026-07-29T20:24:53.830977+00:00,vibration_rms,,,combined,1.4,
2026-07-29T20:24:55.261070+00:00,temperature,103.096,4.0,combined,,
2026-07-29T20:24:56.500751+00:00,temperature,103.326,4.0,combined,,
2026-07-29T20:24:56.500751+00:00,vibration_rms,,,combined,0.927,
2026-07-29T20:24:57.894578+00:00,temperature,103.302,4.0,combined,,
2026-07-29T20:24:59.084276+00:00,temperature,103.5,4.0,combined,,
2026-07-29T20:24:59.084276+00:00,vibration_rms,,,combined,1.176,
2026-07-29T20:25:00.479064+00:00,temperature,103.556,4.0,combined,,
2026-07-29T20:25:01.697562+00:00,temperature,103.635,4.0,combined,,
2026-07-29T20:25:01.697562+00:00,vibration_rms,,,combined,1.219,
2026-07-29T20:25:03.120406+00:00,temperature,103.603,4.0,combined,,
2026-07-29T20:25:03.120406+00:00,door_event,,,combined,,OPEN
2026-07-29T20:25:04.354944+00:00,temperature,104.31,4.0,combined,,
2026-07-29T20:25:04.354944+00:00,vibration_rms,,,combined,1.285,
2026-07-29T20:25:05.803210+00:00,temperature,103.692,4.0,combined,,
2026-07-29T20:25:07.020785+00:00,temperature,104.081,4.0,combined,,
2026-07-29T20:25:07.020785+00:00,vibration_rms,,,combined,1.17,
2026-07-29T20:25:08.429762+00:00,temperature,103.969,4.0,combined,,
2026-07-29T20:25:09.631271+00:00,temperature,103.802,4.0,combined,,
2026-07-29T20:25:09.631271+00:00,vibration_rms,,,combined,1.468,
2026-07-29T20:25:10.998149+00:00,temperature,104.457,4.0,combined,,
2026-07-29T20:25:12.242739+00:00,temperature,104.514,4.0,combined,,
2026-07-29T20:25:12.242739+00:00,vibration_rms,,,combined,1.128,
2026-07-29T20:25:13.651934+00:00,temperature,104.472,4.0,combined,,
2026-07-29T20:25:14.876452+00:00,temperature,104.612,4.0,combined,,
2026-07-29T20:25:14.876452+00:00,vibration_rms,,,combined,0.948,
2026-07-29T20:25:16.342892+00:00,temperature,104.799,4.0,combined,,
2026-07-29T20:25:17.563283+00:00,temperature,104.919,4.0,combined,,
2026-07-29T20:25:17.563283+00:00,vibration_rms,,,combined,1.385,
2026-07-29T20:25:17.563283+00:00,door_event,,,combined,,OPEN
2026-07-29T20:25:18.919883+00:00,temperature,105.047,4.0,combined,,
2026-07-29T20:25:20.164979+00:00,temperature,105.165,4.0,combined,,
2026-07-29T20:25:20.164979+00:00,vibration_rms,,,combined,0.992,
2026-07-29T20:25:21.573795+00:00,temperature,105.081,4.0,combined,,
2026-07-29T20:25:22.788321+00:00,temperature,105.114,4.0,combined,,
2026-07-29T20:25:22.788321+00:00,vibration_rms,,,combined,1.016,
2026-07-29T20:25:24.208481+00:00,temperature,104.82,4.0,combined,,
2026-07-29T20:25:25.431385+00:00,temperature,105.152,4.0,combined,,
2026-07-29T20:25:25.431385+00:00,vibration_rms,,,combined,1.253,
2026-07-29T20:25:26.902354+00:00,temperature,105.35,4.0,combined,,
2026-07-29T20:25:28.110195+00:00,temperature,105.705,4.0,combined,,
2026-07-29T20:25:28.110195+00:00,vibration_rms,,,combined,0.89,
2026-07-29T20:25:29.465870+00:00,temperature,105.218,4.0,combined,,
2026-07-29T20:25:30.688858+00:00,temperature,105.271,4.0,combined,,
2026-07-29T20:25:30.688858+00:00,vibration_rms,,,combined,1.152,
2026-07-29T20:25:32.065532+00:00,temperature,105.262,4.0,combined,,
2026-07-29T20:25:33.263686+00:00,temperature,105.438,4.0,combined,,
2026-07-29T20:25:33.263686+00:00,vibration_rms,,,combined,1.279,
2026-07-29T20:25:34.715281+00:00,temperature,105.829,4.0,combined,,
2026-07-29T20:25:35.933269+00:00,temperature,105.918,4.0,combined,,
2026-07-29T20:25:35.933269+00:00,vibration_rms,,,combined,1.394,
2026-07-29T20:25:37.331240+00:00,temperature,105.867,4.0,combined,,
2026-07-29T20:25:38.577075+00:00,temperature,105.684,4.0,combined,,
2026-07-29T20:25:38.577075+00:00,vibration_rms,,,combined,0.938,
2026-07-29T20:25:39.986561+00:00,temperature,106.123,4.0,combined,,
2026-07-29T20:25:41.219578+00:00,temperature,106.035,4.0,combined,,
2026-07-29T20:25:41.219578+00:00,vibration_rms,,,combined,1.229,
2026-07-29T20:25:42.724905+00:00,temperature,105.593,4.0,combined,,
2026-07-29T20:25:43.955544+00:00,temperature,106.419,4.0,combined,,
2026-07-29T20:25:43.955544+00:00,vibration_rms,,,combined,1.024,
2026-07-29T20:25:45.436010+00:00,temperature,106.233,4.0,combined,,
2026-07-29T20:25:46.669869+00:00,temperature,106.449,4.0,combined,,
2026-07-29T20:25:46.669869+00:00,vibration_rms,,,combined,1.052,
2026-07-29T20:25:48.267145+00:00,temperature,106.329,4.0,combined,,
2026-07-29T20:25:49.511237+00:00,temperature,106.717,4.0,combined,,
2026-07-29T20:25:49.511237+00:00,vibration_rms,,,combined,1.054,
2026-07-29T20:25:50.944598+00:00,temperature,106.138,4.0,combined,,
2026-07-29T20:25:52.167136+00:00,temperature,106.907,4.0,combined,,
2026-07-29T20:25:52.167136+00:00,vibration_rms,,,combined,1.028,
2026-07-29T20:25:53.711949+00:00,temperature,107.215,4.0,combined,,
2026-07-29T20:25:54.966672+00:00,temperature,106.904,4.0,combined,,
2026-07-29T20:25:54.966672+00:00,vibration_rms,,,combined,1.167,
2026-07-29T20:25:56.391468+00:00,temperature,107.073,4.0,combined,,
2026-07-29T20:25:56.391468+00:00,door_event,,,combined,,CLOSE
2026-07-29T20:25:57.602003+00:00,temperature,107.236,4.0,combined,,
2026-07-29T20:25:57.602003+00:00,vibration_rms,,,combined,1.23,
2026-07-29T20:25:59.013458+00:00,temperature,106.938,4.0,combined,,
2026-07-29T20:26:00.211628+00:00,temperature,106.574,4.0,combined,,
2026-07-29T20:26:00.211628+00:00,vibration_rms,,,combined,1.324,
2026-07-29T20:26:01.626053+00:00,temperature,107.325,4.0,combined,,
2026-07-29T20:26:02.870349+00:00,temperature,107.807,4.0,combined,,
2026-07-29T20:26:02.870349+00:00,vibration_rms,,,combined,1.183,
2026-07-29T20:26:04.376316+00:00,temperature,107.622,4.0,combined,,
2026-07-29T20:26:05.600404+00:00,temperature,107.819,4.0,combined,,
2026-07-29T20:26:05.600404+00:00,vibration_rms,,,combined,1.198,
2026-07-29T20:26:07.035270+00:00,temperature,107.808,4.0,combined,,
2026-07-29T20:26:08.256300+00:00,temperature,107.768,4.0,combined,,
2026-07-29T20:26:08.256300+00:00,vibration_rms,,,combined,1.167,
2026-07-29T20:26:09.687819+00:00,temperature,107.699,4.0,combined,,
2026-07-29T20:26:10.923790+00:00,temperature,108.075,4.0,combined,,
2026-07-29T20:26:10.923790+00:00,vibration_rms,,,combined,1.217,
2026-07-29T20:26:12.390093+00:00,temperature,107.792,4.0,combined,,
2026-07-29T20:26:13.627849+00:00,temperature,108.024,4.0,combined,,
2026-07-29T20:26:13.627849+00:00,vibration_rms,,,combined,1.275,
2026-07-29T20:26:15.055551+00:00,temperature,108.129,4.0,combined,,
2026-07-29T20:26:16.257049+00:00,temperature,108.004,4.0,combined,,
2026-07-29T20:26:16.257049+00:00,vibration_rms,,,combined,1.258,
2026-07-29T20:26:18.232664+00:00,temperature,108.493,4.0,combined,,
2026-07-29T20:26:19.476944+00:00,temperature,108.283,4.0,combined,,
2026-07-29T20:26:19.476944+00:00,vibration_rms,,,combined,1.309,
2026-07-29T20:26:20.891288+00:00,temperature,108.152,4.0,combined,,
2026-07-29T20:26:22.128018+00:00,temperature,108.483,4.0,combined,,
2026-07-29T20:26:22.128018+00:00,vibration_rms,,,combined,0.99,
2026-07-29T20:26:23.593811+00:00,temperature,108.244,4.0,combined,,
2026-07-29T20:26:23.593811+00:00,door_event,,,combined,,CLOSE
2026-07-29T20:26:24.829289+00:00,temperature,108.941,4.0,combined,,
2026-07-29T20:26:24.829289+00:00,vibration_rms,,,combined,1.052,
2026-07-29T20:26:26.262016+00:00,temperature,108.431,4.0,combined,,
2026-07-29T20:26:27.482807+00:00,temperature,109.001,4.0,combined,,
2026-07-29T20:26:27.482807+00:00,vibration_rms,,,combined,1.304,
2026-07-29T20:26:28.912824+00:00,temperature,108.823,4.0,combined,,
2026-07-29T20:26:30.128350+00:00,temperature,109.204,4.0,combined,,
2026-07-29T20:26:30.128350+00:00,vibration_rms,,,combined,1.241,
2026-07-29T20:26:31.530640+00:00,temperature,109.283,4.0,combined,,
2026-07-29T20:26:32.805469+00:00,temperature,109.429,4.0,combined,,
2026-07-29T20:26:32.805469+00:00,vibration_rms,,,combined,0.971,
2026-07-29T20:26:34.274415+00:00,temperature,108.954,4.0,combined,,
2026-07-29T20:26:35.450051+00:00,temperature,109.633,4.0,combined,,
2026-07-29T20:26:35.450051+00:00,vibration_rms,,,combined,1.086,
2026-07-29T20:26:36.851969+00:00,temperature,109.397,4.0,combined,,
2026-07-29T20:26:38.083559+00:00,temperature,109.376,4.0,combined,,
2026-07-29T20:26:38.083559+00:00,vibration_rms,,,combined,1.333,
2026-07-29T20:26:39.459129+00:00,temperature,109.814,4.0,combined,,
2026-07-29T20:26:40.695095+00:00,temperature,109.86,4.0,combined,,
2026-07-29T20:26:40.695095+00:00,vibration_rms,,,combined,1.157,
2026-07-29T20:26:42.125465+00:00,temperature,109.669,4.0,combined,,
2026-07-29T20:26:43.349995+00:00,temperature,109.974,4.0,combined,,
2026-07-29T20:26:43.349995+00:00,vibration_rms,,,combined,1.15,
2026-07-29T20:26:44.759750+00:00,temperature,109.885,4.0,combined,,
2026-07-29T20:26:45.973008+00:00,temperature,109.939,4.0,combined,,
2026-07-29T20:26:45.973008+00:00,vibration_rms,,,combined,1.408,
2026-07-29T20:26:47.364570+00:00,temperature,109.966,4.0,combined,,
2026-07-29T20:26:48.606358+00:00,temperature,110.173,4.0,combined,,
2026-07-29T20:26:48.606358+00:00,vibration_rms,,,combined,0.971,
2026-07-29T20:26:50.040195+00:00,temperature,110.56,4.0,combined,,
2026-07-29T20:26:51.262218+00:00,temperature,110.05,4.0,combined,,
2026-07-29T20:26:51.262218+00:00,vibration_rms,,,combined,1.46,
2026-07-29T20:26:52.684714+00:00,temperature,110.179,4.0,combined,,
2026-07-29T20:26:53.891969+00:00,temperature,110.436,4.0,combined,,
2026-07-29T20:26:53.891969+00:00,vibration_rms,,,combined,1.218,
2026-07-29T20:26:55.296169+00:00,temperature,110.416,4.0,combined,,
2026-07-29T20:26:56.556360+00:00,temperature,110.633,4.0,combined,,
2026-07-29T20:26:56.556360+00:00,vibration_rms,,,combined,0.95,
2026-07-29T20:26:58.004305+00:00,temperature,111.151,4.0,combined,,
2026-07-29T20:26:59.215071+00:00,temperature,110.361,4.0,combined,,
2026-07-29T20:26:59.215071+00:00,vibration_rms,,,combined,1.284,
2026-07-29T20:27:00.637305+00:00,temperature,110.897,4.0,combined,,
2026-07-29T20:27:01.836929+00:00,temperature,110.82,4.0,combined,,
2026-07-29T20:27:01.836929+00:00,vibration_rms,,,combined,1.201,
2026-07-29T20:27:03.293178+00:00,temperature,110.903,4.0,combined,,
2026-07-29T20:27:04.519078+00:00,temperature,111.291,4.0,combined,,
2026-07-29T20:27:04.519078+00:00,vibration_rms,,,combined,1.036,
2026-07-29T20:27:05.927818+00:00,temperature,111.3,4.0,combined,,
2026-07-29T20:27:07.148343+00:00,temperature,111.258,4.0,combined,,
2026-07-29T20:27:07.148343+00:00,vibration_rms,,,combined,1.165,
2026-07-29T20:27:08.549530+00:00,temperature,111.373,4.0,combined,,
2026-07-29T20:27:09.762989+00:00,temperature,111.547,4.0,combined,,
2026-07-29T20:27:09.762989+00:00,vibration_rms,,,combined,1.372,
2026-07-29T20:27:11.182152+00:00,temperature,111.567,4.0,combined,,
2026-07-29T20:27:12.405162+00:00,temperature,111.625,4.0,combined,,
2026-07-29T20:27:12.405162+00:00,vibration_rms,,,combined,1.269,
2026-07-29T20:27:13.866389+00:00,temperature,111.022,4.0,combined,,
2026-07-29T20:27:15.081872+00:00,temperature,111.115,4.0,combined,,
2026-07-29T20:27:15.081872+00:00,vibration_rms,,,combined,1.174,
2026-07-29T20:27:16.471467+00:00,temperature,112.032,4.0,combined,,
2026-07-29T20:27:17.679769+00:00,temperature,111.75,4.0,combined,,
2026-07-29T20:27:17.679769+00:00,vibration_rms,,,combined,0.939,
2026-07-29T20:27:19.093313+00:00,temperature,111.844,4.0,combined,,
2026-07-29T20:27:20.307953+00:00,temperature,112.153,4.0,combined,,
2026-07-29T20:27:20.307953+00:00,vibration_rms,,,combined,1.241,
2026-07-29T20:27:21.797339+00:00,temperature,112.225,4.0,combined,,
2026-07-29T20:27:23.007989+00:00,temperature,112.512,4.0,combined,,
2026-07-29T20:27:23.007989+00:00,vibration_rms,,,combined,1.064,
2026-07-29T20:27:24.438641+00:00,temperature,112.113,4.0,combined,,
2026-07-29T20:27:25.671467+00:00,temperature,112.191,4.0,combined,,
2026-07-29T20:27:25.671467+00:00,vibration_rms,,,combined,1.137,
2026-07-29T20:27:27.050310+00:00,temperature,112.512,4.0,combined,,
2026-07-29T20:27:28.252538+00:00,temperature,112.842,4.0,combined,,
2026-07-29T20:27:28.252538+00:00,vibration_rms,,,combined,1.316,
2026-07-29T20:27:29.675197+00:00,temperature,112.757,4.0,combined,,
2026-07-29T20:27:30.896743+00:00,temperature,112.713,4.0,combined,,
2026-07-29T20:27:30.896743+00:00,vibration_rms,,,combined,1.358,
2026-07-29T20:27:32.316722+00:00,temperature,112.434,4.0,combined,,
2026-07-29T20:27:33.563688+00:00,temperature,112.873,4.0,combined,,
2026-07-29T20:27:33.563688+00:00,vibration_rms,,,combined,1.501,
