timestamp,sensor,value_c,setpoint_c,anomaly_mode,value_g,event
2026-07-29T18:51:33.899938+00:00,temperature,4.085,4.0,none,,
2026-07-29T18:51:35.097230+00:00,temperature,4.028,4.0,none,,
2026-07-29T18:51:35.097230+00:00,vibration_rms,,,none,0.343,
2026-07-29T18:51:36.562981+00:00,temperature,4.38,4.0,none,,
2026-07-29T18:51:37.764810+00:00,temperature,3.465,4.0,none,,
2026-07-29T18:51:37.764810+00:00,vibration_rms,,,none,0.442,
2026-07-29T18:51:39.131649+00:00,temperature,4.076,4.0,none,,
2026-07-29T18:51:40.361927+00:00,temperature,4.229,4.0,none,,
2026-07-29T18:51:40.361927+00:00,vibration_rms,,,none,0.423,
2026-07-29T18:51:41.752015+00:00,temperature,3.798,4.0,none,,
2026-07-29T18:51:42.989952+00:00,temperature,3.823,4.0,none,,
2026-07-29T18:51:42.989952+00:00,vibration_rms,,,none,0.463,
2026-07-29T18:51:42.989952+00:00,door_event,,,none,,CLOSE
2026-07-29T18:51:44.446824+00:00,temperature,4.099,4.0,none,,
2026-07-29T18:51:45.666211+00:00,temperature,3.717,4.0,none,,
2026-07-29T18:51:45.666211+00:00,vibration_rms,,,none,0.429,
2026-07-29T18:51:47.064155+00:00,temperature,4.03,4.0,none,,
2026-07-29T18:51:48.297556+00:00,temperature,4.385,4.0,none,,
2026-07-29T18:51:48.297556+00:00,vibration_rms,,,none,0.368,
2026-07-29T18:51:49.685948+00:00,temperature,4.226,4.0,none,,
2026-07-29T18:51:50.933364+00:00,temperature,3.846,4.0,none,,
2026-07-29T18:51:50.933364+00:00,vibration_rms,,,none,0.539,
2026-07-29T18:51:52.341525+00:00,temperature,3.844,4.0,none,,
2026-07-29T18:51:52.341525+00:00,door_event,,,none,,OPEN
2026-07-29T18:51:53.592066+00:00,temperature,4.105,4.0,none,,
2026-07-29T18:51:53.592066+00:00,vibration_rms,,,none,0.492,
2026-07-29T18:51:55.033618+00:00,temperature,3.967,4.0,none,,
2026-07-29T18:51:56.220428+00:00,temperature,4.169,4.0,none,,
2026-07-29T18:51:56.220428+00:00,vibration_rms,,,none,0.385,
2026-07-29T18:51:57.589249+00:00,temperature,3.766,4.0,none,,
2026-07-29T18:51:58.790388+00:00,temperature,4.133,4.0,none,,
2026-07-29T18:51:58.790388+00:00,vibration_rms,,,none,0.445,
2026-07-29T18:52:00.208837+00:00,temperature,3.855,4.0,none,,
2026-07-29T18:52:01.422972+00:00,temperature,3.481,4.0,none,,
2026-07-29T18:52:01.422972+00:00,vibration_rms,,,none,0.418,
2026-07-29T18:52:02.801550+00:00,temperature,3.549,4.0,none,,
2026-07-29T18:52:04.012012+00:00,temperature,4.232,4.0,none,,
2026-07-29T18:52:04.012012+00:00,vibration_rms,,,none,0.426,
2026-07-29T18:52:05.444655+00:00,temperature,4.184,4.0,none,,
2026-07-29T18:52:06.644187+00:00,temperature,3.838,4.0,none,,
2026-07-29T18:52:06.644187+00:00,vibration_rms,,,none,0.501,
2026-07-29T18:52:08.014612+00:00,temperature,3.635,4.0,none,,
2026-07-29T18:52:09.213103+00:00,temperature,4.101,4.0,none,,
2026-07-29T18:52:09.213103+00:00,vibration_rms,,,none,0.484,
2026-07-29T18:52:10.592161+00:00,temperature,4.114,4.0,none,,
2026-07-29T18:52:11.790566+00:00,temperature,4.133,4.0,none,,
2026-07-29T18:52:11.790566+00:00,vibration_rms,,,none,0.391,
2026-07-29T18:52:13.157299+00:00,temperature,3.424,4.0,none,,
2026-07-29T18:52:14.380239+00:00,temperature,3.544,4.0,none,,
2026-07-29T18:52:14.380239+00:00,vibration_rms,,,none,0.393,
2026-07-29T18:52:15.810629+00:00,temperature,4.191,4.0,none,,
2026-07-29T18:52:17.013569+00:00,temperature,4.455,4.0,none,,
2026-07-29T18:52:17.013569+00:00,vibration_rms,,,none,0.39,
2026-07-29T18:52:18.421896+00:00,temperature,3.895,4.0,none,,
2026-07-29T18:52:19.632948+00:00,temperature,3.554,4.0,none,,
2026-07-29T18:52:19.632948+00:00,vibration_rms,,,none,0.482,
2026-07-29T18:52:21.021743+00:00,temperature,4.23,4.0,none,,
2026-07-29T18:52:22.224736+00:00,temperature,4.027,4.0,none,,
2026-07-29T18:52:22.224736+00:00,vibration_rms,,,none,0.448,
2026-07-29T18:52:23.557290+00:00,temperature,4.164,4.0,none,,
2026-07-29T18:52:24.736774+00:00,temperature,3.958,4.0,none,,
2026-07-29T18:52:24.736774+00:00,vibration_rms,,,none,0.448,
2026-07-29T18:52:26.113045+00:00,temperature,3.948,4.0,none,,
2026-07-29T18:52:27.325424+00:00,temperature,4.212,4.0,none,,
2026-07-29T18:52:27.325424+00:00,vibration_rms,,,none,0.487,
2026-07-29T18:52:28.725784+00:00,temperature,3.779,4.0,none,,
2026-07-29T18:52:29.914898+00:00,temperature,4.062,4.0,none,,
2026-07-29T18:52:29.914898+00:00,vibration_rms,,,none,0.358,
2026-07-29T18:52:31.291008+00:00,temperature,4.004,4.0,none,,
2026-07-29T18:52:32.491302+00:00,temperature,4.414,4.0,none,,
2026-07-29T18:52:32.491302+00:00,vibration_rms,,,none,0.384,
2026-07-29T18:52:33.894803+00:00,temperature,4.67,4.0,none,,
2026-07-29T18:52:35.103130+00:00,temperature,4.166,4.0,none,,
2026-07-29T18:52:35.103130+00:00,vibration_rms,,,none,0.442,
2026-07-29T18:52:36.521991+00:00,temperature,3.791,4.0,none,,
2026-07-29T18:52:37.737093+00:00,temperature,3.992,4.0,none,,
2026-07-29T18:52:37.737093+00:00,vibration_rms,,,none,0.457,
2026-07-29T18:52:39.156600+00:00,temperature,3.765,4.0,none,,
2026-07-29T18:52:40.348817+00:00,temperature,3.275,4.0,none,,
2026-07-29T18:52:40.348817+00:00,vibration_rms,,,none,0.407,
2026-07-29T18:52:41.715370+00:00,temperature,3.632,4.0,none,,
2026-07-29T18:52:42.882664+00:00,temperature,3.512,4.0,none,,
2026-07-29T18:52:42.882664+00:00,vibration_rms,,,none,0.45,
2026-07-29T18:52:44.237559+00:00,temperature,4.225,4.0,none,,
2026-07-29T18:52:45.416588+00:00,temperature,3.826,4.0,none,,
2026-07-29T18:52:45.416588+00:00,vibration_rms,,,none,0.473,
2026-07-29T18:52:46.783383+00:00,temperature,3.874,4.0,none,,
2026-07-29T18:52:48.049002+00:00,temperature,4.261,4.0,none,,
2026-07-29T18:52:48.049002+00:00,vibration_rms,,,none,0.455,
2026-07-29T18:52:49.485343+00:00,temperature,3.796,4.0,none,,
2026-07-29T18:52:50.683895+00:00,temperature,3.997,4.0,none,,
2026-07-29T18:52:50.683895+00:00,vibration_rms,,,none,0.394,
2026-07-29T18:52:52.049412+00:00,temperature,4.4,4.0,none,,
2026-07-29T18:52:52.049412+00:00,door_event,,,none,,CLOSE
2026-07-29T18:52:53.284201+00:00,temperature,4.111,4.0,none,,
2026-07-29T18:52:53.284201+00:00,vibration_rms,,,none,0.442,
2026-07-29T18:52:54.648650+00:00,temperature,3.211,4.0,none,,
2026-07-29T18:52:55.906237+00:00,temperature,4.099,4.0,none,,
2026-07-29T18:52:55.906237+00:00,vibration_rms,,,none,0.553,
2026-07-29T18:52:57.318117+00:00,temperature,4.191,4.0,none,,
2026-07-29T18:52:58.527471+00:00,temperature,3.581,4.0,none,,
2026-07-29T18:52:58.527471+00:00,vibration_rms,,,none,0.426,
2026-07-29T18:52:59.937088+00:00,temperature,3.605,4.0,none,,
2026-07-29T18:53:01.149494+00:00,temperature,3.972,4.0,none,,
2026-07-29T18:53:01.149494+00:00,vibration_rms,,,none,0.506,
2026-07-29T18:53:02.505254+00:00,temperature,3.83,4.0,none,,
2026-07-29T18:53:03.727332+00:00,temperature,3.976,4.0,none,,
2026-07-29T18:53:03.727332+00:00,vibration_rms,,,none,0.428,
2026-07-29T18:53:05.135981+00:00,temperature,3.9,4.0,none,,
2026-07-29T18:53:06.338528+00:00,temperature,4.082,4.0,none,,
2026-07-29T18:53:06.338528+00:00,vibration_rms,,,none,0.494,
2026-07-29T18:53:07.769484+00:00,temperature,3.774,4.0,none,,
2026-07-29T18:53:09.039332+00:00,temperature,4.057,4.0,none,,
2026-07-29T18:53:09.039332+00:00,vibration_rms,,,none,0.382,
2026-07-29T18:53:10.472783+00:00,temperature,4.5,4.0,none,,
2026-07-29T18:53:11.706202+00:00,temperature,3.621,4.0,none,,
2026-07-29T18:53:11.706202+00:00,vibration_rms,,,none,0.433,
2026-07-29T18:53:13.114542+00:00,temperature,4.391,4.0,none,,
2026-07-29T18:53:14.328359+00:00,temperature,3.945,4.0,none,,
2026-07-29T18:53:14.328359+00:00,vibration_rms,,,none,0.48,
2026-07-29T18:53:15.683841+00:00,temperature,4.419,4.0,none,,
2026-07-29T18:53:16.884579+00:00,temperature,4.287,4.0,none,,
2026-07-29T18:53:16.884579+00:00,vibration_rms,,,none,0.415,
2026-07-29T18:53:18.252794+00:00,temperature,3.827,4.0,none,,
2026-07-29T18:53:19.460480+00:00,temperature,4.474,4.0,none,,
2026-07-29T18:53:19.460480+00:00,vibration_rms,,,none,0.524,
2026-07-29T18:53:20.860759+00:00,temperature,3.909,4.0,none,,
2026-07-29T18:53:22.051126+00:00,temperature,4.037,4.0,none,,
2026-07-29T18:53:22.051126+00:00,vibration_rms,,,none,0.456,
2026-07-29T18:53:23.470947+00:00,temperature,3.628,4.0,none,,
2026-07-29T18:53:24.641050+00:00,temperature,4.125,4.0,none,,
2026-07-29T18:53:24.641050+00:00,vibration_rms,,,none,0.5,
2026-07-29T18:53:25.984472+00:00,temperature,3.853,4.0,none,,
2026-07-29T18:53:27.198253+00:00,temperature,3.763,4.0,none,,
2026-07-29T18:53:27.198253+00:00,vibration_rms,,,none,0.486,
2026-07-29T18:53:28.565851+00:00,temperature,3.534,4.0,none,,
2026-07-29T18:53:29.763347+00:00,temperature,4.396,4.0,none,,
2026-07-29T18:53:29.763347+00:00,vibration_rms,,,none,0.463,
2026-07-29T18:53:31.152709+00:00,temperature,4.165,4.0,none,,
2026-07-29T18:53:32.329452+00:00,temperature,4.064,4.0,none,,
2026-07-29T18:53:32.329452+00:00,vibration_rms,,,none,0.354,
2026-07-29T18:53:33.651800+00:00,temperature,4.005,4.0,none,,
2026-07-29T18:53:33.651800+00:00,door_event,,,none,,OPEN
2026-07-29T18:53:34.827144+00:00,temperature,3.96,4.0,none,,
2026-07-29T18:53:34.827144+00:00,vibration_rms,,,none,0.503,
2026-07-29T18:53:36.219070+00:00,temperature,3.784,4.0,none,,
2026-07-29T18:53:37.441704+00:00,temperature,4.507,4.0,none,,
2026-07-29T18:53:37.441704+00:00,vibration_rms,,,none,0.524,
2026-07-29T18:53:38.861551+00:00,temperature,3.92,4.0,none,,
2026-07-29T18:53:40.053143+00:00,temperature,4.016,4.0,none,,
2026-07-29T18:53:40.053143+00:00,vibration_rms,,,none,0.532,
2026-07-29T18:53:41.448723+00:00,temperature,3.779,4.0,none,,
2026-07-29T18:53:42.663191+00:00,temperature,4.148,4.0,none,,
2026-07-29T18:53:42.663191+00:00,vibration_rms,,,none,0.408,
2026-07-29T18:53:44.018573+00:00,temperature,4.597,4.0,none,,
2026-07-29T18:53:45.208359+00:00,temperature,3.775,4.0,none,,
2026-07-29T18:53:45.208359+00:00,vibration_rms,,,none,0.366,
2026-07-29T18:53:46.564495+00:00,temperature,4.715,4.0,none,,
2026-07-29T18:53:47.753932+00:00,temperature,3.999,4.0,none,,
2026-07-29T18:53:47.753932+00:00,vibration_rms,,,none,0.379,
2026-07-29T18:53:49.162906+00:00,temperature,4.349,4.0,none,,
2026-07-29T18:53:50.375948+00:00,temperature,4.231,4.0,none,,
2026-07-29T18:53:50.375948+00:00,vibration_rms,,,none,0.516,
2026-07-29T18:53:51.785208+00:00,temperature,4.065,4.0,none,,
2026-07-29T18:53:51.785208+00:00,door_event,,,none,,OPEN
2026-07-29T18:53:52.965921+00:00,temperature,4.425,4.0,none,,
2026-07-29T18:53:52.965921+00:00,vibration_rms,,,none,0.436,
2026-07-29T18:53:54.331319+00:00,temperature,3.627,4.0,none,,
2026-07-29T18:53:55.520413+00:00,temperature,4.005,4.0,none,,
2026-07-29T18:53:55.520413+00:00,vibration_rms,,,none,0.433,
2026-07-29T18:53:56.919423+00:00,temperature,4.156,4.0,none,,
2026-07-29T18:53:58.109532+00:00,temperature,3.986,4.0,none,,
2026-07-29T18:53:58.109532+00:00,vibration_rms,,,none,0.389,
2026-07-29T18:53:59.510111+00:00,temperature,4.026,4.0,none,,
2026-07-29T18:54:00.753999+00:00,temperature,3.228,4.0,none,,
2026-07-29T18:54:00.753999+00:00,vibration_rms,,,none,0.396,
2026-07-29T18:54:00.753999+00:00,door_event,,,none,,CLOSE
2026-07-29T18:54:02.219512+00:00,temperature,4.384,4.0,none,,
2026-07-29T18:54:03.421548+00:00,temperature,4.149,4.0,none,,
2026-07-29T18:54:03.421548+00:00,vibration_rms,,,none,0.412,
2026-07-29T18:54:04.784763+00:00,temperature,3.556,4.0,none,,
2026-07-29T18:54:05.995456+00:00,temperature,3.9,4.0,none,,
2026-07-29T18:54:05.995456+00:00,vibration_rms,,,none,0.361,
2026-07-29T18:54:07.373773+00:00,temperature,4.452,4.0,none,,
2026-07-29T18:54:08.571764+00:00,temperature,4.458,4.0,none,,
2026-07-29T18:54:08.571764+00:00,vibration_rms,,,none,0.424,
2026-07-29T18:54:09.951232+00:00,temperature,3.936,4.0,none,,
2026-07-29T18:54:11.155102+00:00,temperature,3.949,4.0,none,,
2026-07-29T18:54:11.155102+00:00,vibration_rms,,,none,0.391,
2026-07-29T18:54:12.533735+00:00,temperature,4.148,4.0,none,,
2026-07-29T18:54:13.718823+00:00,temperature,3.422,4.0,none,,
2026-07-29T18:54:13.718823+00:00,vibration_rms,,,none,0.495,
2026-07-29T18:54:15.107983+00:00,temperature,3.724,4.0,none,,
2026-07-29T18:54:16.301766+00:00,temperature,3.814,4.0,none,,
2026-07-29T18:54:16.301766+00:00,vibration_rms,,,none,0.454,
2026-07-29T18:54:17.656485+00:00,temperature,3.638,4.0,none,,
2026-07-29T18:54:18.841423+00:00,temperature,3.778,4.0,none,,
2026-07-29T18:54:18.841423+00:00,vibration_rms,,,none,0.456,
2026-07-29T18:54:20.252267+00:00,temperature,4.319,4.0,none,,
2026-07-29T18:54:21.474714+00:00,temperature,3.836,4.0,none,,
2026-07-29T18:54:21.474714+00:00,vibration_rms,,,none,0.515,
2026-07-29T18:54:22.871712+00:00,temperature,3.9,4.0,none,,
2026-07-29T18:54:24.122319+00:00,temperature,3.912,4.0,none,,
2026-07-29T18:54:24.122319+00:00,vibration_rms,,,none,0.456,
2026-07-29T18:54:24.122319+00:00,door_event,,,none,,OPEN
2026-07-29T18:54:25.520133+00:00,temperature,4.408,4.0,none,,
2026-07-29T18:54:26.723723+00:00,temperature,3.947,4.0,none,,
2026-07-29T18:54:26.723723+00:00,vibration_rms,,,none,0.48,
2026-07-29T18:54:28.103282+00:00,temperature,3.843,4.0,none,,
2026-07-29T18:54:29.286567+00:00,temperature,3.39,4.0,none,,
2026-07-29T18:54:29.286567+00:00,vibration_rms,,,none,0.46,
2026-07-29T18:54:30.739561+00:00,temperature,4.1,4.0,none,,
2026-07-29T18:54:31.942725+00:00,temperature,4.057,4.0,none,,
2026-07-29T18:54:31.942725+00:00,vibration_rms,,,none,0.472,
2026-07-29T18:54:33.383848+00:00,temperature,3.84,4.0,none,,
2026-07-29T18:54:34.575832+00:00,temperature,3.535,4.0,none,,
2026-07-29T18:54:34.575832+00:00,vibration_rms,,,none,0.44,
2026-07-29T18:54:35.945419+00:00,temperature,4.108,4.0,none,,
2026-07-29T18:54:37.142904+00:00,temperature,3.855,4.0,none,,
2026-07-29T18:54:37.142904+00:00,vibration_rms,,,none,0.391,
2026-07-29T18:54:38.522025+00:00,temperature,3.889,4.0,none,,
2026-07-29T18:54:39.698517+00:00,temperature,3.728,4.0,none,,
2026-07-29T18:54:39.698517+00:00,vibration_rms,,,none,0.409,
2026-07-29T18:54:41.070955+00:00,temperature,4.161,4.0,none,,
2026-07-29T18:54:42.299628+00:00,temperature,4.483,4.0,none,,
2026-07-29T18:54:42.299628+00:00,vibration_rms,,,none,0.456,
2026-07-29T18:54:43.698844+00:00,temperature,3.935,4.0,none,,
2026-07-29T18:54:44.931948+00:00,temperature,4.452,4.0,none,,
2026-07-29T18:54:44.931948+00:00,vibration_rms,,,none,0.441,
2026-07-29T18:54:46.307429+00:00,temperature,4.243,4.0,none,,
2026-07-29T18:54:47.513955+00:00,temperature,3.702,4.0,none,,
2026-07-29T18:54:47.513955+00:00,vibration_rms,,,none,0.435,
2026-07-29T18:54:48.855931+00:00,temperature,4.29,4.0,none,,
2026-07-29T18:54:50.044916+00:00,temperature,3.598,4.0,none,,
2026-07-29T18:54:50.044916+00:00,vibration_rms,,,none,0.391,
2026-07-29T18:54:51.466555+00:00,temperature,3.61,4.0,none,,
2026-07-29T18:54:52.666823+00:00,temperature,4.17,4.0,none,,
2026-07-29T18:54:52.666823+00:00,vibration_rms,,,none,0.532,
2026-07-29T18:54:54.103171+00:00,temperature,3.81,4.0,none,,
2026-07-29T18:54:55.336716+00:00,temperature,4.198,4.0,none,,
2026-07-29T18:54:55.336716+00:00,vibration_rms,,,none,0.45,
2026-07-29T18:54:56.788254+00:00,temperature,3.674,4.0,none,,
2026-07-29T18:54:58.003846+00:00,temperature,4.185,4.0,none,,
2026-07-29T18:54:58.003846+00:00,vibration_rms,,,none,0.493,
2026-07-29T18:54:59.382477+00:00,temperature,4.141,4.0,none,,
2026-07-29T18:55:00.592033+00:00,temperature,3.869,4.0,none,,
2026-07-29T18:55:00.592033+00:00,vibration_rms,,,none,0.407,
2026-07-29T18:55:02.025079+00:00,temperature,4.283,4.0,none,,
2026-07-29T18:55:03.248519+00:00,temperature,4.332,4.0,none,,
2026-07-29T18:55:03.248519+00:00,vibration_rms,,,none,0.419,
2026-07-29T18:55:04.657437+00:00,temperature,3.838,4.0,none,,
2026-07-29T18:55:05.848543+00:00,temperature,3.764,4.0,none,,
2026-07-29T18:55:05.848543+00:00,vibration_rms,,,none,0.416,
2026-07-29T18:55:07.214796+00:00,temperature,4.095,4.0,none,,
2026-07-29T18:55:08.437867+00:00,temperature,4.779,4.0,none,,
2026-07-29T18:55:08.437867+00:00,vibration_rms,,,none,0.344,
2026-07-29T18:55:09.793488+00:00,temperature,3.604,4.0,none,,
2026-07-29T18:55:11.005417+00:00,temperature,4.187,4.0,none,,
2026-07-29T18:55:11.005417+00:00,vibration_rms,,,none,0.45,
2026-07-29T18:55:12.434180+00:00,temperature,3.715,4.0,none,,
2026-07-29T18:55:13.628065+00:00,temperature,3.981,4.0,none,,
2026-07-29T18:55:13.628065+00:00,vibration_rms,,,none,0.475,
2026-07-29T18:55:15.026621+00:00,temperature,4.32,4.0,none,,
2026-07-29T18:55:16.227097+00:00,temperature,4.142,4.0,none,,
2026-07-29T18:55:16.227097+00:00,vibration_rms,,,none,0.466,
2026-07-29T18:55:17.593893+00:00,temperature,4.265,4.0,none,,
2026-07-29T18:55:18.802014+00:00,temperature,3.778,4.0,none,,
2026-07-29T18:55:18.802014+00:00,vibration_rms,,,none,0.485,
2026-07-29T18:55:20.213812+00:00,temperature,4.213,4.0,none,,
2026-07-29T18:55:21.402861+00:00,temperature,3.966,4.0,none,,
2026-07-29T18:55:21.402861+00:00,vibration_rms,,,none,0.537,
2026-07-29T18:55:21.402861+00:00,door_event,,,none,,OPEN
2026-07-29T18:55:22.808592+00:00,temperature,3.764,4.0,none,,
2026-07-29T18:55:24.003555+00:00,temperature,4.554,4.0,none,,
2026-07-29T18:55:24.003555+00:00,vibration_rms,,,none,0.431,
2026-07-29T18:55:25.488908+00:00,temperature,3.829,4.0,none,,
2026-07-29T18:55:26.705804+00:00,temperature,3.438,4.0,none,,
2026-07-29T18:55:26.705804+00:00,vibration_rms,,,none,0.497,
2026-07-29T18:55:28.081051+00:00,temperature,4.016,4.0,none,,
2026-07-29T18:55:29.272140+00:00,temperature,4.296,4.0,none,,
2026-07-29T18:55:29.272140+00:00,vibration_rms,,,none,0.428,
2026-07-29T18:55:30.649020+00:00,temperature,3.825,4.0,none,,
2026-07-29T18:55:31.850044+00:00,temperature,4.075,4.0,none,,
2026-07-29T18:55:31.850044+00:00,vibration_rms,,,none,0.507,
2026-07-29T18:55:33.350339+00:00,temperature,3.622,4.0,none,,
2026-07-29T18:55:34.583994+00:00,temperature,3.985,4.0,none,,
2026-07-29T18:55:34.583994+00:00,vibration_rms,,,none,0.394,
2026-07-29T18:55:36.034171+00:00,temperature,3.274,4.0,none,,
2026-07-29T18:55:37.273652+00:00,temperature,3.698,4.0,none,,
2026-07-29T18:55:37.273652+00:00,vibration_rms,,,none,0.383,
2026-07-29T18:55:38.780998+00:00,temperature,4.202,4.0,none,,
2026-07-29T18:55:38.780998+00:00,door_event,,,none,,CLOSE
2026-07-29T18:55:40.048866+00:00,temperature,4.493,4.0,none,,
2026-07-29T18:55:40.048866+00:00,vibration_rms,,,none,0.494,
2026-07-29T18:55:41.514864+00:00,temperature,4.532,4.0,none,,
2026-07-29T18:55:42.703025+00:00,temperature,4.34,4.0,none,,
2026-07-29T18:55:42.703025+00:00,vibration_rms,,,none,0.379,
2026-07-29T18:55:44.085130+00:00,temperature,4.277,4.0,none,,
2026-07-29T18:55:45.296280+00:00,temperature,3.57,4.0,none,,
2026-07-29T18:55:45.296280+00:00,vibration_rms,,,none,0.395,
2026-07-29T18:55:46.674155+00:00,temperature,3.819,4.0,none,,
2026-07-29T18:55:47.896338+00:00,temperature,4.587,4.0,none,,
2026-07-29T18:55:47.896338+00:00,vibration_rms,,,none,0.524,
2026-07-29T18:55:47.896338+00:00,door_event,,,none,,CLOSE
2026-07-29T18:55:49.271787+00:00,temperature,4.205,4.0,none,,
2026-07-29T18:55:50.489964+00:00,temperature,3.779,4.0,none,,
2026-07-29T18:55:50.489964+00:00,vibration_rms,,,none,0.481,
2026-07-29T18:55:51.853535+00:00,temperature,3.915,4.0,none,,
2026-07-29T18:55:53.095790+00:00,temperature,4.704,4.0,none,,
2026-07-29T18:55:53.095790+00:00,vibration_rms,,,none,0.422,
2026-07-29T18:55:54.526997+00:00,temperature,3.61,4.0,none,,
2026-07-29T18:55:55.729062+00:00,temperature,4.269,4.0,none,,
2026-07-29T18:55:55.729062+00:00,vibration_rms,,,none,0.471,
2026-07-29T18:55:57.149113+00:00,temperature,3.744,4.0,none,,
2026-07-29T18:55:58.359857+00:00,temperature,3.636,4.0,none,,
2026-07-29T18:55:58.359857+00:00,vibration_rms,,,none,0.421,
2026-07-29T18:55:59.782363+00:00,temperature,4.093,4.0,none,,
2026-07-29T18:56:00.985363+00:00,temperature,3.455,4.0,none,,
2026-07-29T18:56:00.985363+00:00,vibration_rms,,,none,0.334,
2026-07-29T18:56:02.365769+00:00,temperature,3.769,4.0,none,,
2026-07-29T18:56:03.531019+00:00,temperature,4.001,4.0,none,,
2026-07-29T18:56:03.531019+00:00,vibration_rms,,,none,0.451,
2026-07-29T18:56:04.965807+00:00,temperature,4.276,4.0,none,,
2026-07-29T18:56:06.164373+00:00,temperature,4.126,4.0,none,,
2026-07-29T18:56:06.164373+00:00,vibration_rms,,,none,0.378,
2026-07-29T18:56:07.541910+00:00,temperature,3.945,4.0,none,,
2026-07-29T18:56:08.750977+00:00,temperature,3.706,4.0,none,,
2026-07-29T18:56:08.750977+00:00,vibration_rms,,,none,0.479,
2026-07-29T18:56:10.132749+00:00,temperature,4.196,4.0,none,,
2026-07-29T18:56:11.319515+00:00,temperature,4.336,4.0,none,,
2026-07-29T18:56:11.319515+00:00,vibration_rms,,,none,0.474,
2026-07-29T18:56:12.708358+00:00,temperature,3.779,4.0,none,,
2026-07-29T18:56:13.907235+00:00,temperature,3.953,4.0,none,,
2026-07-29T18:56:13.907235+00:00,vibration_rms,,,none,0.34,
2026-07-29T18:56:15.419735+00:00,temperature,4.077,4.0,none,,
2026-07-29T18:56:16.642209+00:00,temperature,3.712,4.0,none,,
2026-07-29T18:56:16.642209+00:00,vibration_rms,,,none,0.419,
2026-07-29T18:56:18.073036+00:00,temperature,4.086,4.0,none,,
2026-07-29T18:56:19.297668+00:00,temperature,4.102,4.0,none,,
2026-07-29T18:56:19.297668+00:00,vibration_rms,,,none,0.49,
2026-07-29T18:56:20.672615+00:00,temperature,4.514,4.0,none,,
2026-07-29T18:56:20.672615+00:00,door_event,,,none,,OPEN
2026-07-29T18:56:21.886583+00:00,temperature,3.841,4.0,none,,
2026-07-29T18:56:21.886583+00:00,vibration_rms,,,none,0.38,
2026-07-29T18:56:23.274536+00:00,temperature,3.823,4.0,none,,
2026-07-29T18:56:24.488679+00:00,temperature,4.274,4.0,none,,
2026-07-29T18:56:24.488679+00:00,vibration_rms,,,none,0.425,
2026-07-29T18:56:25.898462+00:00,temperature,3.668,4.0,none,,
2026-07-29T18:56:27.121303+00:00,temperature,4.5,4.0,none,,
2026-07-29T18:56:27.121303+00:00,vibration_rms,,,none,0.408,
2026-07-29T18:56:28.519506+00:00,temperature,4.4,4.0,none,,
2026-07-29T18:56:29.708036+00:00,temperature,3.85,4.0,none,,
2026-07-29T18:56:29.708036+00:00,vibration_rms,,,none,0.406,
2026-07-29T18:56:29.708036+00:00,door_event,,,none,,OPEN
2026-07-29T18:56:31.299450+00:00,temperature,4.303,4.0,none,,
2026-07-29T18:56:32.508978+00:00,temperature,3.829,4.0,none,,
2026-07-29T18:56:32.508978+00:00,vibration_rms,,,none,0.369,
2026-07-29T18:56:33.963844+00:00,temperature,4.117,4.0,none,,
2026-07-29T18:56:35.941371+00:00,temperature,4.276,4.0,none,,
2026-07-29T18:56:35.941371+00:00,vibration_rms,,,none,0.405,
2026-07-29T18:56:37.419549+00:00,temperature,4.586,4.0,none,,
2026-07-29T18:56:38.620260+00:00,temperature,4.184,4.0,none,,
2026-07-29T18:56:38.620260+00:00,vibration_rms,,,none,0.47,
2026-07-29T18:56:40.097676+00:00,temperature,4.113,4.0,none,,
2026-07-29T18:56:41.307968+00:00,temperature,4.427,4.0,none,,
2026-07-29T18:56:41.307968+00:00,vibration_rms,,,none,0.462,
2026-07-29T18:56:42.752324+00:00,temperature,3.933,4.0,none,,
2026-07-29T18:56:43.941883+00:00,temperature,3.813,4.0,none,,
2026-07-29T18:56:43.941883+00:00,vibration_rms,,,none,0.453,
2026-07-29T18:56:45.354847+00:00,temperature,4.466,4.0,none,,
2026-07-29T18:56:46.542598+00:00,temperature,4.153,4.0,none,,
2026-07-29T18:56:46.542598+00:00,vibration_rms,,,none,0.465,
2026-07-29T18:56:47.902764+00:00,temperature,3.674,4.0,none,,
2026-07-29T18:56:47.902764+00:00,door_event,,,none,,OPEN
2026-07-29T18:56:49.113796+00:00,temperature,4.271,4.0,none,,
2026-07-29T18:56:49.113796+00:00,vibration_rms,,,none,0.378,
2026-07-29T18:56:50.649282+00:00,temperature,4.291,4.0,none,,
2026-07-29T18:56:51.931028+00:00,temperature,3.987,4.0,none,,
2026-07-29T18:56:51.931028+00:00,vibration_rms,,,none,0.521,
2026-07-29T18:56:53.310699+00:00,temperature,3.886,4.0,none,,
2026-07-29T18:56:54.512233+00:00,temperature,3.864,4.0,none,,
2026-07-29T18:56:54.512233+00:00,vibration_rms,,,none,0.469,
2026-07-29T18:56:55.900076+00:00,temperature,4.251,4.0,none,,
2026-07-29T18:56:57.157332+00:00,temperature,4.12,4.0,none,,
2026-07-29T18:56:57.157332+00:00,vibration_rms,,,none,0.456,
2026-07-29T18:56:58.543005+00:00,temperature,3.735,4.0,none,,
2026-07-29T18:56:59.767855+00:00,temperature,3.867,4.0,none,,
2026-07-29T18:56:59.767855+00:00,vibration_rms,,,none,0.405,
2026-07-29T18:57:01.187437+00:00,temperature,3.881,4.0,none,,
2026-07-29T18:57:02.410337+00:00,temperature,3.667,4.0,none,,
2026-07-29T18:57:02.410337+00:00,vibration_rms,,,none,0.405,
2026-07-29T18:57:03.810801+00:00,temperature,3.629,4.0,none,,
2026-07-29T18:57:05.002099+00:00,temperature,3.793,4.0,none,,
2026-07-29T18:57:05.002099+00:00,vibration_rms,,,none,0.405,
2026-07-29T18:57:06.403571+00:00,temperature,3.78,4.0,none,,
2026-07-29T18:57:07.599602+00:00,temperature,4.417,4.0,none,,
2026-07-29T18:57:07.599602+00:00,vibration_rms,,,none,0.486,
2026-07-29T18:57:08.969783+00:00,temperature,4.12,4.0,none,,
2026-07-29T18:57:08.969783+00:00,door_event,,,none,,OPEN
2026-07-29T18:57:10.181001+00:00,temperature,3.527,4.0,none,,
2026-07-29T18:57:10.181001+00:00,vibration_rms,,,none,0.451,
2026-07-29T18:57:11.647031+00:00,temperature,3.984,4.0,none,,
2026-07-29T18:57:12.844374+00:00,temperature,4.224,4.0,none,,
2026-07-29T18:57:12.844374+00:00,vibration_rms,,,none,0.558,
2026-07-29T18:57:14.236089+00:00,temperature,4.198,4.0,none,,
2026-07-29T18:57:14.236089+00:00,door_event,,,none,,CLOSE
2026-07-29T18:57:15.423880+00:00,temperature,4.278,4.0,none,,
2026-07-29T18:57:15.423880+00:00,vibration_rms,,,none,0.523,
2026-07-29T18:57:16.780868+00:00,temperature,3.974,4.0,none,,
2026-07-29T18:57:17.957555+00:00,temperature,4.006,4.0,none,,
2026-07-29T18:57:17.957555+00:00,vibration_rms,,,none,0.495,
2026-07-29T18:57:19.336130+00:00,temperature,3.764,4.0,none,,
2026-07-29T18:57:20.558803+00:00,temperature,3.662,4.0,none,,
2026-07-29T18:57:20.558803+00:00,vibration_rms,,,none,0.476,
2026-07-29T18:57:21.956431+00:00,temperature,3.779,4.0,none,,
2026-07-29T18:57:23.159030+00:00,temperature,4.165,4.0,none,,
2026-07-29T18:57:23.159030+00:00,vibration_rms,,,none,0.445,
2026-07-29T18:57:23.159030+00:00,door_event,,,none,,CLOSE
2026-07-29T18:57:24.578448+00:00,temperature,4.294,4.0,none,,
2026-07-29T18:57:25.770779+00:00,temperature,4.627,4.0,none,,
2026-07-29T18:57:25.770779+00:00,vibration_rms,,,none,0.48,
2026-07-29T18:57:27.137862+00:00,temperature,3.95,4.0,none,,
2026-07-29T18:57:28.404278+00:00,temperature,3.968,4.0,none,,
2026-07-29T18:57:28.404278+00:00,vibration_rms,,,none,0.409,
2026-07-29T18:57:29.789989+00:00,temperature,3.722,4.0,none,,
2026-07-29T18:57:31.023539+00:00,temperature,4.096,4.0,none,,
2026-07-29T18:57:31.023539+00:00,vibration_rms,,,none,0.461,
2026-07-29T18:57:32.411671+00:00,temperature,4.606,4.0,none,,
2026-07-29T18:57:33.605111+00:00,temperature,4.234,4.0,none,,
2026-07-29T18:57:33.605111+00:00,vibration_rms,,,none,0.49,
2026-07-29T18:57:34.937653+00:00,temperature,3.739,4.0,none,,
2026-07-29T18:57:36.134957+00:00,temperature,4.429,4.0,none,,
2026-07-29T18:57:36.134957+00:00,vibration_rms,,,none,0.43,
2026-07-29T18:57:36.134957+00:00,door_event,,,none,,CLOSE
2026-07-29T18:57:37.546826+00:00,temperature,3.739,4.0,none,,
2026-07-29T18:57:38.748283+00:00,temperature,3.768,4.0,none,,
2026-07-29T18:57:38.748283+00:00,vibration_rms,,,none,0.525,
2026-07-29T18:57:40.146736+00:00,temperature,4.045,4.0,none,,
2026-07-29T18:57:41.338169+00:00,temperature,4.281,4.0,none,,
2026-07-29T18:57:41.338169+00:00,vibration_rms,,,none,0.359,
2026-07-29T18:57:42.693174+00:00,temperature,3.626,4.0,none,,
2026-07-29T18:57:43.892889+00:00,temperature,3.963,4.0,none,,
2026-07-29T18:57:43.892889+00:00,vibration_rms,,,none,0.392,
2026-07-29T18:57:45.282252+00:00,temperature,3.601,4.0,none,,
2026-07-29T18:57:46.460748+00:00,temperature,3.902,4.0,none,,
2026-07-29T18:57:46.460748+00:00,vibration_rms,,,none,0.489,
2026-07-29T18:57:47.816220+00:00,temperature,4.491,4.0,none,,
2026-07-29T18:57:49.036407+00:00,temperature,4.467,4.0,none,,
2026-07-29T18:57:49.036407+00:00,vibration_rms,,,none,0.54,
2026-07-29T18:57:50.446426+00:00,temperature,3.455,4.0,none,,
2026-07-29T18:57:51.649396+00:00,temperature,4.122,4.0,none,,
2026-07-29T18:57:51.649396+00:00,vibration_rms,,,none,0.415,
2026-07-29T18:57:53.026030+00:00,temperature,4.477,4.0,none,,
2026-07-29T18:57:54.215683+00:00,temperature,3.917,4.0,none,,
2026-07-29T18:57:54.215683+00:00,vibration_rms,,,none,0.49,
2026-07-29T18:57:55.571973+00:00,temperature,4.259,4.0,none,,
2026-07-29T18:57:56.750221+00:00,temperature,4.207,4.0,none,,
2026-07-29T18:57:56.750221+00:00,vibration_rms,,,none,0.484,
2026-07-29T18:57:58.174100+00:00,temperature,3.836,4.0,none,,
2026-07-29T18:57:59.383181+00:00,temperature,3.704,4.0,none,,
2026-07-29T18:57:59.383181+00:00,vibration_rms,,,none,0.415,
2026-07-29T18:58:00.762115+00:00,temperature,4.206,4.0,none,,
2026-07-29T18:58:01.995983+00:00,temperature,4.158,4.0,none,,
2026-07-29T18:58:01.995983+00:00,vibration_rms,,,none,0.513,
2026-07-29T18:58:01.995983+00:00,door_event,,,none,,CLOSE
2026-07-29T18:58:03.384458+00:00,temperature,3.605,4.0,none,,
2026-07-29T18:58:04.605820+00:00,temperature,4.228,4.0,none,,
2026-07-29T18:58:04.605820+00:00,vibration_rms,,,none,0.374,
2026-07-29T18:58:05.928368+00:00,temperature,4.027,4.0,none,,
2026-07-29T18:58:07.148104+00:00,temperature,4.253,4.0,none,,
2026-07-29T18:58:07.148104+00:00,vibration_rms,,,none,0.56,
2026-07-29T18:58:08.581223+00:00,temperature,3.946,4.0,none,,
2026-07-29T18:58:09.758952+00:00,temperature,3.88,4.0,none,,
2026-07-29T18:58:09.758952+00:00,vibration_rms,,,none,0.5,
2026-07-29T18:58:11.153606+00:00,temperature,3.786,4.0,none,,
2026-07-29T18:58:12.414721+00:00,temperature,4.002,4.0,none,,
2026-07-29T18:58:12.414721+00:00,vibration_rms,,,none,0.469,
2026-07-29T18:58:13.805488+00:00,temperature,4.325,4.0,none,,
2026-07-29T18:58:14.994426+00:00,temperature,3.915,4.0,none,,
2026-07-29T18:58:14.994426+00:00,vibration_rms,,,none,0.443,
2026-07-29T18:58:16.373082+00:00,temperature,4.712,4.0,none,,
2026-07-29T18:58:17.585163+00:00,temperature,3.396,4.0,none,,
2026-07-29T18:58:17.585163+00:00,vibration_rms,,,none,0.45,
2026-07-29T18:58:18.929441+00:00,temperature,3.762,4.0,none,,
2026-07-29T18:58:20.117468+00:00,temperature,3.842,4.0,none,,
2026-07-29T18:58:20.117468+00:00,vibration_rms,,,none,0.333,
2026-07-29T18:58:21.542387+00:00,temperature,3.877,4.0,none,,
2026-07-29T18:58:22.751914+00:00,temperature,4.236,4.0,none,,
2026-07-29T18:58:22.751914+00:00,vibration_rms,,,none,0.567,
2026-07-29T18:58:24.129916+00:00,temperature,3.888,4.0,none,,
2026-07-29T18:58:25.341285+00:00,temperature,3.633,4.0,none,,
2026-07-29T18:58:25.341285+00:00,vibration_rms,,,none,0.496,
2026-07-29T18:58:26.719689+00:00,temperature,4.172,4.0,none,,
2026-07-29T18:58:27.904452+00:00,temperature,4.186,4.0,none,,
2026-07-29T18:58:27.904452+00:00,vibration_rms,,,none,0.478,
2026-07-29T18:58:29.286931+00:00,temperature,3.916,4.0,none,,
2026-07-29T18:58:30.485474+00:00,temperature,3.606,4.0,none,,
2026-07-29T18:58:30.485474+00:00,vibration_rms,,,none,0.417,
2026-07-29T18:58:31.829761+00:00,temperature,4.609,4.0,none,,
2026-07-29T18:58:33.018470+00:00,temperature,3.674,4.0,none,,
2026-07-29T18:58:33.018470+00:00,vibration_rms,,,none,0.428,
2026-07-29T18:58:34.396894+00:00,temperature,3.711,4.0,none,,
2026-07-29T18:58:35.620108+00:00,temperature,4.203,4.0,none,,
2026-07-29T18:58:35.620108+00:00,vibration_rms,,,none,0.394,
2026-07-29T18:58:36.995297+00:00,temperature,4.098,4.0,none,,
2026-07-29T18:58:38.198171+00:00,temperature,4.461,4.0,none,,
2026-07-29T18:58:38.198171+00:00,vibration_rms,,,none,0.493,
2026-07-29T18:58:39.586845+00:00,temperature,4.569,4.0,none,,
2026-07-29T18:58:40.775187+00:00,temperature,4.513,4.0,none,,
2026-07-29T18:58:40.775187+00:00,vibration_rms,,,none,0.436,
2026-07-29T18:58:42.216664+00:00,temperature,3.901,4.0,none,,
2026-07-29T18:58:43.421280+00:00,temperature,4.607,4.0,none,,
2026-07-29T18:58:43.421280+00:00,vibration_rms,,,none,0.42,
2026-07-29T18:58:44.811061+00:00,temperature,3.823,4.0,none,,
2026-07-29T18:58:45.997664+00:00,temperature,3.811,4.0,none,,
2026-07-29T18:58:45.997664+00:00,vibration_rms,,,none,0.462,
2026-07-29T18:58:47.417785+00:00,temperature,4.305,4.0,none,,
2026-07-29T18:58:48.609196+00:00,temperature,3.659,4.0,none,,
2026-07-29T18:58:48.609196+00:00,vibration_rms,,,none,0.454,
2026-07-29T18:58:49.954509+00:00,temperature,3.719,4.0,none,,
2026-07-29T18:58:51.164319+00:00,temperature,4.136,4.0,none,,
2026-07-29T18:58:51.164319+00:00,vibration_rms,,,none,0.495,
2026-07-29T18:58:52.545157+00:00,temperature,4.215,4.0,none,,
2026-07-29T18:58:53.784381+00:00,temperature,4.204,4.0,none,,
2026-07-29T18:58:53.784381+00:00,vibration_rms,,,none,0.485,
2026-07-29T18:58:53.784381+00:00,door_event,,,none,,OPEN
2026-07-29T18:58:55.221239+00:00,temperature,3.53,4.0,none,,
2026-07-29T18:58:55.221239+00:00,door_event,,,none,,OPEN
2026-07-29T18:58:56.433463+00:00,temperature,3.872,4.0,none,,
2026-07-29T18:58:56.433463+00:00,vibration_rms,,,none,0.444,
2026-07-29T18:58:57.829348+00:00,temperature,3.92,4.0,none,,
2026-07-29T18:58:59.011312+00:00,temperature,4.164,4.0,none,,
2026-07-29T18:58:59.011312+00:00,vibration_rms,,,none,0.418,
2026-07-29T18:59:00.399684+00:00,temperature,3.14,4.0,none,,
2026-07-29T18:59:01.687369+00:00,temperature,3.955,4.0,none,,
2026-07-29T18:59:01.687369+00:00,vibration_rms,,,none,0.453,
2026-07-29T18:59:03.098879+00:00,temperature,4.071,4.0,none,,
2026-07-29T18:59:04.287685+00:00,temperature,4.207,4.0,none,,
2026-07-29T18:59:04.287685+00:00,vibration_rms,,,none,0.402,
2026-07-29T18:59:05.643699+00:00,temperature,3.563,4.0,none,,
2026-07-29T18:59:06.832102+00:00,temperature,4.455,4.0,none,,
2026-07-29T18:59:06.832102+00:00,vibration_rms,,,none,0.543,
2026-07-29T18:59:08.188182+00:00,temperature,4.333,4.0,none,,
2026-07-29T18:59:09.421695+00:00,temperature,4.164,4.0,none,,
2026-07-29T18:59:09.421695+00:00,vibration_rms,,,none,0.409,
2026-07-29T18:59:10.786813+00:00,temperature,3.98,4.0,none,,
2026-07-29T18:59:12.001191+00:00,temperature,3.97,4.0,none,,
2026-07-29T18:59:12.001191+00:00,vibration_rms,,,none,0.55,
2026-07-29T18:59:13.400048+00:00,temperature,4.305,4.0,none,,
2026-07-29T18:59:14.610848+00:00,temperature,4.362,4.0,none,,
2026-07-29T18:59:14.610848+00:00,vibration_rms,,,none,0.536,
2026-07-29T18:59:15.986219+00:00,temperature,3.784,4.0,none,,
2026-07-29T18:59:17.188642+00:00,temperature,4.164,4.0,none,,
2026-07-29T18:59:17.188642+00:00,vibration_rms,,,none,0.45,
2026-07-29T18:59:17.188642+00:00,door_event,,,none,,OPEN
2026-07-29T18:59:18.534609+00:00,temperature,3.774,4.0,none,,
2026-07-29T18:59:19.767342+00:00,temperature,4.29,4.0,none,,
2026-07-29T18:59:19.767342+00:00,vibration_rms,,,none,0.528,
2026-07-29T18:59:21.189630+00:00,temperature,4.017,4.0,none,,
2026-07-29T18:59:22.364068+00:00,temperature,4.419,4.0,none,,
2026-07-29T18:59:22.364068+00:00,vibration_rms,,,none,0.409,
2026-07-29T18:59:23.745305+00:00,temperature,4.051,4.0,none,,
2026-07-29T18:59:23.745305+00:00,door_event,,,none,,CLOSE
2026-07-29T18:59:24.946075+00:00,temperature,3.484,4.0,none,,
2026-07-29T18:59:24.946075+00:00,vibration_rms,,,none,0.427,
2026-07-29T18:59:26.311766+00:00,temperature,4.422,4.0,none,,
2026-07-29T18:59:27.544566+00:00,temperature,4.126,4.0,none,,
2026-07-29T18:59:27.544566+00:00,vibration_rms,,,none,0.386,
2026-07-29T18:59:28.911516+00:00,temperature,3.948,4.0,none,,
2026-07-29T18:59:30.098683+00:00,temperature,3.863,4.0,none,,
2026-07-29T18:59:30.098683+00:00,vibration_rms,,,none,0.46,
2026-07-29T18:59:30.098683+00:00,door_event,,,none,,CLOSE
2026-07-29T18:59:31.456932+00:00,temperature,3.891,4.0,none,,
2026-07-29T18:59:32.634831+00:00,temperature,3.685,4.0,none,,
2026-07-29T18:59:32.634831+00:00,vibration_rms,,,none,0.396,
2026-07-29T18:59:34.048289+00:00,temperature,4.312,4.0,none,,
2026-07-29T18:59:35.279686+00:00,temperature,3.384,4.0,none,,
2026-07-29T18:59:35.279686+00:00,vibration_rms,,,none,0.43,
2026-07-29T18:59:36.697669+00:00,temperature,3.494,4.0,none,,
2026-07-29T18:59:37.922720+00:00,temperature,4.149,4.0,none,,
2026-07-29T18:59:37.922720+00:00,vibration_rms,,,none,0.49,
2026-07-29T18:59:39.319949+00:00,temperature,4.137,4.0,none,,
2026-07-29T18:59:40.501835+00:00,temperature,3.769,4.0,none,,
2026-07-29T18:59:40.501835+00:00,vibration_rms,,,none,0.399,
2026-07-29T18:59:41.846424+00:00,temperature,3.765,4.0,none,,
2026-07-29T18:59:43.078723+00:00,temperature,4.619,4.0,none,,
2026-07-29T18:59:43.078723+00:00,vibration_rms,,,none,0.451,
2026-07-29T18:59:44.445783+00:00,temperature,4.096,4.0,none,,
2026-07-29T18:59:45.669234+00:00,temperature,4.14,4.0,none,,
2026-07-29T18:59:45.669234+00:00,vibration_rms,,,none,0.476,
2026-07-29T18:59:47.050125+00:00,temperature,4.193,4.0,none,,
2026-07-29T18:59:48.246618+00:00,temperature,3.389,4.0,none,,
2026-07-29T18:59:48.246618+00:00,vibration_rms,,,none,0.375,
2026-07-29T18:59:49.632586+00:00,temperature,4.184,4.0,none,,
2026-07-29T18:59:50.803098+00:00,temperature,4.254,4.0,none,,
2026-07-29T18:59:50.803098+00:00,vibration_rms,,,none,0.509,
2026-07-29T18:59:52.180426+00:00,temperature,3.289,4.0,none,,
2026-07-29T18:59:53.377646+00:00,temperature,3.819,4.0,none,,
2026-07-29T18:59:53.377646+00:00,vibration_rms,,,none,0.431,
2026-07-29T18:59:54.772317+00:00,temperature,3.84,4.0,none,,
2026-07-29T18:59:55.980760+00:00,temperature,4.568,4.0,none,,
2026-07-29T18:59:55.980760+00:00,vibration_rms,,,none,0.446,
2026-07-29T18:59:57.395584+00:00,temperature,4.288,4.0,none,,
2026-07-29T18:59:58.591493+00:00,temperature,4.096,4.0,none,,
2026-07-29T18:59:58.591493+00:00,vibration_rms,,,none,0.436,
2026-07-29T18:59:59.957949+00:00,temperature,4.347,4.0,none,,
2026-07-29T19:00:01.181276+00:00,temperature,4.609,4.0,none,,
2026-07-29T19:00:01.181276+00:00,vibration_rms,,,none,0.475,
2026-07-29T19:00:02.535561+00:00,temperature,4.3,4.0,none,,
2026-07-29T19:00:03.735942+00:00,temperature,3.884,4.0,none,,
2026-07-29T19:00:03.735942+00:00,vibration_rms,,,none,0.388,
2026-07-29T19:00:05.112266+00:00,temperature,5.121,4.0,none,,
2026-07-29T19:00:06.337205+00:00,temperature,3.785,4.0,none,,
2026-07-29T19:00:06.337205+00:00,vibration_rms,,,none,0.491,
2026-07-29T19:00:07.756065+00:00,temperature,3.754,4.0,none,,
2026-07-29T19:00:08.937137+00:00,temperature,4.172,4.0,none,,
2026-07-29T19:00:08.937137+00:00,vibration_rms,,,none,0.388,
2026-07-29T19:00:10.292257+00:00,temperature,3.725,4.0,none,,
2026-07-29T19:00:11.513907+00:00,temperature,3.655,4.0,none,,
2026-07-29T19:00:11.513907+00:00,vibration_rms,,,none,0.458,
2026-07-29T19:00:11.513907+00:00,door_event,,,none,,OPEN
2026-07-29T19:00:12.895110+00:00,temperature,4.146,4.0,none,,
2026-07-29T19:00:14.147665+00:00,temperature,3.968,4.0,none,,
2026-07-29T19:00:14.147665+00:00,vibration_rms,,,none,0.462,
2026-07-29T19:00:15.534039+00:00,temperature,3.699,4.0,none,,
2026-07-29T19:00:16.726561+00:00,temperature,4.039,4.0,none,,
2026-07-29T19:00:16.726561+00:00,vibration_rms,,,none,0.562,
2026-07-29T19:00:18.114929+00:00,temperature,3.557,4.0,none,,
2026-07-29T19:00:19.348927+00:00,temperature,3.762,4.0,none,,
2026-07-29T19:00:19.348927+00:00,vibration_rms,,,none,0.48,
2026-07-29T19:00:20.681629+00:00,temperature,3.558,4.0,none,,
2026-07-29T19:00:21.860667+00:00,temperature,4.206,4.0,none,,
2026-07-29T19:00:21.860667+00:00,vibration_rms,,,none,0.426,
2026-07-29T19:00:23.226738+00:00,temperature,4.046,4.0,none,,
2026-07-29T19:00:24.404461+00:00,temperature,4.154,4.0,none,,
2026-07-29T19:00:24.404461+00:00,vibration_rms,,,none,0.431,
2026-07-29T19:00:25.781974+00:00,temperature,3.981,4.0,none,,
2026-07-29T19:00:27.004593+00:00,temperature,3.867,4.0,none,,
2026-07-29T19:00:27.004593+00:00,vibration_rms,,,none,0.42,
2026-07-29T19:00:28.433483+00:00,temperature,4.391,4.0,none,,
2026-07-29T19:00:29.614442+00:00,temperature,4.244,4.0,none,,
2026-07-29T19:00:29.614442+00:00,vibration_rms,,,none,0.484,
2026-07-29T19:00:30.973521+00:00,temperature,4.355,4.0,none,,
2026-07-29T19:00:32.169025+00:00,temperature,3.491,4.0,none,,
2026-07-29T19:00:32.169025+00:00,vibration_rms,,,none,0.45,
2026-07-29T19:00:33.573674+00:00,temperature,3.533,4.0,none,,
2026-07-29T19:00:34.805248+00:00,temperature,3.327,4.0,none,,
2026-07-29T19:00:34.805248+00:00,vibration_rms,,,none,0.475,
2026-07-29T19:00:36.203026+00:00,temperature,3.833,4.0,none,,
2026-07-29T19:00:37.415671+00:00,temperature,4.048,4.0,none,,
2026-07-29T19:00:37.415671+00:00,vibration_rms,,,none,0.449,
2026-07-29T19:00:38.795801+00:00,temperature,4.525,4.0,none,,
2026-07-29T19:00:39.979928+00:00,temperature,3.898,4.0,none,,
2026-07-29T19:00:39.979928+00:00,vibration_rms,,,none,0.387,
2026-07-29T19:00:41.294821+00:00,temperature,4.135,4.0,none,,
2026-07-29T19:00:42.503170+00:00,temperature,4.77,4.0,none,,
2026-07-29T19:00:42.503170+00:00,vibration_rms,,,none,0.471,
2026-07-29T19:00:43.872548+00:00,temperature,4.108,4.0,none,,
2026-07-29T19:00:45.084070+00:00,temperature,4.311,4.0,none,,
2026-07-29T19:00:45.084070+00:00,vibration_rms,,,none,0.522,
2026-07-29T19:00:46.451584+00:00,temperature,4.301,4.0,none,,
2026-07-29T19:00:47.684535+00:00,temperature,4.532,4.0,none,,
2026-07-29T19:00:47.684535+00:00,vibration_rms,,,none,0.512,
2026-07-29T19:00:49.103181+00:00,temperature,3.917,4.0,none,,
2026-07-29T19:00:50.305374+00:00,temperature,3.561,4.0,none,,
2026-07-29T19:00:50.305374+00:00,vibration_rms,,,none,0.419,
2026-07-29T19:00:51.680312+00:00,temperature,3.744,4.0,none,,
2026-07-29T19:00:52.873708+00:00,temperature,4.465,4.0,none,,
2026-07-29T19:00:52.873708+00:00,vibration_rms,,,none,0.416,
2026-07-29T19:00:52.873708+00:00,door_event,,,none,,CLOSE
2026-07-29T19:00:54.273722+00:00,temperature,4.158,4.0,none,,
2026-07-29T19:00:55.462023+00:00,temperature,4.114,4.0,none,,
2026-07-29T19:00:55.462023+00:00,vibration_rms,,,none,0.388,
2026-07-29T19:00:56.851635+00:00,temperature,3.856,4.0,none,,
2026-07-29T19:00:58.062270+00:00,temperature,3.876,4.0,none,,
2026-07-29T19:00:58.062270+00:00,vibration_rms,,,none,0.574,
2026-07-29T19:00:59.428807+00:00,temperature,4.215,4.0,none,,
2026-07-29T19:01:00.638203+00:00,temperature,3.729,4.0,none,,
2026-07-29T19:01:00.638203+00:00,vibration_rms,,,none,0.43,
2026-07-29T19:01:02.017803+00:00,temperature,4.483,4.0,none,,
2026-07-29T19:01:03.207275+00:00,temperature,3.879,4.0,none,,
2026-07-29T19:01:03.207275+00:00,vibration_rms,,,none,0.467,
2026-07-29T19:01:04.584901+00:00,temperature,4.697,4.0,none,,
2026-07-29T19:01:05.773440+00:00,temperature,3.998,4.0,none,,
2026-07-29T19:01:05.773440+00:00,vibration_rms,,,none,0.39,
2026-07-29T19:01:07.194872+00:00,temperature,3.693,4.0,none,,
2026-07-29T19:01:08.407476+00:00,temperature,3.652,4.0,none,,
2026-07-29T19:01:08.407476+00:00,vibration_rms,,,none,0.509,
2026-07-29T19:01:09.806047+00:00,temperature,3.76,4.0,none,,
2026-07-29T19:01:10.985045+00:00,temperature,4.729,4.0,none,,
2026-07-29T19:01:10.985045+00:00,vibration_rms,,,none,0.503,
2026-07-29T19:01:12.330094+00:00,temperature,4.132,4.0,none,,
2026-07-29T19:01:13.496690+00:00,temperature,3.783,4.0,none,,
2026-07-29T19:01:13.496690+00:00,vibration_rms,,,none,0.395,
2026-07-29T19:01:14.853226+00:00,temperature,4.277,4.0,none,,
2026-07-29T19:01:16.052117+00:00,temperature,4.32,4.0,none,,
2026-07-29T19:01:16.052117+00:00,vibration_rms,,,none,0.389,
2026-07-29T19:01:16.052117+00:00,door_event,,,none,,OPEN
2026-07-29T19:01:17.456261+00:00,temperature,4.394,4.0,none,,
2026-07-29T19:01:18.685612+00:00,temperature,3.452,4.0,none,,
2026-07-29T19:01:18.685612+00:00,vibration_rms,,,none,0.362,
2026-07-29T19:01:20.093610+00:00,temperature,4.204,4.0,none,,
2026-07-29T19:01:20.093610+00:00,door_event,,,none,,CLOSE
2026-07-29T19:01:21.287880+00:00,temperature,3.842,4.0,none,,
2026-07-29T19:01:21.287880+00:00,vibration_rms,,,none,0.426,
2026-07-29T19:01:22.677994+00:00,temperature,4.502,4.0,none,,
2026-07-29T19:01:23.862091+00:00,temperature,4.646,4.0,none,,
2026-07-29T19:01:23.862091+00:00,vibration_rms,,,none,0.47,
2026-07-29T19:01:25.241835+00:00,temperature,3.792,4.0,none,,
2026-07-29T19:01:26.463606+00:00,temperature,3.809,4.0,none,,
2026-07-29T19:01:26.463606+00:00,vibration_rms,,,none,0.457,
2026-07-29T19:01:27.861344+00:00,temperature,3.341,4.0,none,,
2026-07-29T19:01:29.087180+00:00,temperature,4.084,4.0,none,,
2026-07-29T19:01:29.087180+00:00,vibration_rms,,,none,0.439,
2026-07-29T19:01:30.487343+00:00,temperature,4.033,4.0,none,,
2026-07-29T19:01:30.487343+00:00,door_event,,,none,,CLOSE
2026-07-29T19:01:31.732947+00:00,temperature,4.203,4.0,none,,
2026-07-29T19:01:31.732947+00:00,vibration_rms,,,none,0.466,
2026-07-29T19:01:33.086372+00:00,temperature,3.893,4.0,none,,
2026-07-29T19:01:34.295335+00:00,temperature,3.833,4.0,none,,
2026-07-29T19:01:34.295335+00:00,vibration_rms,,,none,0.398,
2026-07-29T19:01:35.630548+00:00,temperature,4.379,4.0,none,,
2026-07-29T19:01:36.864231+00:00,temperature,4.285,4.0,none,,
2026-07-29T19:01:36.864231+00:00,vibration_rms,,,none,0.46,
2026-07-29T19:01:38.228931+00:00,temperature,3.97,4.0,none,,
2026-07-29T19:01:39.431992+00:00,temperature,4.335,4.0,none,,
2026-07-29T19:01:39.431992+00:00,vibration_rms,,,none,0.489,
2026-07-29T19:01:40.770376+00:00,temperature,3.568,4.0,none,,
2026-07-29T19:01:41.987268+00:00,temperature,3.506,4.0,none,,
2026-07-29T19:01:41.987268+00:00,vibration_rms,,,none,0.436,
2026-07-29T19:01:43.343007+00:00,temperature,3.557,4.0,none,,
2026-07-29T19:01:44.510489+00:00,temperature,3.601,4.0,none,,
2026-07-29T19:01:44.510489+00:00,vibration_rms,,,none,0.532,
2026-07-29T19:01:45.888328+00:00,temperature,3.935,4.0,none,,
2026-07-29T19:01:47.098457+00:00,temperature,4.339,4.0,none,,
2026-07-29T19:01:47.098457+00:00,vibration_rms,,,none,0.484,
2026-07-29T19:01:48.496931+00:00,temperature,4.341,4.0,none,,
2026-07-29T19:01:49.700246+00:00,temperature,3.778,4.0,none,,
2026-07-29T19:01:49.700246+00:00,vibration_rms,,,none,0.481,
2026-07-29T19:01:49.700246+00:00,door_event,,,none,,CLOSE
2026-07-29T19:01:51.078023+00:00,temperature,4.076,4.0,none,,
2026-07-29T19:01:52.267001+00:00,temperature,4.079,4.0,none,,
2026-07-29T19:01:52.267001+00:00,vibration_rms,,,none,0.431,
2026-07-29T19:01:53.643278+00:00,temperature,4.063,4.0,none,,
2026-07-29T19:01:53.643278+00:00,door_event,,,none,,OPEN
2026-07-29T19:01:54.822948+00:00,temperature,4.107,4.0,none,,
2026-07-29T19:01:54.822948+00:00,vibration_rms,,,none,0.486,
2026-07-29T19:01:56.220757+00:00,temperature,3.881,4.0,none,,
2026-07-29T19:01:57.454750+00:00,temperature,4.209,4.0,none,,
2026-07-29T19:01:57.454750+00:00,vibration_rms,,,none,0.428,
2026-07-29T19:01:58.834605+00:00,temperature,3.877,4.0,none,,
2026-07-29T19:02:00.044574+00:00,temperature,4.43,4.0,none,,
2026-07-29T19:02:00.044574+00:00,vibration_rms,,,none,0.425,
2026-07-29T19:02:01.376744+00:00,temperature,4.121,4.0,none,,
2026-07-29T19:02:02.599911+00:00,temperature,3.759,4.0,none,,
2026-07-29T19:02:02.599911+00:00,vibration_rms,,,none,0.436,
2026-07-29T19:02:03.976591+00:00,temperature,3.916,4.0,none,,
2026-07-29T19:02:05.177800+00:00,temperature,3.676,4.0,none,,
2026-07-29T19:02:05.177800+00:00,vibration_rms,,,none,0.388,
2026-07-29T19:02:06.553895+00:00,temperature,3.573,4.0,none,,
2026-07-29T19:02:07.744388+00:00,temperature,4.246,4.0,none,,
2026-07-29T19:02:07.744388+00:00,vibration_rms,,,none,0.439,
2026-07-29T19:02:09.134598+00:00,temperature,4.403,4.0,none,,
2026-07-29T19:02:09.134598+00:00,door_event,,,none,,OPEN
2026-07-29T19:02:10.356846+00:00,temperature,3.742,4.0,none,,
2026-07-29T19:02:10.356846+00:00,vibration_rms,,,none,0.505,
2026-07-29T19:02:11.743011+00:00,temperature,4.162,4.0,none,,
2026-07-29T19:02:12.944366+00:00,temperature,3.763,4.0,none,,
2026-07-29T19:02:12.944366+00:00,vibration_rms,,,none,0.459,
2026-07-29T19:02:14.300765+00:00,temperature,4.092,4.0,none,,
2026-07-29T19:02:15.489612+00:00,temperature,3.951,4.0,none,,
2026-07-29T19:02:15.489612+00:00,vibration_rms,,,none,0.461,
2026-07-29T19:02:16.845334+00:00,temperature,3.906,4.0,none,,
2026-07-29T19:02:18.023413+00:00,temperature,3.757,4.0,none,,
2026-07-29T19:02:18.023413+00:00,vibration_rms,,,none,0.494,
2026-07-29T19:02:19.412778+00:00,temperature,4.225,4.0,none,,
2026-07-29T19:02:20.645150+00:00,temperature,4.139,4.0,none,,
2026-07-29T19:02:20.645150+00:00,vibration_rms,,,none,0.454,
2026-07-29T19:02:22.022667+00:00,temperature,3.674,4.0,none,,
2026-07-29T19:02:23.267823+00:00,temperature,4.176,4.0,none,,
2026-07-29T19:02:23.267823+00:00,vibration_rms,,,none,0.399,
2026-07-29T19:02:24.731154+00:00,temperature,4.166,4.0,none,,
2026-07-29T19:02:25.923688+00:00,temperature,3.742,4.0,none,,
2026-07-29T19:02:25.923688+00:00,vibration_rms,,,none,0.53,
2026-07-29T19:02:27.290620+00:00,temperature,4.41,4.0,none,,
2026-07-29T19:02:28.502459+00:00,temperature,3.715,4.0,none,,
2026-07-29T19:02:28.502459+00:00,vibration_rms,,,none,0.378,
2026-07-29T19:02:29.858525+00:00,temperature,4.571,4.0,none,,
2026-07-29T19:02:31.035826+00:00,temperature,4.313,4.0,none,,
2026-07-29T19:02:31.035826+00:00,vibration_rms,,,none,0.423,
2026-07-29T19:02:32.381074+00:00,temperature,4.708,4.0,none,,
2026-07-29T19:02:33.582249+00:00,temperature,4.096,4.0,none,,
2026-07-29T19:02:33.582249+00:00,vibration_rms,,,none,0.358,
2026-07-29T19:02:34.946471+00:00,temperature,4.164,4.0,none,,
2026-07-29T19:02:36.135820+00:00,temperature,3.77,4.0,none,,
2026-07-29T19:02:36.135820+00:00,vibration_rms,,,none,0.404,
2026-07-29T19:02:37.480843+00:00,temperature,3.747,4.0,none,,
2026-07-29T19:02:38.667350+00:00,temperature,4.169,4.0,none,,
2026-07-29T19:02:38.667350+00:00,vibration_rms,,,none,0.433,
2026-07-29T19:02:40.088672+00:00,temperature,3.96,4.0,none,,
2026-07-29T19:02:41.279821+00:00,temperature,3.919,4.0,none,,
2026-07-29T19:02:41.279821+00:00,vibration_rms,,,none,0.492,
2026-07-29T19:02:42.635230+00:00,temperature,4.094,4.0,none,,
2026-07-29T19:02:43.869499+00:00,temperature,4.138,4.0,none,,
2026-07-29T19:02:43.869499+00:00,vibration_rms,,,none,0.498,
2026-07-29T19:02:45.203728+00:00,temperature,3.868,4.0,none,,
2026-07-29T19:02:46.391069+00:00,temperature,4.209,4.0,none,,
2026-07-29T19:02:46.391069+00:00,vibration_rms,,,none,0.415,
2026-07-29T19:02:47.770105+00:00,temperature,3.89,4.0,none,,
2026-07-29T19:02:48.957997+00:00,temperature,3.71,4.0,none,,
2026-07-29T19:02:48.957997+00:00,vibration_rms,,,none,0.424,
2026-07-29T19:02:50.377424+00:00,temperature,4.113,4.0,none,,
2026-07-29T19:02:51.603774+00:00,temperature,3.737,4.0,none,,
2026-07-29T19:02:51.603774+00:00,vibration_rms,,,none,0.449,
2026-07-29T19:02:52.972354+00:00,temperature,4.003,4.0,none,,
2026-07-29T19:02:54.169822+00:00,temperature,3.782,4.0,none,,
2026-07-29T19:02:54.169822+00:00,vibration_rms,,,none,0.443,
2026-07-29T19:02:55.548132+00:00,temperature,3.906,4.0,none,,
2026-07-29T19:02:56.726146+00:00,temperature,4.37,4.0,none,,
2026-07-29T19:02:56.726146+00:00,vibration_rms,,,none,0.451,
2026-07-29T19:02:58.085686+00:00,temperature,4.168,4.0,none,,
2026-07-29T19:02:59.303285+00:00,temperature,4.392,4.0,none,,
2026-07-29T19:02:59.303285+00:00,vibration_rms,,,none,0.508,
2026-07-29T19:03:00.684040+00:00,temperature,4.101,4.0,none,,
2026-07-29T19:03:01.868527+00:00,temperature,4.232,4.0,none,,
2026-07-29T19:03:01.868527+00:00,vibration_rms,,,none,0.369,
2026-07-29T19:03:03.250697+00:00,temperature,4.176,4.0,none,,
2026-07-29T19:03:04.467430+00:00,temperature,3.317,4.0,none,,
2026-07-29T19:03:04.467430+00:00,vibration_rms,,,none,0.445,
2026-07-29T19:03:05.867991+00:00,temperature,4.169,4.0,none,,
2026-07-29T19:03:07.056805+00:00,temperature,4.077,4.0,none,,
2026-07-29T19:03:07.056805+00:00,vibration_rms,,,none,0.469,
2026-07-29T19:03:08.491414+00:00,temperature,3.743,4.0,none,,
2026-07-29T19:03:09.682267+00:00,temperature,4.133,4.0,none,,
2026-07-29T19:03:09.682267+00:00,vibration_rms,,,none,0.422,
2026-07-29T19:03:11.071535+00:00,temperature,3.784,4.0,none,,
2026-07-29T19:03:12.270991+00:00,temperature,4.199,4.0,none,,
2026-07-29T19:03:12.270991+00:00,vibration_rms,,,none,0.432,
2026-07-29T19:03:13.615424+00:00,temperature,3.628,4.0,none,,
2026-07-29T19:03:14.837976+00:00,temperature,3.537,4.0,none,,
2026-07-29T19:03:14.837976+00:00,vibration_rms,,,none,0.468,
2026-07-29T19:03:16.193942+00:00,temperature,4.53,4.0,none,,
2026-07-29T19:03:17.382375+00:00,temperature,3.568,4.0,none,,
2026-07-29T19:03:17.382375+00:00,vibration_rms,,,none,0.483,
2026-07-29T19:03:18.750275+00:00,temperature,3.913,4.0,none,,
2026-07-29T19:03:19.935584+00:00,temperature,4.283,4.0,none,,
2026-07-29T19:03:19.935584+00:00,vibration_rms,,,none,0.398,
2026-07-29T19:03:19.935584+00:00,door_event,,,none,,OPEN
2026-07-29T19:03:21.317548+00:00,temperature,4.557,4.0,none,,
2026-07-29T19:03:22.539063+00:00,temperature,3.883,4.0,none,,
2026-07-29T19:03:22.539063+00:00,vibration_rms,,,none,0.407,
2026-07-29T19:03:23.895867+00:00,temperature,3.853,4.0,none,,
2026-07-29T19:03:25.128300+00:00,temperature,4.256,4.0,none,,
2026-07-29T19:03:25.128300+00:00,vibration_rms,,,none,0.479,
2026-07-29T19:03:26.470403+00:00,temperature,3.773,4.0,none,,
2026-07-29T19:03:27.671803+00:00,temperature,4.007,4.0,none,,
2026-07-29T19:03:27.671803+00:00,vibration_rms,,,none,0.451,
2026-07-29T19:03:29.064634+00:00,temperature,3.847,4.0,none,,
2026-07-29T19:03:30.271879+00:00,temperature,3.528,4.0,none,,
2026-07-29T19:03:30.271879+00:00,vibration_rms,,,none,0.441,
2026-07-29T19:03:31.663237+00:00,temperature,4.258,4.0,none,,
2026-07-29T19:03:32.873283+00:00,temperature,3.823,4.0,none,,
2026-07-29T19:03:32.873283+00:00,vibration_rms,,,none,0.337,
2026-07-29T19:03:34.281244+00:00,temperature,4.139,4.0,none,,
2026-07-29T19:03:35.506018+00:00,temperature,4.042,4.0,none,,
2026-07-29T19:03:35.506018+00:00,vibration_rms,,,none,0.511,
2026-07-29T19:03:36.872204+00:00,temperature,4.114,4.0,none,,
2026-07-29T19:03:38.084038+00:00,temperature,3.99,4.0,none,,
2026-07-29T19:03:38.084038+00:00,vibration_rms,,,none,0.394,
2026-07-29T19:03:39.464501+00:00,temperature,4.2,4.0,none,,
2026-07-29T19:03:40.696514+00:00,temperature,3.535,4.0,none,,
2026-07-29T19:03:40.696514+00:00,vibration_rms,,,none,0.405,
2026-07-29T19:03:40.696514+00:00,door_event,,,none,,OPEN
2026-07-29T19:03:42.138177+00:00,temperature,4.034,4.0,none,,
2026-07-29T19:03:43.329485+00:00,temperature,3.98,4.0,none,,
2026-07-29T19:03:43.329485+00:00,vibration_rms,,,none,0.508,
2026-07-29T19:03:43.329485+00:00,door_event,,,none,,OPEN
2026-07-29T19:03:44.731166+00:00,temperature,4.095,4.0,none,,
2026-07-29T19:03:45.940134+00:00,temperature,3.853,4.0,none,,
2026-07-29T19:03:45.940134+00:00,vibration_rms,,,none,0.431,
2026-07-29T19:03:47.315894+00:00,temperature,4.031,4.0,none,,
2026-07-29T19:03:48.528179+00:00,temperature,3.773,4.0,none,,
2026-07-29T19:03:48.528179+00:00,vibration_rms,,,none,0.427,
2026-07-29T19:03:49.926650+00:00,temperature,4.099,4.0,none,,
2026-07-29T19:03:51.118095+00:00,temperature,4.513,4.0,none,,
2026-07-29T19:03:51.118095+00:00,vibration_rms,,,none,0.469,
2026-07-29T19:03:52.539173+00:00,temperature,3.908,4.0,none,,
2026-07-29T19:03:53.775292+00:00,temperature,4.305,4.0,none,,
2026-07-29T19:03:53.775292+00:00,vibration_rms,,,none,0.497,
2026-07-29T19:03:55.185467+00:00,temperature,4.358,4.0,none,,
2026-07-29T19:03:56.418185+00:00,temperature,4.051,4.0,none,,
2026-07-29T19:03:56.418185+00:00,vibration_rms,,,none,0.5,
2026-07-29T19:03:57.849140+00:00,temperature,4.025,4.0,none,,
2026-07-29T19:03:59.038447+00:00,temperature,4.32,4.0,none,,
2026-07-29T19:03:59.038447+00:00,vibration_rms,,,none,0.419,
2026-07-29T19:04:00.399573+00:00,temperature,4.344,4.0,none,,
2026-07-29T19:04:01.941684+00:00,temperature,3.559,4.0,none,,
2026-07-29T19:04:01.941684+00:00,vibration_rms,,,none,0.414,
2026-07-29T19:04:03.318951+00:00,temperature,4.378,4.0,none,,
2026-07-29T19:04:03.318951+00:00,door_event,,,none,,CLOSE
2026-07-29T19:04:04.511046+00:00,temperature,4.281,4.0,none,,
2026-07-29T19:04:04.511046+00:00,vibration_rms,,,none,0.499,
2026-07-29T19:04:05.963626+00:00,temperature,3.42,4.0,none,,
2026-07-29T19:04:07.172211+00:00,temperature,4.143,4.0,none,,
2026-07-29T19:04:07.172211+00:00,vibration_rms,,,none,0.326,
2026-07-29T19:04:08.586999+00:00,temperature,4.402,4.0,none,,
2026-07-29T19:04:09.783726+00:00,temperature,3.877,4.0,none,,
2026-07-29T19:04:09.783726+00:00,vibration_rms,,,none,0.405,
2026-07-29T19:04:11.186331+00:00,temperature,4.144,4.0,none,,
2026-07-29T19:04:12.397535+00:00,temperature,4.502,4.0,none,,
2026-07-29T19:04:12.397535+00:00,vibration_rms,,,none,0.502,
2026-07-29T19:04:13.797440+00:00,temperature,3.93,4.0,none,,
2026-07-29T19:04:14.998169+00:00,temperature,4.075,4.0,none,,
2026-07-29T19:04:14.998169+00:00,vibration_rms,,,none,0.437,
2026-07-29T19:04:16.366349+00:00,temperature,3.861,4.0,none,,
2026-07-29T19:04:17.576105+00:00,temperature,4.011,4.0,none,,
2026-07-29T19:04:17.576105+00:00,vibration_rms,,,none,0.492,
2026-07-29T19:04:18.986227+00:00,temperature,4.042,4.0,none,,
2026-07-29T19:04:20.175380+00:00,temperature,3.791,4.0,none,,
2026-07-29T19:04:20.175380+00:00,vibration_rms,,,none,0.472,
2026-07-29T19:04:21.587185+00:00,temperature,4.124,4.0,none,,
2026-07-29T19:04:22.798020+00:00,temperature,4.294,4.0,none,,
2026-07-29T19:04:22.798020+00:00,vibration_rms,,,none,0.407,
2026-07-29T19:04:24.264882+00:00,temperature,4.053,4.0,none,,
2026-07-29T19:04:25.475668+00:00,temperature,3.91,4.0,none,,
2026-07-29T19:04:25.475668+00:00,vibration_rms,,,none,0.538,
2026-07-29T19:04:26.940542+00:00,temperature,4.192,4.0,none,,
2026-07-29T19:04:28.118000+00:00,temperature,3.815,4.0,none,,
2026-07-29T19:04:28.118000+00:00,vibration_rms,,,none,0.411,
2026-07-29T19:04:29.532676+00:00,temperature,3.878,4.0,none,,
2026-07-29T19:04:30.732423+00:00,temperature,3.945,4.0,none,,
2026-07-29T19:04:30.732423+00:00,vibration_rms,,,none,0.436,
2026-07-29T19:04:32.100723+00:00,temperature,3.985,4.0,none,,
2026-07-29T19:04:33.321319+00:00,temperature,4.263,4.0,none,,
2026-07-29T19:04:33.321319+00:00,vibration_rms,,,none,0.409,
2026-07-29T19:04:34.719316+00:00,temperature,3.734,4.0,none,,
2026-07-29T19:04:35.945861+00:00,temperature,4.126,4.0,none,,
2026-07-29T19:04:35.945861+00:00,vibration_rms,,,none,0.491,
2026-07-29T19:04:37.340788+00:00,temperature,3.478,4.0,none,,
2026-07-29T19:04:38.532610+00:00,temperature,3.505,4.0,none,,
2026-07-29T19:04:38.532610+00:00,vibration_rms,,,none,0.386,
2026-07-29T19:04:39.888556+00:00,temperature,3.814,4.0,none,,
2026-07-29T19:04:41.087811+00:00,temperature,3.918,4.0,none,,
2026-07-29T19:04:41.087811+00:00,vibration_rms,,,none,0.529,
2026-07-29T19:04:42.501072+00:00,temperature,3.959,4.0,none,,
2026-07-29T19:04:43.722752+00:00,temperature,3.9,4.0,none,,
2026-07-29T19:04:43.722752+00:00,vibration_rms,,,none,0.444,
2026-07-29T19:04:45.130006+00:00,temperature,4.384,4.0,none,,
2026-07-29T19:04:46.344512+00:00,temperature,4.072,4.0,none,,
2026-07-29T19:04:46.344512+00:00,vibration_rms,,,none,0.434,
2026-07-29T19:04:47.724127+00:00,temperature,4.063,4.0,none,,
2026-07-29T19:04:48.921653+00:00,temperature,3.931,4.0,none,,
2026-07-29T19:04:48.921653+00:00,vibration_rms,,,none,0.529,
2026-07-29T19:04:50.320803+00:00,temperature,4.199,4.0,none,,
2026-07-29T19:04:51.557277+00:00,temperature,3.992,4.0,none,,
2026-07-29T19:04:51.557277+00:00,vibration_rms,,,none,0.543,
2026-07-29T19:04:52.943381+00:00,temperature,3.863,4.0,none,,
2026-07-29T19:04:54.177885+00:00,temperature,4.0,4.0,none,,
2026-07-29T19:04:54.177885+00:00,vibration_rms,,,none,0.405,
2026-07-29T19:04:55.656256+00:00,temperature,3.777,4.0,none,,
2026-07-29T19:04:56.824331+00:00,temperature,3.955,4.0,none,,
2026-07-29T19:04:56.824331+00:00,vibration_rms,,,none,0.525,
2026-07-29T19:04:58.232697+00:00,temperature,3.62,4.0,none,,
2026-07-29T19:04:59.423181+00:00,temperature,4.085,4.0,none,,
2026-07-29T19:04:59.423181+00:00,vibration_rms,,,none,0.415,
2026-07-29T19:05:00.856618+00:00,temperature,3.702,4.0,none,,
2026-07-29T19:05:02.078433+00:00,temperature,3.904,4.0,none,,
2026-07-29T19:05:02.078433+00:00,vibration_rms,,,none,0.479,
2026-07-29T19:05:03.467220+00:00,temperature,4.122,4.0,none,,
2026-07-29T19:05:04.667562+00:00,temperature,4.094,4.0,none,,
2026-07-29T19:05:04.667562+00:00,vibration_rms,,,none,0.541,
2026-07-29T19:05:06.195744+00:00,temperature,3.838,4.0,none,,
2026-07-29T19:05:07.432523+00:00,temperature,4.4,4.0,none,,
2026-07-29T19:05:07.432523+00:00,vibration_rms,,,none,0.396,
2026-07-29T19:05:08.876463+00:00,temperature,3.63,4.0,none,,
2026-07-29T19:05:10.112701+00:00,temperature,3.742,4.0,none,,
2026-07-29T19:05:10.112701+00:00,vibration_rms,,,none,0.53,
2026-07-29T19:05:11.589665+00:00,temperature,4.481,4.0,none,,
2026-07-29T19:05:12.789094+00:00,temperature,3.413,4.0,none,,
2026-07-29T19:05:12.789094+00:00,vibration_rms,,,none,0.495,
2026-07-29T19:05:14.287725+00:00,temperature,4.088,4.0,none,,
2026-07-29T19:05:14.287725+00:00,door_event,,,none,,CLOSE
2026-07-29T19:05:15.504366+00:00,temperature,4.106,4.0,none,,
2026-07-29T19:05:15.504366+00:00,vibration_rms,,,none,0.501,
2026-07-29T19:05:16.919611+00:00,temperature,3.992,4.0,none,,
2026-07-29T19:05:18.136055+00:00,temperature,4.329,4.0,none,,
2026-07-29T19:05:18.136055+00:00,vibration_rms,,,none,0.505,
2026-07-29T19:05:18.136055+00:00,door_event,,,none,,OPEN
2026-07-29T19:05:19.610228+00:00,temperature,4.331,4.0,none,,
2026-07-29T19:05:20.812736+00:00,temperature,3.896,4.0,none,,
2026-07-29T19:05:20.812736+00:00,vibration_rms,,,none,0.489,
2026-07-29T19:05:22.182913+00:00,temperature,3.542,4.0,none,,
2026-07-29T19:05:23.368437+00:00,temperature,3.937,4.0,none,,
2026-07-29T19:05:23.368437+00:00,vibration_rms,,,none,0.459,
2026-07-29T19:05:24.809927+00:00,temperature,3.924,4.0,none,,
2026-07-29T19:05:26.013868+00:00,temperature,4.036,4.0,none,,
2026-07-29T19:05:26.013868+00:00,vibration_rms,,,none,0.445,
2026-07-29T19:05:26.013868+00:00,door_event,,,none,,OPEN
2026-07-29T19:05:27.405361+00:00,temperature,3.948,4.0,none,,
2026-07-29T19:05:28.625099+00:00,temperature,4.393,4.0,none,,
2026-07-29T19:05:28.625099+00:00,vibration_rms,,,none,0.462,
2026-07-29T19:05:30.011386+00:00,temperature,4.052,4.0,none,,
2026-07-29T19:05:30.011386+00:00,door_event,,,none,,OPEN
2026-07-29T19:05:31.226665+00:00,temperature,4.002,4.0,none,,
2026-07-29T19:05:31.226665+00:00,vibration_rms,,,none,0.48,
2026-07-29T19:05:32.633009+00:00,temperature,3.796,4.0,none,,
2026-07-29T19:05:33.813185+00:00,temperature,4.63,4.0,none,,
2026-07-29T19:05:33.813185+00:00,vibration_rms,,,none,0.402,
2026-07-29T19:05:35.221273+00:00,temperature,3.938,4.0,none,,
2026-07-29T19:05:36.434771+00:00,temperature,4.4,4.0,none,,
2026-07-29T19:05:36.434771+00:00,vibration_rms,,,none,0.384,
2026-07-29T19:05:37.825543+00:00,temperature,4.025,4.0,none,,
2026-07-29T19:05:39.048111+00:00,temperature,3.887,4.0,none,,
2026-07-29T19:05:39.048111+00:00,vibration_rms,,,none,0.566,
2026-07-29T19:05:40.480741+00:00,temperature,3.733,4.0,none,,
2026-07-29T19:05:41.714670+00:00,temperature,3.734,4.0,none,,
2026-07-29T19:05:41.714670+00:00,vibration_rms,,,none,0.536,
2026-07-29T19:05:43.169623+00:00,temperature,3.417,4.0,none,,
2026-07-29T19:05:44.357142+00:00,temperature,3.916,4.0,none,,
2026-07-29T19:05:44.357142+00:00,vibration_rms,,,none,0.466,
2026-07-29T19:05:45.769850+00:00,temperature,4.147,4.0,none,,
2026-07-29T19:05:46.970237+00:00,temperature,3.955,4.0,none,,
2026-07-29T19:05:46.970237+00:00,vibration_rms,,,none,0.455,
2026-07-29T19:05:48.390300+00:00,temperature,4.142,4.0,none,,
2026-07-29T19:05:49.603968+00:00,temperature,3.664,4.0,none,,
2026-07-29T19:05:49.603968+00:00,vibration_rms,,,none,0.549,
2026-07-29T19:05:51.002071+00:00,temperature,3.856,4.0,none,,
2026-07-29T19:05:52.179349+00:00,temperature,3.983,4.0,none,,
2026-07-29T19:05:52.179349+00:00,vibration_rms,,,none,0.517,
2026-07-29T19:05:53.548482+00:00,temperature,3.964,4.0,none,,
2026-07-29T19:05:54.748666+00:00,temperature,3.742,4.0,none,,
2026-07-29T19:05:54.748666+00:00,vibration_rms,,,none,0.386,
2026-07-29T19:05:56.161437+00:00,temperature,4.437,4.0,none,,
2026-07-29T19:05:57.370448+00:00,temperature,4.179,4.0,none,,
2026-07-29T19:05:57.370448+00:00,vibration_rms,,,none,0.337,
2026-07-29T19:05:58.760411+00:00,temperature,3.88,4.0,none,,
2026-07-29T19:05:59.971035+00:00,temperature,4.253,4.0,none,,
2026-07-29T19:05:59.971035+00:00,vibration_rms,,,none,0.424,
2026-07-29T19:06:01.505126+00:00,temperature,3.667,4.0,none,,
2026-07-29T19:06:02.705081+00:00,temperature,4.523,4.0,none,,
2026-07-29T19:06:02.705081+00:00,vibration_rms,,,none,0.522,
2026-07-29T19:06:04.102210+00:00,temperature,3.663,4.0,none,,
2026-07-29T19:06:05.283295+00:00,temperature,3.69,4.0,none,,
2026-07-29T19:06:05.283295+00:00,vibration_rms,,,none,0.43,
2026-07-29T19:06:06.660943+00:00,temperature,3.852,4.0,none,,
2026-07-29T19:06:07.905515+00:00,temperature,3.889,4.0,none,,
2026-07-29T19:06:07.905515+00:00,vibration_rms,,,none,0.394,
2026-07-29T19:06:09.303728+00:00,temperature,3.949,4.0,none,,
2026-07-29T19:06:10.514802+00:00,temperature,3.709,4.0,none,,
2026-07-29T19:06:10.514802+00:00,vibration_rms,,,none,0.473,
2026-07-29T19:06:11.882914+00:00,temperature,4.454,4.0,none,,
2026-07-29T19:06:11.882914+00:00,door_event,,,none,,CLOSE
2026-07-29T19:06:13.095405+00:00,temperature,4.018,4.0,none,,
2026-07-29T19:06:13.095405+00:00,vibration_rms,,,none,0.456,
2026-07-29T19:06:14.503539+00:00,temperature,4.123,4.0,none,,
2026-07-29T19:06:15.694641+00:00,temperature,4.108,4.0,none,,
2026-07-29T19:06:15.694641+00:00,vibration_rms,,,none,0.429,
2026-07-29T19:06:17.117350+00:00,temperature,4.098,4.0,none,,
2026-07-29T19:06:18.360641+00:00,temperature,3.43,4.0,none,,
2026-07-29T19:06:18.360641+00:00,vibration_rms,,,none,0.406,
2026-07-29T19:06:19.772746+00:00,temperature,3.973,4.0,none,,
2026-07-29T19:06:19.772746+00:00,door_event,,,none,,OPEN
2026-07-29T19:06:21.007520+00:00,temperature,4.084,4.0,none,,
2026-07-29T19:06:21.007520+00:00,vibration_rms,,,none,0.39,
2026-07-29T19:06:22.514162+00:00,temperature,4.174,4.0,none,,
2026-07-29T19:06:23.741362+00:00,temperature,3.757,4.0,none,,
2026-07-29T19:06:23.741362+00:00,vibration_rms,,,none,0.376,
2026-07-29T19:06:25.140239+00:00,temperature,4.207,4.0,none,,
2026-07-29T19:06:26.325619+00:00,temperature,3.805,4.0,none,,
2026-07-29T19:06:26.325619+00:00,vibration_rms,,,none,0.513,
2026-07-29T19:06:27.859638+00:00,temperature,4.283,4.0,none,,
2026-07-29T19:06:29.092260+00:00,temperature,4.417,4.0,none,,
2026-07-29T19:06:29.092260+00:00,vibration_rms,,,none,0.51,
2026-07-29T19:06:30.546736+00:00,temperature,4.62,4.0,none,,
2026-07-29T19:06:31.880559+00:00,temperature,3.973,4.0,none,,
2026-07-29T19:06:31.880559+00:00,vibration_rms,,,none,0.407,
2026-07-29T19:06:33.443099+00:00,temperature,4.562,4.0,none,,
2026-07-29T19:06:34.810538+00:00,temperature,4.581,4.0,none,,
2026-07-29T19:06:34.810538+00:00,vibration_rms,,,none,0.363,
2026-07-29T19:06:36.372705+00:00,temperature,3.841,4.0,none,,
2026-07-29T19:06:37.578855+00:00,temperature,3.625,4.0,none,,
2026-07-29T19:06:37.578855+00:00,vibration_rms,,,none,0.419,
2026-07-29T19:06:38.997270+00:00,temperature,4.271,4.0,none,,
2026-07-29T19:06:40.204933+00:00,temperature,4.51,4.0,none,,
2026-07-29T19:06:40.204933+00:00,vibration_rms,,,none,0.488,
2026-07-29T19:06:41.606679+00:00,temperature,4.382,4.0,none,,
2026-07-29T19:06:42.808337+00:00,temperature,4.289,4.0,none,,
2026-07-29T19:06:42.808337+00:00,vibration_rms,,,none,0.467,
2026-07-29T19:06:44.211400+00:00,temperature,4.482,4.0,none,,
2026-07-29T19:06:45.416907+00:00,temperature,3.87,4.0,none,,
2026-07-29T19:06:45.416907+00:00,vibration_rms,,,none,0.419,
2026-07-29T19:06:46.852644+00:00,temperature,4.325,4.0,none,,
2026-07-29T19:06:48.053429+00:00,temperature,4.448,4.0,none,,
2026-07-29T19:06:48.053429+00:00,vibration_rms,,,none,0.414,
2026-07-29T19:06:49.517778+00:00,temperature,3.854,4.0,none,,
2026-07-29T19:06:49.517778+00:00,door_event,,,none,,CLOSE
2026-07-29T19:06:50.698718+00:00,temperature,4.045,4.0,none,,
2026-07-29T19:06:50.698718+00:00,vibration_rms,,,none,0.381,
2026-07-29T19:06:52.072951+00:00,temperature,3.627,4.0,none,,
2026-07-29T19:06:53.341410+00:00,temperature,3.669,4.0,none,,
2026-07-29T19:06:53.341410+00:00,vibration_rms,,,none,0.467,
2026-07-29T19:06:54.750165+00:00,temperature,3.774,4.0,none,,
2026-07-29T19:06:55.944873+00:00,temperature,4.098,4.0,none,,
2026-07-29T19:06:55.944873+00:00,vibration_rms,,,none,0.417,
2026-07-29T19:06:57.368700+00:00,temperature,3.822,4.0,none,,
2026-07-29T19:06:58.573057+00:00,temperature,3.835,4.0,none,,
2026-07-29T19:06:58.573057+00:00,vibration_rms,,,none,0.455,
2026-07-29T19:06:59.974512+00:00,temperature,3.587,4.0,none,,
2026-07-29T19:07:01.210832+00:00,temperature,3.18,4.0,none,,
2026-07-29T19:07:01.210832+00:00,vibration_rms,,,none,0.452,
2026-07-29T19:07:02.618075+00:00,temperature,3.747,4.0,none,,
2026-07-29T19:07:03.839964+00:00,temperature,3.717,4.0,none,,
2026-07-29T19:07:03.839964+00:00,vibration_rms,,,none,0.491,
2026-07-29T19:07:05.302958+00:00,temperature,4.105,4.0,none,,
2026-07-29T19:07:06.630407+00:00,temperature,4.007,4.0,none,,
2026-07-29T19:07:06.630407+00:00,vibration_rms,,,none,0.462,
2026-07-29T19:07:08.041015+00:00,temperature,4.031,4.0,none,,
2026-07-29T19:07:09.264240+00:00,temperature,3.931,4.0,none,,
2026-07-29T19:07:09.264240+00:00,vibration_rms,,,none,0.39,
2026-07-29T19:07:10.673704+00:00,temperature,3.71,4.0,none,,
2026-07-29T19:07:11.865282+00:00,temperature,3.935,4.0,none,,
2026-07-29T19:07:11.865282+00:00,vibration_rms,,,none,0.456,
2026-07-29T19:07:13.253287+00:00,temperature,3.747,4.0,none,,
2026-07-29T19:07:14.874640+00:00,temperature,4.033,4.0,none,,
2026-07-29T19:07:14.874640+00:00,vibration_rms,,,none,0.432,
2026-07-29T19:07:16.299015+00:00,temperature,4.293,4.0,none,,
2026-07-29T19:07:17.507373+00:00,temperature,4.077,4.0,none,,
2026-07-29T19:07:17.507373+00:00,vibration_rms,,,none,0.465,
2026-07-29T19:07:18.953866+00:00,temperature,4.175,4.0,none,,
2026-07-29T19:07:20.166336+00:00,temperature,3.951,4.0,none,,
2026-07-29T19:07:20.166336+00:00,vibration_rms,,,none,0.454,
2026-07-29T19:07:21.557107+00:00,temperature,4.486,4.0,none,,
2026-07-29T19:07:22.755319+00:00,temperature,3.72,4.0,none,,
2026-07-29T19:07:22.755319+00:00,vibration_rms,,,none,0.462,
2026-07-29T19:07:24.180136+00:00,temperature,4.26,4.0,none,,
2026-07-29T19:07:24.180136+00:00,door_event,,,none,,CLOSE
2026-07-29T19:07:25.375164+00:00,temperature,3.727,4.0,none,,
2026-07-29T19:07:25.375164+00:00,vibration_rms,,,none,0.441,
2026-07-29T19:07:26.764130+00:00,temperature,3.739,4.0,none,,
2026-07-29T19:07:27.954298+00:00,temperature,4.366,4.0,none,,
2026-07-29T19:07:27.954298+00:00,vibration_rms,,,none,0.489,
2026-07-29T19:07:29.358084+00:00,temperature,3.399,4.0,none,,
2026-07-29T19:07:30.599699+00:00,temperature,3.75,4.0,none,,
2026-07-29T19:07:30.599699+00:00,vibration_rms,,,none,0.409,
2026-07-29T19:07:32.033492+00:00,temperature,4.181,4.0,none,,
2026-07-29T19:07:33.244207+00:00,temperature,3.835,4.0,none,,
2026-07-29T19:07:33.244207+00:00,vibration_rms,,,none,0.418,
2026-07-29T19:07:34.641796+00:00,temperature,4.155,4.0,none,,
2026-07-29T19:07:35.855633+00:00,temperature,3.911,4.0,none,,
2026-07-29T19:07:35.855633+00:00,vibration_rms,,,none,0.448,
2026-07-29T19:07:37.211631+00:00,temperature,4.381,4.0,none,,
2026-07-29T19:07:38.434432+00:00,temperature,3.678,4.0,none,,
2026-07-29T19:07:38.434432+00:00,vibration_rms,,,none,0.549,
2026-07-29T19:07:39.864700+00:00,temperature,3.999,4.0,none,,
2026-07-29T19:07:41.066943+00:00,temperature,4.295,4.0,none,,
2026-07-29T19:07:41.066943+00:00,vibration_rms,,,none,0.505,
2026-07-29T19:07:42.509805+00:00,temperature,4.112,4.0,none,,
2026-07-29T19:07:43.719949+00:00,temperature,3.811,4.0,none,,
2026-07-29T19:07:43.719949+00:00,vibration_rms,,,none,0.468,
2026-07-29T19:07:45.135861+00:00,temperature,3.682,4.0,none,,
2026-07-29T19:07:46.333980+00:00,temperature,4.516,4.0,none,,
2026-07-29T19:07:46.333980+00:00,vibration_rms,,,none,0.387,
2026-07-29T19:07:47.714536+00:00,temperature,4.667,4.0,none,,
2026-07-29T19:07:48.967691+00:00,temperature,3.84,4.0,none,,
2026-07-29T19:07:48.967691+00:00,vibration_rms,,,none,0.427,
2026-07-29T19:07:50.343574+00:00,temperature,4.442,4.0,none,,
2026-07-29T19:07:51.534004+00:00,temperature,3.673,4.0,none,,
2026-07-29T19:07:51.534004+00:00,vibration_rms,,,none,0.481,
2026-07-29T19:07:52.953747+00:00,temperature,4.284,4.0,none,,
2026-07-29T19:07:54.168684+00:00,temperature,4.273,4.0,none,,
2026-07-29T19:07:54.168684+00:00,vibration_rms,,,none,0.45,
2026-07-29T19:07:55.536309+00:00,temperature,4.089,4.0,none,,
2026-07-29T19:07:56.723000+00:00,temperature,4.158,4.0,none,,
2026-07-29T19:07:56.723000+00:00,vibration_rms,,,none,0.466,
2026-07-29T19:07:58.112438+00:00,temperature,4.138,4.0,none,,
2026-07-29T19:07:59.300901+00:00,temperature,3.969,4.0,none,,
2026-07-29T19:07:59.300901+00:00,vibration_rms,,,none,0.431,
2026-07-29T19:08:00.754136+00:00,temperature,3.809,4.0,none,,
2026-07-29T19:08:01.980010+00:00,temperature,3.699,4.0,none,,
2026-07-29T19:08:01.980010+00:00,vibration_rms,,,none,0.339,
2026-07-29T19:08:03.401918+00:00,temperature,4.835,4.0,none,,
2026-07-29T19:08:03.401918+00:00,door_event,,,none,,CLOSE
2026-07-29T19:08:04.614245+00:00,temperature,4.006,4.0,none,,
2026-07-29T19:08:04.614245+00:00,vibration_rms,,,none,0.443,
2026-07-29T19:08:06.000408+00:00,temperature,3.58,4.0,none,,
2026-07-29T19:08:07.324607+00:00,temperature,4.532,4.0,none,,
2026-07-29T19:08:07.324607+00:00,vibration_rms,,,none,0.449,
2026-07-29T19:08:08.757967+00:00,temperature,3.998,4.0,none,,
2026-07-29T19:08:09.954773+00:00,temperature,3.2,4.0,none,,
2026-07-29T19:08:09.954773+00:00,vibration_rms,,,none,0.394,
2026-07-29T19:08:11.354927+00:00,temperature,3.865,4.0,none,,
2026-07-29T19:08:12.591648+00:00,temperature,4.405,4.0,none,,
2026-07-29T19:08:12.591648+00:00,vibration_rms,,,none,0.485,
2026-07-29T19:08:14.013888+00:00,temperature,4.251,4.0,none,,
2026-07-29T19:08:15.213701+00:00,temperature,3.906,4.0,none,,
2026-07-29T19:08:15.213701+00:00,vibration_rms,,,none,0.504,
2026-07-29T19:08:16.589309+00:00,temperature,3.934,4.0,none,,
2026-07-29T19:08:17.792284+00:00,temperature,4.267,4.0,none,,
2026-07-29T19:08:17.792284+00:00,vibration_rms,,,none,0.477,
2026-07-29T19:08:19.147387+00:00,temperature,3.84,4.0,none,,
2026-07-29T19:08:20.370191+00:00,temperature,4.113,4.0,none,,
2026-07-29T19:08:20.370191+00:00,vibration_rms,,,none,0.449,
2026-07-29T19:08:21.814880+00:00,temperature,3.972,4.0,none,,
2026-07-29T19:08:23.022174+00:00,temperature,4.155,4.0,none,,
2026-07-29T19:08:23.022174+00:00,vibration_rms,,,none,0.496,
2026-07-29T19:08:24.405875+00:00,temperature,3.52,4.0,none,,
2026-07-29T19:08:25.613775+00:00,temperature,4.126,4.0,none,,
2026-07-29T19:08:25.613775+00:00,vibration_rms,,,none,0.429,
2026-07-29T19:08:27.015627+00:00,temperature,3.982,4.0,none,,
2026-07-29T19:08:28.237442+00:00,temperature,4.309,4.0,none,,
2026-07-29T19:08:28.237442+00:00,vibration_rms,,,none,0.441,
2026-07-29T19:08:29.644857+00:00,temperature,4.26,4.0,none,,
2026-07-29T19:08:30.870963+00:00,temperature,3.719,4.0,none,,
2026-07-29T19:08:30.870963+00:00,vibration_rms,,,none,0.404,
2026-07-29T19:08:32.312561+00:00,temperature,3.805,4.0,none,,
2026-07-29T19:08:33.515209+00:00,temperature,3.814,4.0,none,,
2026-07-29T19:08:33.515209+00:00,vibration_rms,,,none,0.475,
2026-07-29T19:08:34.957161+00:00,temperature,4.15,4.0,none,,
2026-07-29T19:08:36.159795+00:00,temperature,4.251,4.0,none,,
2026-07-29T19:08:36.159795+00:00,vibration_rms,,,none,0.434,
2026-07-29T19:08:37.558681+00:00,temperature,3.946,4.0,none,,
2026-07-29T19:08:38.759958+00:00,temperature,4.537,4.0,none,,
2026-07-29T19:08:38.759958+00:00,vibration_rms,,,none,0.475,
2026-07-29T19:08:40.183901+00:00,temperature,4.244,4.0,none,,
2026-07-29T19:08:41.437495+00:00,temperature,3.926,4.0,none,,
2026-07-29T19:08:41.437495+00:00,vibration_rms,,,none,0.446,
2026-07-29T19:08:42.893689+00:00,temperature,3.935,4.0,none,,
2026-07-29T19:08:44.137404+00:00,temperature,4.106,4.0,none,,
2026-07-29T19:08:44.137404+00:00,vibration_rms,,,none,0.555,
2026-07-29T19:08:45.547549+00:00,temperature,3.937,4.0,none,,
2026-07-29T19:08:46.771270+00:00,temperature,4.329,4.0,none,,
2026-07-29T19:08:46.771270+00:00,vibration_rms,,,none,0.47,
2026-07-29T19:08:48.185693+00:00,temperature,3.828,4.0,none,,
2026-07-29T19:08:49.393492+00:00,temperature,4.348,4.0,none,,
2026-07-29T19:08:49.393492+00:00,vibration_rms,,,none,0.412,
2026-07-29T19:08:50.802464+00:00,temperature,4.205,4.0,none,,
2026-07-29T19:08:52.027478+00:00,temperature,3.812,4.0,none,,
2026-07-29T19:08:52.027478+00:00,vibration_rms,,,none,0.44,
2026-07-29T19:08:53.458047+00:00,temperature,4.278,4.0,none,,
2026-07-29T19:08:54.704862+00:00,temperature,4.02,4.0,none,,
2026-07-29T19:08:54.704862+00:00,vibration_rms,,,none,0.506,
2026-07-29T19:08:56.113612+00:00,temperature,3.982,4.0,none,,
2026-07-29T19:08:57.336218+00:00,temperature,4.02,4.0,none,,
2026-07-29T19:08:57.336218+00:00,vibration_rms,,,none,0.409,
2026-07-29T19:08:58.752853+00:00,temperature,4.422,4.0,none,,
2026-07-29T19:08:59.983305+00:00,temperature,4.079,4.0,none,,
2026-07-29T19:08:59.983305+00:00,vibration_rms,,,none,0.474,
2026-07-29T19:09:01.428263+00:00,temperature,4.337,4.0,none,,
2026-07-29T19:09:02.672628+00:00,temperature,3.883,4.0,none,,
2026-07-29T19:09:02.672628+00:00,vibration_rms,,,none,0.378,
2026-07-29T19:09:04.103460+00:00,temperature,4.398,4.0,none,,
2026-07-29T19:09:05.327941+00:00,temperature,4.247,4.0,none,,
2026-07-29T19:09:05.327941+00:00,vibration_rms,,,none,0.392,
2026-07-29T19:09:06.737049+00:00,temperature,3.975,4.0,none,,
2026-07-29T19:09:07.950832+00:00,temperature,3.738,4.0,none,,
2026-07-29T19:09:07.950832+00:00,vibration_rms,,,none,0.401,
2026-07-29T19:09:09.330523+00:00,temperature,4.304,4.0,none,,
2026-07-29T19:09:10.539733+00:00,temperature,3.742,4.0,none,,
2026-07-29T19:09:10.539733+00:00,vibration_rms,,,none,0.387,
2026-07-29T19:09:11.940130+00:00,temperature,4.328,4.0,none,,
2026-07-29T19:09:11.940130+00:00,door_event,,,none,,CLOSE
2026-07-29T19:09:13.185650+00:00,temperature,3.655,4.0,none,,
2026-07-29T19:09:13.185650+00:00,vibration_rms,,,none,0.449,
2026-07-29T19:09:14.606499+00:00,temperature,4.152,4.0,none,,
2026-07-29T19:09:15.783956+00:00,temperature,4.081,4.0,none,,
2026-07-29T19:09:15.783956+00:00,vibration_rms,,,none,0.551,
2026-07-29T19:09:17.194887+00:00,temperature,4.221,4.0,none,,
2026-07-29T19:09:18.428801+00:00,temperature,4.107,4.0,none,,
2026-07-29T19:09:18.428801+00:00,vibration_rms,,,none,0.528,
2026-07-29T19:09:19.874952+00:00,temperature,3.969,4.0,none,,
2026-07-29T19:09:19.874952+00:00,door_event,,,none,,OPEN
2026-07-29T19:09:21.082882+00:00,temperature,4.29,4.0,none,,
2026-07-29T19:09:21.082882+00:00,vibration_rms,,,none,0.503,
2026-07-29T19:09:22.516939+00:00,temperature,4.08,4.0,none,,
2026-07-29T19:09:23.762884+00:00,temperature,3.816,4.0,none,,
2026-07-29T19:09:23.762884+00:00,vibration_rms,,,none,0.408,
2026-07-29T19:09:25.160469+00:00,temperature,3.953,4.0,none,,
2026-07-29T19:09:26.374032+00:00,temperature,3.655,4.0,none,,
2026-07-29T19:09:26.374032+00:00,vibration_rms,,,none,0.374,
2026-07-29T19:09:27.805423+00:00,temperature,4.364,4.0,none,,
2026-07-29T19:09:29.062917+00:00,temperature,4.456,4.0,none,,
2026-07-29T19:09:29.062917+00:00,vibration_rms,,,none,0.409,
2026-07-29T19:09:30.596783+00:00,temperature,4.243,4.0,none,,
2026-07-29T19:09:31.818558+00:00,temperature,3.941,4.0,none,,
2026-07-29T19:09:31.818558+00:00,vibration_rms,,,none,0.424,
2026-07-29T19:09:33.276253+00:00,temperature,4.321,4.0,none,,
2026-07-29T19:09:33.276253+00:00,door_event,,,none,,CLOSE
2026-07-29T19:09:34.498241+00:00,temperature,3.496,4.0,none,,
2026-07-29T19:09:34.498241+00:00,vibration_rms,,,none,0.395,
2026-07-29T19:09:35.904682+00:00,temperature,3.721,4.0,none,,
2026-07-29T19:09:37.119923+00:00,temperature,3.822,4.0,none,,
2026-07-29T19:09:37.119923+00:00,vibration_rms,,,none,0.545,
2026-07-29T19:09:38.531477+00:00,temperature,3.825,4.0,none,,
2026-07-29T19:09:39.753326+00:00,temperature,4.161,4.0,none,,
2026-07-29T19:09:39.753326+00:00,vibration_rms,,,none,0.406,
2026-07-29T19:09:41.183366+00:00,temperature,3.879,4.0,none,,
2026-07-29T19:09:42.386012+00:00,temperature,3.721,4.0,none,,
2026-07-29T19:09:42.386012+00:00,vibration_rms,,,none,0.422,
2026-07-29T19:09:43.783874+00:00,temperature,4.097,4.0,none,,
2026-07-29T19:09:45.005267+00:00,temperature,3.818,4.0,none,,
2026-07-29T19:09:45.005267+00:00,vibration_rms,,,none,0.373,
2026-07-29T19:09:46.384386+00:00,temperature,4.455,4.0,none,,
2026-07-29T19:09:47.592449+00:00,temperature,4.412,4.0,none,,
2026-07-29T19:09:47.592449+00:00,vibration_rms,,,none,0.465,
2026-07-29T19:09:48.983947+00:00,temperature,3.726,4.0,none,,
2026-07-29T19:09:50.205485+00:00,temperature,4.305,4.0,none,,
2026-07-29T19:09:50.205485+00:00,vibration_rms,,,none,0.425,
2026-07-29T19:09:51.613881+00:00,temperature,3.99,4.0,none,,
2026-07-29T19:09:51.613881+00:00,door_event,,,none,,CLOSE
2026-07-29T19:09:52.829071+00:00,temperature,3.387,4.0,none,,
2026-07-29T19:09:52.829071+00:00,vibration_rms,,,none,0.418,
2026-07-29T19:09:54.238416+00:00,temperature,3.613,4.0,none,,
2026-07-29T19:09:55.476117+00:00,temperature,3.915,4.0,none,,
2026-07-29T19:09:55.476117+00:00,vibration_rms,,,none,0.517,
2026-07-29T19:09:56.858980+00:00,temperature,3.73,4.0,none,,
2026-07-29T19:09:58.128013+00:00,temperature,4.049,4.0,none,,
2026-07-29T19:09:58.128013+00:00,vibration_rms,,,none,0.458,
2026-07-29T19:09:59.559790+00:00,temperature,3.954,4.0,none,,
2026-07-29T19:10:00.763622+00:00,temperature,4.244,4.0,none,,
2026-07-29T19:10:00.763622+00:00,vibration_rms,,,none,0.527,
2026-07-29T19:10:02.141329+00:00,temperature,3.987,4.0,none,,
2026-07-29T19:10:03.365812+00:00,temperature,4.298,4.0,none,,
2026-07-29T19:10:03.365812+00:00,vibration_rms,,,none,0.509,
2026-07-29T19:10:04.792257+00:00,temperature,4.116,4.0,none,,
2026-07-29T19:10:06.015540+00:00,temperature,4.014,4.0,none,,
2026-07-29T19:10:06.015540+00:00,vibration_rms,,,none,0.389,
2026-07-29T19:10:07.437461+00:00,temperature,4.151,4.0,none,,
2026-07-29T19:10:08.640159+00:00,temperature,4.386,4.0,none,,
2026-07-29T19:10:08.640159+00:00,vibration_rms,,,none,0.422,
2026-07-29T19:10:10.072375+00:00,temperature,3.409,4.0,none,,
2026-07-29T19:10:11.284698+00:00,temperature,3.855,4.0,none,,
2026-07-29T19:10:11.284698+00:00,vibration_rms,,,none,0.392,
2026-07-29T19:10:12.694612+00:00,temperature,3.875,4.0,none,,
2026-07-29T19:10:13.895952+00:00,temperature,3.742,4.0,none,,
2026-07-29T19:10:13.895952+00:00,vibration_rms,,,none,0.45,
2026-07-29T19:10:15.338806+00:00,temperature,4.265,4.0,none,,
2026-07-29T19:10:16.574027+00:00,temperature,4.275,4.0,none,,
2026-07-29T19:10:16.574027+00:00,vibration_rms,,,none,0.409,
2026-07-29T19:10:18.011118+00:00,temperature,3.833,4.0,none,,
2026-07-29T19:10:19.219500+00:00,temperature,4.03,4.0,none,,
2026-07-29T19:10:19.219500+00:00,vibration_rms,,,none,0.442,
2026-07-29T19:10:20.621255+00:00,temperature,3.933,4.0,none,,
2026-07-29T19:10:21.884111+00:00,temperature,3.855,4.0,none,,
2026-07-29T19:10:21.884111+00:00,vibration_rms,,,none,0.481,
2026-07-29T19:10:23.297566+00:00,temperature,4.009,4.0,none,,
2026-07-29T19:10:24.533005+00:00,temperature,3.88,4.0,none,,
2026-07-29T19:10:24.533005+00:00,vibration_rms,,,none,0.438,
2026-07-29T19:10:25.978207+00:00,temperature,4.74,4.0,none,,
2026-07-29T19:10:27.197051+00:00,temperature,4.164,4.0,none,,
2026-07-29T19:10:27.197051+00:00,vibration_rms,,,none,0.432,
2026-07-29T19:10:28.616800+00:00,temperature,3.879,4.0,none,,
2026-07-29T19:10:29.806468+00:00,temperature,3.687,4.0,none,,
2026-07-29T19:10:29.806468+00:00,vibration_rms,,,none,0.365,
2026-07-29T19:10:31.175380+00:00,temperature,4.141,4.0,none,,
2026-07-29T19:10:32.378861+00:00,temperature,3.747,4.0,none,,
2026-07-29T19:10:32.378861+00:00,vibration_rms,,,none,0.443,
2026-07-29T19:10:33.776960+00:00,temperature,4.428,4.0,none,,
2026-07-29T19:10:34.984290+00:00,temperature,4.349,4.0,none,,
2026-07-29T19:10:34.984290+00:00,vibration_rms,,,none,0.348,
2026-07-29T19:10:36.394795+00:00,temperature,4.03,4.0,none,,
2026-07-29T19:10:37.634622+00:00,temperature,4.189,4.0,none,,
2026-07-29T19:10:37.634622+00:00,vibration_rms,,,none,0.463,
2026-07-29T19:10:39.050133+00:00,temperature,4.629,4.0,none,,
2026-07-29T19:10:40.276309+00:00,temperature,3.883,4.0,none,,
2026-07-29T19:10:40.276309+00:00,vibration_rms,,,none,0.401,
2026-07-29T19:10:41.695504+00:00,temperature,4.201,4.0,none,,
2026-07-29T19:10:42.886957+00:00,temperature,3.733,4.0,none,,
2026-07-29T19:10:42.886957+00:00,vibration_rms,,,none,0.435,
2026-07-29T19:10:44.253957+00:00,temperature,3.567,4.0,none,,
2026-07-29T19:10:45.520148+00:00,temperature,3.893,4.0,none,,
2026-07-29T19:10:45.520148+00:00,vibration_rms,,,none,0.477,
2026-07-29T19:10:46.943125+00:00,temperature,4.086,4.0,none,,
2026-07-29T19:10:48.157665+00:00,temperature,3.686,4.0,none,,
2026-07-29T19:10:48.157665+00:00,vibration_rms,,,none,0.463,
2026-07-29T19:10:49.595595+00:00,temperature,4.214,4.0,none,,
2026-07-29T19:10:50.798800+00:00,temperature,3.543,4.0,none,,
2026-07-29T19:10:50.798800+00:00,vibration_rms,,,none,0.461,
2026-07-29T19:10:52.155141+00:00,temperature,4.076,4.0,none,,
2026-07-29T19:10:53.331629+00:00,temperature,4.11,4.0,none,,
2026-07-29T19:10:53.331629+00:00,vibration_rms,,,none,0.481,
2026-07-29T19:10:54.720930+00:00,temperature,3.917,4.0,none,,
2026-07-29T19:10:55.920137+00:00,temperature,3.953,4.0,none,,
2026-07-29T19:10:55.920137+00:00,vibration_rms,,,none,0.504,
2026-07-29T19:10:57.307455+00:00,temperature,4.196,4.0,none,,
2026-07-29T19:10:58.496748+00:00,temperature,3.982,4.0,none,,
2026-07-29T19:10:58.496748+00:00,vibration_rms,,,none,0.453,
2026-07-29T19:10:59.832323+00:00,temperature,3.898,4.0,none,,
2026-07-29T19:11:01.033311+00:00,temperature,3.522,4.0,none,,
2026-07-29T19:11:01.033311+00:00,vibration_rms,,,none,0.469,
2026-07-29T19:11:02.469965+00:00,temperature,3.813,4.0,none,,
2026-07-29T19:11:03.691624+00:00,temperature,3.936,4.0,none,,
2026-07-29T19:11:03.691624+00:00,vibration_rms,,,none,0.537,
2026-07-29T19:11:03.691624+00:00,door_event,,,none,,CLOSE
2026-07-29T19:11:05.144337+00:00,temperature,3.812,4.0,none,,
2026-07-29T19:11:06.399372+00:00,temperature,3.984,4.0,none,,
2026-07-29T19:11:06.399372+00:00,vibration_rms,,,none,0.54,
2026-07-29T19:11:07.808138+00:00,temperature,3.992,4.0,none,,
2026-07-29T19:11:09.010886+00:00,temperature,4.287,4.0,none,,
2026-07-29T19:11:09.010886+00:00,vibration_rms,,,none,0.548,
2026-07-29T19:11:09.010886+00:00,door_event,,,none,,OPEN
2026-07-29T19:11:10.379759+00:00,temperature,4.198,4.0,none,,
2026-07-29T19:11:11.589528+00:00,temperature,4.869,4.0,none,,
2026-07-29T19:11:11.589528+00:00,vibration_rms,,,none,0.477,
2026-07-29T19:11:13.008641+00:00,temperature,3.682,4.0,none,,
2026-07-29T19:11:14.219159+00:00,temperature,3.926,4.0,none,,
2026-07-29T19:11:14.219159+00:00,vibration_rms,,,none,0.429,
2026-07-29T19:11:15.609082+00:00,temperature,3.465,4.0,none,,
2026-07-29T19:11:16.833883+00:00,temperature,4.086,4.0,none,,
2026-07-29T19:11:16.833883+00:00,vibration_rms,,,none,0.41,
2026-07-29T19:11:18.231074+00:00,temperature,3.881,4.0,none,,
2026-07-29T19:11:19.423034+00:00,temperature,4.512,4.0,none,,
2026-07-29T19:11:19.423034+00:00,vibration_rms,,,none,0.471,
2026-07-29T19:11:20.830911+00:00,temperature,4.346,4.0,none,,
2026-07-29T19:11:22.046208+00:00,temperature,3.854,4.0,none,,
2026-07-29T19:11:22.046208+00:00,vibration_rms,,,none,0.429,
2026-07-29T19:11:23.437960+00:00,temperature,4.451,4.0,none,,
2026-07-29T19:11:23.437960+00:00,door_event,,,none,,CLOSE
2026-07-29T19:11:24.646419+00:00,temperature,4.518,4.0,none,,
2026-07-29T19:11:24.646419+00:00,vibration_rms,,,none,0.408,
2026-07-29T19:11:26.009556+00:00,temperature,3.695,4.0,none,,
2026-07-29T19:11:27.221338+00:00,temperature,3.828,4.0,none,,
2026-07-29T19:11:27.221338+00:00,vibration_rms,,,none,0.529,
2026-07-29T19:11:28.627434+00:00,temperature,3.728,4.0,none,,
2026-07-29T19:11:29.894053+00:00,temperature,4.215,4.0,none,,
2026-07-29T19:11:29.894053+00:00,vibration_rms,,,none,0.42,
2026-07-29T19:11:31.283565+00:00,temperature,3.879,4.0,none,,
2026-07-29T19:11:31.283565+00:00,door_event,,,none,,CLOSE
2026-07-29T19:11:32.556318+00:00,temperature,4.537,4.0,none,,
2026-07-29T19:11:32.556318+00:00,vibration_rms,,,none,0.347,
2026-07-29T19:11:33.946453+00:00,temperature,3.996,4.0,none,,
2026-07-29T19:11:35.168633+00:00,temperature,4.073,4.0,none,,
2026-07-29T19:11:35.168633+00:00,vibration_rms,,,none,0.496,
2026-07-29T19:11:36.594091+00:00,temperature,3.512,4.0,none,,
2026-07-29T19:11:37.805169+00:00,temperature,4.097,4.0,none,,
2026-07-29T19:11:37.805169+00:00,vibration_rms,,,none,0.381,
2026-07-29T19:11:39.210532+00:00,temperature,4.153,4.0,none,,
2026-07-29T19:11:40.416008+00:00,temperature,4.214,4.0,none,,
2026-07-29T19:11:40.416008+00:00,vibration_rms,,,none,0.414,
2026-07-29T19:11:41.857690+00:00,temperature,3.913,4.0,none,,
2026-07-29T19:11:43.113831+00:00,temperature,3.445,4.0,none,,
2026-07-29T19:11:43.113831+00:00,vibration_rms,,,none,0.493,
2026-07-29T19:11:44.517887+00:00,temperature,3.981,4.0,none,,
2026-07-29T19:11:45.724215+00:00,temperature,4.139,4.0,none,,
2026-07-29T19:11:45.724215+00:00,vibration_rms,,,none,0.39,
2026-07-29T19:11:47.119048+00:00,temperature,4.606,4.0,none,,
2026-07-29T19:11:48.381103+00:00,temperature,3.831,4.0,none,,
2026-07-29T19:11:48.381103+00:00,vibration_rms,,,none,0.382,
2026-07-29T19:11:49.789517+00:00,temperature,4.494,4.0,none,,
2026-07-29T19:11:50.991652+00:00,temperature,3.774,4.0,none,,
2026-07-29T19:11:50.991652+00:00,vibration_rms,,,none,0.468,
2026-07-29T19:11:52.387680+00:00,temperature,3.845,4.0,none,,
2026-07-29T19:11:53.648443+00:00,temperature,4.242,4.0,none,,
2026-07-29T19:11:53.648443+00:00,vibration_rms,,,none,0.483,
2026-07-29T19:11:55.036263+00:00,temperature,3.87,4.0,none,,
2026-07-29T19:11:56.269948+00:00,temperature,4.092,4.0,none,,
2026-07-29T19:11:56.269948+00:00,vibration_rms,,,none,0.422,
2026-07-29T19:11:57.679227+00:00,temperature,4.474,4.0,none,,
2026-07-29T19:11:58.903706+00:00,temperature,4.072,4.0,none,,
2026-07-29T19:11:58.903706+00:00,vibration_rms,,,none,0.427,
2026-07-29T19:12:00.300641+00:00,temperature,3.974,4.0,none,,
2026-07-29T19:12:01.503501+00:00,temperature,3.784,4.0,none,,
2026-07-29T19:12:01.503501+00:00,vibration_rms,,,none,0.477,
2026-07-29T19:12:02.870826+00:00,temperature,4.025,4.0,none,,
2026-07-29T19:12:04.081292+00:00,temperature,3.993,4.0,none,,
2026-07-29T19:12:04.081292+00:00,vibration_rms,,,none,0.453,
2026-07-29T19:12:05.438262+00:00,temperature,4.046,4.0,none,,
2026-07-29T19:12:06.659434+00:00,temperature,3.391,4.0,none,,
2026-07-29T19:12:06.659434+00:00,vibration_rms,,,none,0.553,
2026-07-29T19:12:08.064488+00:00,temperature,3.568,4.0,none,,
2026-07-29T19:12:09.307037+00:00,temperature,3.635,4.0,none,,
2026-07-29T19:12:09.307037+00:00,vibration_rms,,,none,0.425,
2026-07-29T19:12:10.704644+00:00,temperature,3.929,4.0,none,,
2026-07-29T19:12:11.938710+00:00,temperature,3.979,4.0,none,,
2026-07-29T19:12:11.938710+00:00,vibration_rms,,,none,0.5,
2026-07-29T19:12:13.368085+00:00,temperature,4.303,4.0,none,,
2026-07-29T19:12:13.368085+00:00,door_event,,,none,,CLOSE
2026-07-29T19:12:14.594787+00:00,temperature,3.828,4.0,none,,
2026-07-29T19:12:14.594787+00:00,vibration_rms,,,none,0.384,
2026-07-29T19:12:15.996539+00:00,temperature,3.744,4.0,none,,
2026-07-29T19:12:17.216826+00:00,temperature,4.407,4.0,none,,
2026-07-29T19:12:17.216826+00:00,vibration_rms,,,none,0.461,
2026-07-29T19:12:18.595738+00:00,temperature,4.204,4.0,none,,
2026-07-29T19:12:19.815649+00:00,temperature,3.94,4.0,none,,
2026-07-29T19:12:19.815649+00:00,vibration_rms,,,none,0.442,
2026-07-29T19:12:19.815649+00:00,door_event,,,none,,CLOSE
2026-07-29T19:12:21.214856+00:00,temperature,4.553,4.0,none,,
2026-07-29T19:12:22.414088+00:00,temperature,3.78,4.0,none,,
2026-07-29T19:12:22.414088+00:00,vibration_rms,,,none,0.444,
2026-07-29T19:12:23.771522+00:00,temperature,4.286,4.0,none,,
2026-07-29T19:12:25.019457+00:00,temperature,3.897,4.0,none,,
2026-07-29T19:12:25.019457+00:00,vibration_rms,,,none,0.437,
2026-07-29T19:12:26.416385+00:00,temperature,4.43,4.0,none,,
2026-07-29T19:12:27.650941+00:00,temperature,3.712,4.0,none,,
2026-07-29T19:12:27.650941+00:00,vibration_rms,,,none,0.365,
2026-07-29T19:12:29.048162+00:00,temperature,4.52,4.0,none,,
2026-07-29T19:12:30.252833+00:00,temperature,4.229,4.0,none,,
2026-07-29T19:12:30.252833+00:00,vibration_rms,,,none,0.369,
2026-07-29T19:12:31.829176+00:00,temperature,4.09,4.0,none,,
2026-07-29T19:12:33.075069+00:00,temperature,3.9,4.0,none,,
2026-07-29T19:12:33.075069+00:00,vibration_rms,,,none,0.43,
2026-07-29T19:12:34.561623+00:00,temperature,3.52,4.0,none,,
2026-07-29T19:12:35.830501+00:00,temperature,4.254,4.0,none,,
2026-07-29T19:12:35.830501+00:00,vibration_rms,,,none,0.446,
2026-07-29T19:12:37.236099+00:00,temperature,3.769,4.0,none,,
2026-07-29T19:12:37.236099+00:00,door_event,,,none,,CLOSE
2026-07-29T19:12:38.451853+00:00,temperature,3.938,4.0,none,,
2026-07-29T19:12:38.451853+00:00,vibration_rms,,,none,0.531,
2026-07-29T19:12:39.845644+00:00,temperature,3.899,4.0,none,,
2026-07-29T19:12:39.845644+00:00,door_event,,,none,,CLOSE
2026-07-29T19:12:41.085659+00:00,temperature,4.078,4.0,none,,
2026-07-29T19:12:41.085659+00:00,vibration_rms,,,none,0.427,
2026-07-29T19:12:42.550447+00:00,temperature,3.496,4.0,none,,
2026-07-29T19:12:43.754228+00:00,temperature,4.335,4.0,none,,
2026-07-29T19:12:43.754228+00:00,vibration_rms,,,none,0.389,
2026-07-29T19:12:45.181206+00:00,temperature,4.43,4.0,none,,
2026-07-29T19:12:46.387640+00:00,temperature,3.84,4.0,none,,
2026-07-29T19:12:46.387640+00:00,vibration_rms,,,none,0.449,
2026-07-29T19:12:47.814414+00:00,temperature,3.578,4.0,none,,
2026-07-29T19:12:49.028993+00:00,temperature,4.038,4.0,none,,
2026-07-29T19:12:49.028993+00:00,vibration_rms,,,none,0.505,
2026-07-29T19:12:50.407678+00:00,temperature,4.101,4.0,none,,
2026-07-29T19:12:51.640356+00:00,temperature,3.853,4.0,none,,
2026-07-29T19:12:51.640356+00:00,vibration_rms,,,none,0.496,
2026-07-29T19:12:51.640356+00:00,door_event,,,none,,CLOSE
2026-07-29T19:12:53.134604+00:00,temperature,4.23,4.0,none,,
2026-07-29T19:12:54.355512+00:00,temperature,4.333,4.0,none,,
2026-07-29T19:12:54.355512+00:00,vibration_rms,,,none,0.446,
2026-07-29T19:12:55.753984+00:00,temperature,3.609,4.0,none,,
2026-07-29T19:12:56.996553+00:00,temperature,3.933,4.0,none,,
2026-07-29T19:12:56.996553+00:00,vibration_rms,,,none,0.374,
2026-07-29T19:12:58.396369+00:00,temperature,4.322,4.0,none,,
2026-07-29T19:12:59.618298+00:00,temperature,4.26,4.0,none,,
2026-07-29T19:12:59.618298+00:00,vibration_rms,,,none,0.491,
2026-07-29T19:13:00.996818+00:00,temperature,4.223,4.0,none,,
2026-07-29T19:13:02.233754+00:00,temperature,3.895,4.0,none,,
2026-07-29T19:13:02.233754+00:00,vibration_rms,,,none,0.453,
2026-07-29T19:13:03.630758+00:00,temperature,3.908,4.0,none,,
2026-07-29T19:13:04.808576+00:00,temperature,4.159,4.0,none,,
2026-07-29T19:13:04.808576+00:00,vibration_rms,,,none,0.455,
2026-07-29T19:13:06.222027+00:00,temperature,3.964,4.0,none,,
2026-07-29T19:13:07.429952+00:00,temperature,3.987,4.0,none,,
2026-07-29T19:13:07.429952+00:00,vibration_rms,,,none,0.509,
2026-07-29T19:13:08.816192+00:00,temperature,3.978,4.0,none,,
2026-07-29T19:13:10.027765+00:00,temperature,4.384,4.0,none,,
2026-07-29T19:13:10.027765+00:00,vibration_rms,,,none,0.52,
2026-07-29T19:13:11.433204+00:00,temperature,3.783,4.0,none,,
2026-07-29T19:13:12.641087+00:00,temperature,4.195,4.0,none,,
2026-07-29T19:13:12.641087+00:00,vibration_rms,,,none,0.543,
2026-07-29T19:13:14.035718+00:00,temperature,3.786,4.0,none,,
2026-07-29T19:13:15.216464+00:00,temperature,4.586,4.0,none,,
2026-07-29T19:13:15.216464+00:00,vibration_rms,,,none,0.533,
2026-07-29T19:13:16.622654+00:00,temperature,4.285,4.0,none,,
2026-07-29T19:13:17.808621+00:00,temperature,4.137,4.0,none,,
2026-07-29T19:13:17.808621+00:00,vibration_rms,,,none,0.486,
2026-07-29T19:13:19.195472+00:00,temperature,4.132,4.0,none,,
2026-07-29T19:13:20.417306+00:00,temperature,3.921,4.0,none,,
2026-07-29T19:13:20.417306+00:00,vibration_rms,,,none,0.43,
2026-07-29T19:13:21.965481+00:00,temperature,4.521,4.0,none,,
2026-07-29T19:13:23.188425+00:00,temperature,3.944,4.0,none,,
2026-07-29T19:13:23.188425+00:00,vibration_rms,,,none,0.438,
2026-07-29T19:13:24.576234+00:00,temperature,4.138,4.0,none,,
2026-07-29T19:13:25.764543+00:00,temperature,3.692,4.0,none,,
2026-07-29T19:13:25.764543+00:00,vibration_rms,,,none,0.451,
2026-07-29T19:13:27.198184+00:00,temperature,3.675,4.0,none,,
2026-07-29T19:13:28.401042+00:00,temperature,3.551,4.0,none,,
2026-07-29T19:13:28.401042+00:00,vibration_rms,,,none,0.444,
2026-07-29T19:13:29.773636+00:00,temperature,3.413,4.0,none,,
2026-07-29T19:13:30.964955+00:00,temperature,3.579,4.0,none,,
2026-07-29T19:13:30.964955+00:00,vibration_rms,,,none,0.467,
2026-07-29T19:13:32.381671+00:00,temperature,4.077,4.0,none,,
2026-07-29T19:13:33.598581+00:00,temperature,3.648,4.0,none,,
2026-07-29T19:13:33.598581+00:00,vibration_rms,,,none,0.511,
2026-07-29T19:13:34.998526+00:00,temperature,3.71,4.0,none,,
2026-07-29T19:13:36.198503+00:00,temperature,4.052,4.0,none,,
2026-07-29T19:13:36.198503+00:00,vibration_rms,,,none,0.511,
2026-07-29T19:13:37.600631+00:00,temperature,4.245,4.0,none,,
2026-07-29T19:13:38.820854+00:00,temperature,4.181,4.0,none,,
2026-07-29T19:13:38.820854+00:00,vibration_rms,,,none,0.516,
2026-07-29T19:13:40.165735+00:00,temperature,3.801,4.0,none,,
2026-07-29T19:13:41.345790+00:00,temperature,3.894,4.0,none,,
2026-07-29T19:13:41.345790+00:00,vibration_rms,,,none,0.397,
2026-07-29T19:13:42.745778+00:00,temperature,3.63,4.0,none,,
2026-07-29T19:13:43.980605+00:00,temperature,4.598,4.0,none,,
2026-07-29T19:13:43.980605+00:00,vibration_rms,,,none,0.48,
2026-07-29T19:13:45.363190+00:00,temperature,4.164,4.0,none,,
2026-07-29T19:13:46.544228+00:00,temperature,4.0,4.0,none,,
2026-07-29T19:13:46.544228+00:00,vibration_rms,,,none,0.425,
2026-07-29T19:13:48.012412+00:00,temperature,4.313,4.0,none,,
2026-07-29T19:13:49.224809+00:00,temperature,3.985,4.0,none,,
2026-07-29T19:13:49.224809+00:00,vibration_rms,,,none,0.479,
2026-07-29T19:13:50.622084+00:00,temperature,4.054,4.0,none,,
2026-07-29T19:13:51.821809+00:00,temperature,4.23,4.0,none,,
2026-07-29T19:13:51.821809+00:00,vibration_rms,,,none,0.406,
2026-07-29T19:13:53.221503+00:00,temperature,4.22,4.0,none,,
2026-07-29T19:13:54.437049+00:00,temperature,3.821,4.0,none,,
2026-07-29T19:13:54.437049+00:00,vibration_rms,,,none,0.469,
2026-07-29T19:13:55.864520+00:00,temperature,3.369,4.0,none,,
2026-07-29T19:13:57.081136+00:00,temperature,4.51,4.0,none,,
2026-07-29T19:13:57.081136+00:00,vibration_rms,,,none,0.46,
2026-07-29T19:13:58.469515+00:00,temperature,3.938,4.0,none,,
2026-07-29T19:13:59.678101+00:00,temperature,4.167,4.0,none,,
2026-07-29T19:13:59.678101+00:00,vibration_rms,,,none,0.434,
2026-07-29T19:14:01.278622+00:00,temperature,3.543,4.0,none,,
2026-07-29T19:14:02.520910+00:00,temperature,4.401,4.0,none,,
2026-07-29T19:14:02.520910+00:00,vibration_rms,,,none,0.4,
2026-07-29T19:14:04.073201+00:00,temperature,4.24,4.0,none,,
2026-07-29T19:14:04.073201+00:00,door_event,,,none,,OPEN
2026-07-29T19:14:05.531649+00:00,temperature,4.18,4.0,none,,
2026-07-29T19:14:05.531649+00:00,vibration_rms,,,none,0.47,
2026-07-29T19:14:06.944850+00:00,temperature,4.092,4.0,none,,
2026-07-29T19:14:08.147766+00:00,temperature,4.534,4.0,none,,
2026-07-29T19:14:08.147766+00:00,vibration_rms,,,none,0.49,
2026-07-29T19:14:09.525941+00:00,temperature,4.176,4.0,none,,
2026-07-29T19:14:09.525941+00:00,door_event,,,none,,CLOSE
2026-07-29T19:14:10.743533+00:00,temperature,4.087,4.0,none,,
2026-07-29T19:14:10.743533+00:00,vibration_rms,,,none,0.412,
2026-07-29T19:14:12.145597+00:00,temperature,3.835,4.0,none,,
2026-07-29T19:14:13.345733+00:00,temperature,4.375,4.0,none,,
2026-07-29T19:14:13.345733+00:00,vibration_rms,,,none,0.483,
2026-07-29T19:14:14.734686+00:00,temperature,3.785,4.0,none,,
2026-07-29T19:14:15.926696+00:00,temperature,4.016,4.0,none,,
2026-07-29T19:14:15.926696+00:00,vibration_rms,,,none,0.415,
2026-07-29T19:14:17.338042+00:00,temperature,3.968,4.0,none,,
2026-07-29T19:14:18.556669+00:00,temperature,3.894,4.0,none,,
2026-07-29T19:14:18.556669+00:00,vibration_rms,,,none,0.455,
2026-07-29T19:14:19.960745+00:00,temperature,4.176,4.0,none,,
2026-07-29T19:14:21.176621+00:00,temperature,3.599,4.0,none,,
2026-07-29T19:14:21.176621+00:00,vibration_rms,,,none,0.418,
2026-07-29T19:14:22.614831+00:00,temperature,3.854,4.0,none,,
2026-07-29T19:14:23.838645+00:00,temperature,3.843,4.0,none,,
2026-07-29T19:14:23.838645+00:00,vibration_rms,,,none,0.442,
2026-07-29T19:14:25.258446+00:00,temperature,3.439,4.0,none,,
2026-07-29T19:14:25.258446+00:00,door_event,,,none,,OPEN
2026-07-29T19:14:26.484404+00:00,temperature,4.018,4.0,none,,
2026-07-29T19:14:26.484404+00:00,vibration_rms,,,none,0.463,
2026-07-29T19:14:27.880111+00:00,temperature,3.463,4.0,none,,
2026-07-29T19:14:29.091734+00:00,temperature,3.818,4.0,none,,
2026-07-29T19:14:29.091734+00:00,vibration_rms,,,none,0.49,
2026-07-29T19:14:30.439136+00:00,temperature,3.825,4.0,none,,
2026-07-29T19:14:31.636372+00:00,temperature,4.492,4.0,none,,
2026-07-29T19:14:31.636372+00:00,vibration_rms,,,none,0.454,
2026-07-29T19:14:32.969098+00:00,temperature,3.648,4.0,none,,
2026-07-29T19:14:34.213449+00:00,temperature,3.679,4.0,none,,
2026-07-29T19:14:34.213449+00:00,vibration_rms,,,none,0.482,
2026-07-29T19:14:35.589737+00:00,temperature,4.243,4.0,none,,
2026-07-29T19:14:36.770561+00:00,temperature,4.147,4.0,none,,
2026-07-29T19:14:36.770561+00:00,vibration_rms,,,none,0.44,
2026-07-29T19:14:38.147186+00:00,temperature,4.215,4.0,none,,
2026-07-29T19:14:38.147186+00:00,door_event,,,none,,CLOSE
2026-07-29T19:14:39.373342+00:00,temperature,4.159,4.0,none,,
2026-07-29T19:14:39.373342+00:00,vibration_rms,,,none,0.499,
2026-07-29T19:14:40.741359+00:00,temperature,3.918,4.0,none,,
2026-07-29T19:14:41.946130+00:00,temperature,4.146,4.0,none,,
2026-07-29T19:14:41.946130+00:00,vibration_rms,,,none,0.479,
2026-07-29T19:14:43.302737+00:00,temperature,4.158,4.0,none,,
2026-07-29T19:14:44.505492+00:00,temperature,3.581,4.0,none,,
2026-07-29T19:14:44.505492+00:00,vibration_rms,,,none,0.502,
2026-07-29T19:14:45.908698+00:00,temperature,3.724,4.0,none,,
2026-07-29T19:14:47.114320+00:00,temperature,4.195,4.0,none,,
2026-07-29T19:14:47.114320+00:00,vibration_rms,,,none,0.432,
2026-07-29T19:14:48.533664+00:00,temperature,3.953,4.0,none,,
2026-07-29T19:14:48.533664+00:00,door_event,,,none,,OPEN
2026-07-29T19:14:49.774362+00:00,temperature,3.94,4.0,none,,
2026-07-29T19:14:49.774362+00:00,vibration_rms,,,none,0.411,
2026-07-29T19:14:51.137302+00:00,temperature,3.672,4.0,none,,
2026-07-29T19:14:52.301678+00:00,temperature,4.089,4.0,none,,
2026-07-29T19:14:52.301678+00:00,vibration_rms,,,none,0.495,
2026-07-29T19:14:53.705147+00:00,temperature,3.566,4.0,none,,
2026-07-29T19:14:54.959043+00:00,temperature,3.937,4.0,none,,
2026-07-29T19:14:54.959043+00:00,vibration_rms,,,none,0.525,
2026-07-29T19:14:56.379282+00:00,temperature,4.274,4.0,none,,
2026-07-29T19:14:57.560224+00:00,temperature,3.917,4.0,none,,
2026-07-29T19:14:57.560224+00:00,vibration_rms,,,none,0.365,
2026-07-29T19:14:57.560224+00:00,door_event,,,none,,OPEN
2026-07-29T19:14:58.980694+00:00,temperature,4.349,4.0,none,,
2026-07-29T19:15:00.203861+00:00,temperature,3.732,4.0,none,,
2026-07-29T19:15:00.203861+00:00,vibration_rms,,,none,0.475,
2026-07-29T19:15:01.593398+00:00,temperature,3.658,4.0,none,,
2026-07-29T19:15:02.830111+00:00,temperature,4.16,4.0,none,,
2026-07-29T19:15:02.830111+00:00,vibration_rms,,,none,0.401,
2026-07-29T19:15:04.307475+00:00,temperature,3.931,4.0,none,,
2026-07-29T19:15:05.493091+00:00,temperature,4.359,4.0,none,,
2026-07-29T19:15:05.493091+00:00,vibration_rms,,,none,0.556,
2026-07-29T19:15:06.873040+00:00,temperature,3.954,4.0,none,,
2026-07-29T19:15:08.104260+00:00,temperature,4.706,4.0,none,,
2026-07-29T19:15:08.104260+00:00,vibration_rms,,,none,0.433,
2026-07-29T19:15:09.463730+00:00,temperature,4.013,4.0,none,,
2026-07-29T19:15:10.642279+00:00,temperature,4.161,4.0,none,,
2026-07-29T19:15:10.642279+00:00,vibration_rms,,,none,0.416,
2026-07-29T19:15:12.060427+00:00,temperature,3.831,4.0,none,,
2026-07-29T19:15:13.304617+00:00,temperature,3.679,4.0,none,,
2026-07-29T19:15:13.304617+00:00,vibration_rms,,,none,0.437,
2026-07-29T19:15:14.770944+00:00,temperature,3.816,4.0,none,,
2026-07-29T19:15:16.041082+00:00,temperature,3.75,4.0,none,,
2026-07-29T19:15:16.041082+00:00,vibration_rms,,,none,0.445,
2026-07-29T19:15:17.439599+00:00,temperature,3.845,4.0,none,,
2026-07-29T19:15:18.627562+00:00,temperature,3.582,4.0,none,,
2026-07-29T19:15:18.627562+00:00,vibration_rms,,,none,0.415,
2026-07-29T19:15:20.027463+00:00,temperature,4.156,4.0,none,,
2026-07-29T19:15:21.238308+00:00,temperature,3.98,4.0,none,,
2026-07-29T19:15:21.238308+00:00,vibration_rms,,,none,0.461,
2026-07-29T19:15:22.629963+00:00,temperature,3.557,4.0,none,,
2026-07-29T19:15:23.828841+00:00,temperature,4.561,4.0,none,,
2026-07-29T19:15:23.828841+00:00,vibration_rms,,,none,0.402,
2026-07-29T19:15:25.229456+00:00,temperature,3.89,4.0,none,,
2026-07-29T19:15:26.439134+00:00,temperature,3.905,4.0,none,,
2026-07-29T19:15:26.439134+00:00,vibration_rms,,,none,0.432,
2026-07-29T19:15:27.849332+00:00,temperature,3.907,4.0,none,,
2026-07-29T19:15:29.065075+00:00,temperature,3.376,4.0,none,,
2026-07-29T19:15:29.065075+00:00,vibration_rms,,,none,0.461,
2026-07-29T19:15:30.450144+00:00,temperature,3.633,4.0,none,,
2026-07-29T19:15:31.664175+00:00,temperature,4.311,4.0,none,,
2026-07-29T19:15:31.664175+00:00,vibration_rms,,,none,0.357,
2026-07-29T19:15:33.028650+00:00,temperature,3.696,4.0,none,,
2026-07-29T19:15:34.217186+00:00,temperature,3.914,4.0,none,,
2026-07-29T19:15:34.217186+00:00,vibration_rms,,,none,0.514,
2026-07-29T19:15:34.217186+00:00,door_event,,,none,,OPEN
2026-07-29T19:15:35.613327+00:00,temperature,3.726,4.0,none,,
2026-07-29T19:15:36.820498+00:00,temperature,4.496,4.0,none,,
2026-07-29T19:15:36.820498+00:00,vibration_rms,,,none,0.406,
2026-07-29T19:15:38.273322+00:00,temperature,4.245,4.0,none,,
2026-07-29T19:15:39.477153+00:00,temperature,4.249,4.0,none,,
2026-07-29T19:15:39.477153+00:00,vibration_rms,,,none,0.481,
2026-07-29T19:15:40.902069+00:00,temperature,4.704,4.0,none,,
2026-07-29T19:15:42.143112+00:00,temperature,4.365,4.0,none,,
2026-07-29T19:15:42.143112+00:00,vibration_rms,,,none,0.51,
2026-07-29T19:15:43.563576+00:00,temperature,4.178,4.0,none,,
2026-07-29T19:15:44.752397+00:00,temperature,3.951,4.0,none,,
2026-07-29T19:15:44.752397+00:00,vibration_rms,,,none,0.406,
2026-07-29T19:15:46.108044+00:00,temperature,4.016,4.0,none,,
2026-07-29T19:15:47.298927+00:00,temperature,4.156,4.0,none,,
2026-07-29T19:15:47.298927+00:00,vibration_rms,,,none,0.458,
2026-07-29T19:15:47.298927+00:00,door_event,,,none,,OPEN
2026-07-29T19:15:48.726843+00:00,temperature,4.314,4.0,none,,
2026-07-29T19:15:49.910013+00:00,temperature,3.881,4.0,none,,
2026-07-29T19:15:49.910013+00:00,vibration_rms,,,none,0.431,
2026-07-29T19:15:51.301702+00:00,temperature,4.145,4.0,none,,
2026-07-29T19:15:52.519347+00:00,temperature,3.785,4.0,none,,
2026-07-29T19:15:52.519347+00:00,vibration_rms,,,none,0.504,
2026-07-29T19:15:53.899544+00:00,temperature,4.019,4.0,none,,
2026-07-29T19:15:55.096068+00:00,temperature,4.141,4.0,none,,
2026-07-29T19:15:55.096068+00:00,vibration_rms,,,none,0.458,
2026-07-29T19:15:56.491523+00:00,temperature,4.076,4.0,none,,
2026-07-29T19:15:57.708514+00:00,temperature,3.961,4.0,none,,
2026-07-29T19:15:57.708514+00:00,vibration_rms,,,none,0.463,
2026-07-29T19:15:59.099556+00:00,temperature,3.904,4.0,none,,
2026-07-29T19:16:00.305634+00:00,temperature,3.367,4.0,none,,
2026-07-29T19:16:00.305634+00:00,vibration_rms,,,none,0.489,
2026-07-29T19:16:01.716109+00:00,temperature,4.129,4.0,none,,
2026-07-29T19:16:02.918774+00:00,temperature,4.089,4.0,none,,
2026-07-29T19:16:02.918774+00:00,vibration_rms,,,none,0.39,
2026-07-29T19:16:04.296646+00:00,temperature,4.292,4.0,none,,
2026-07-29T19:16:05.497492+00:00,temperature,4.279,4.0,none,,
2026-07-29T19:16:05.497492+00:00,vibration_rms,,,none,0.44,
2026-07-29T19:16:06.878606+00:00,temperature,3.757,4.0,none,,
2026-07-29T19:16:08.077642+00:00,temperature,4.414,4.0,none,,
2026-07-29T19:16:08.077642+00:00,vibration_rms,,,none,0.551,
2026-07-29T19:16:09.490356+00:00,temperature,4.642,4.0,none,,
2026-07-29T19:16:10.697445+00:00,temperature,4.279,4.0,none,,
2026-07-29T19:16:10.697445+00:00,vibration_rms,,,none,0.519,
2026-07-29T19:16:12.121567+00:00,temperature,3.876,4.0,none,,
2026-07-29T19:16:13.331141+00:00,temperature,3.683,4.0,none,,
2026-07-29T19:16:13.331141+00:00,vibration_rms,,,none,0.555,
2026-07-29T19:16:13.331141+00:00,door_event,,,none,,OPEN
2026-07-29T19:16:14.712589+00:00,temperature,3.472,4.0,none,,
2026-07-29T19:16:15.923080+00:00,temperature,4.22,4.0,none,,
2026-07-29T19:16:15.923080+00:00,vibration_rms,,,none,0.526,
2026-07-29T19:16:17.324824+00:00,temperature,3.339,4.0,none,,
2026-07-29T19:16:18.556654+00:00,temperature,4.272,4.0,none,,
2026-07-29T19:16:18.556654+00:00,vibration_rms,,,none,0.512,
2026-07-29T19:16:20.005689+00:00,temperature,4.266,4.0,none,,
2026-07-29T19:16:21.188008+00:00,temperature,4.107,4.0,none,,
2026-07-29T19:16:21.188008+00:00,vibration_rms,,,none,0.45,
2026-07-29T19:16:22.568978+00:00,temperature,4.592,4.0,none,,
2026-07-29T19:16:23.767735+00:00,temperature,3.853,4.0,none,,
2026-07-29T19:16:23.767735+00:00,vibration_rms,,,none,0.321,
2026-07-29T19:16:23.767735+00:00,door_event,,,none,,OPEN
2026-07-29T19:16:25.146764+00:00,temperature,3.571,4.0,none,,
2026-07-29T19:16:26.356750+00:00,temperature,4.036,4.0,none,,
2026-07-29T19:16:26.356750+00:00,vibration_rms,,,none,0.385,
2026-07-29T19:16:27.754459+00:00,temperature,4.184,4.0,none,,
2026-07-29T19:16:28.946148+00:00,temperature,4.109,4.0,none,,
2026-07-29T19:16:28.946148+00:00,vibration_rms,,,none,0.548,
2026-07-29T19:16:30.336267+00:00,temperature,3.762,4.0,none,,
2026-07-29T19:16:30.336267+00:00,door_event,,,none,,CLOSE
2026-07-29T19:16:31.546740+00:00,temperature,4.083,4.0,none,,
2026-07-29T19:16:31.546740+00:00,vibration_rms,,,none,0.426,
2026-07-29T19:16:32.901934+00:00,temperature,4.009,4.0,none,,
2026-07-29T19:16:34.101134+00:00,temperature,3.694,4.0,none,,
2026-07-29T19:16:34.101134+00:00,vibration_rms,,,none,0.409,
2026-07-29T19:16:35.499002+00:00,temperature,4.011,4.0,none,,
2026-07-29T19:16:36.709840+00:00,temperature,3.977,4.0,none,,
2026-07-29T19:16:36.709840+00:00,vibration_rms,,,none,0.468,
2026-07-29T19:16:38.088275+00:00,temperature,4.095,4.0,none,,
2026-07-29T19:16:39.302154+00:00,temperature,4.191,4.0,none,,
2026-07-29T19:16:39.302154+00:00,vibration_rms,,,none,0.425,
2026-07-29T19:16:40.691462+00:00,temperature,3.921,4.0,none,,
2026-07-29T19:16:41.921190+00:00,temperature,3.793,4.0,none,,
2026-07-29T19:16:41.921190+00:00,vibration_rms,,,none,0.407,
2026-07-29T19:16:43.296765+00:00,temperature,4.143,4.0,none,,
2026-07-29T19:16:44.526157+00:00,temperature,4.197,4.0,none,,
2026-07-29T19:16:44.526157+00:00,vibration_rms,,,none,0.511,
2026-07-29T19:16:45.933240+00:00,temperature,4.003,4.0,none,,
2026-07-29T19:16:47.122458+00:00,temperature,4.06,4.0,none,,
2026-07-29T19:16:47.122458+00:00,vibration_rms,,,none,0.367,
2026-07-29T19:16:48.480144+00:00,temperature,3.444,4.0,none,,
2026-07-29T19:16:49.669155+00:00,temperature,3.832,4.0,none,,
2026-07-29T19:16:49.669155+00:00,vibration_rms,,,none,0.484,
2026-07-29T19:16:51.049029+00:00,temperature,3.711,4.0,none,,
2026-07-29T19:16:52.236368+00:00,temperature,4.266,4.0,none,,
2026-07-29T19:16:52.236368+00:00,vibration_rms,,,none,0.578,
2026-07-29T19:16:53.770763+00:00,temperature,4.235,4.0,none,,
2026-07-29T19:16:55.014473+00:00,temperature,3.503,4.0,none,,
2026-07-29T19:16:55.014473+00:00,vibration_rms,,,none,0.473,
2026-07-29T19:16:56.419793+00:00,temperature,4.036,4.0,none,,
2026-07-29T19:16:57.623086+00:00,temperature,4.447,4.0,none,,
2026-07-29T19:16:57.623086+00:00,vibration_rms,,,none,0.506,
2026-07-29T19:16:58.993136+00:00,temperature,3.368,4.0,none,,
2026-07-29T19:17:00.191623+00:00,temperature,4.325,4.0,none,,
2026-07-29T19:17:00.191623+00:00,vibration_rms,,,none,0.447,
2026-07-29T19:17:01.568674+00:00,temperature,3.875,4.0,none,,
2026-07-29T19:17:02.756254+00:00,temperature,3.466,4.0,none,,
2026-07-29T19:17:02.756254+00:00,vibration_rms,,,none,0.515,
2026-07-29T19:17:04.138309+00:00,temperature,4.127,4.0,none,,
2026-07-29T19:17:05.358692+00:00,temperature,3.782,4.0,none,,
2026-07-29T19:17:05.358692+00:00,vibration_rms,,,none,0.459,
2026-07-29T19:17:06.812705+00:00,temperature,3.665,4.0,none,,
2026-07-29T19:17:08.070755+00:00,temperature,3.927,4.0,none,,
2026-07-29T19:17:08.070755+00:00,vibration_rms,,,none,0.412,
2026-07-29T19:17:09.467272+00:00,temperature,4.262,4.0,none,,
2026-07-29T19:17:10.700804+00:00,temperature,4.059,4.0,none,,
2026-07-29T19:17:10.700804+00:00,vibration_rms,,,none,0.491,
2026-07-29T19:17:12.088504+00:00,temperature,4.208,4.0,none,,
2026-07-29T19:17:13.293430+00:00,temperature,3.746,4.0,none,,
2026-07-29T19:17:13.293430+00:00,vibration_rms,,,none,0.409,
2026-07-29T19:17:14.659812+00:00,temperature,3.999,4.0,none,,
2026-07-29T19:17:15.869042+00:00,temperature,3.997,4.0,none,,
2026-07-29T19:17:15.869042+00:00,vibration_rms,,,none,0.446,
2026-07-29T19:17:17.291083+00:00,temperature,4.411,4.0,none,,
2026-07-29T19:17:18.482500+00:00,temperature,4.009,4.0,none,,
2026-07-29T19:17:18.482500+00:00,vibration_rms,,,none,0.43,
2026-07-29T19:17:19.882471+00:00,temperature,4.014,4.0,none,,
2026-07-29T19:17:21.115425+00:00,temperature,3.996,4.0,none,,
2026-07-29T19:17:21.115425+00:00,vibration_rms,,,none,0.465,
2026-07-29T19:17:22.502655+00:00,temperature,4.348,4.0,none,,
2026-07-29T19:17:23.695261+00:00,temperature,3.923,4.0,none,,
2026-07-29T19:17:23.695261+00:00,vibration_rms,,,none,0.433,
2026-07-29T19:17:23.695261+00:00,door_event,,,none,,OPEN
2026-07-29T19:17:25.058348+00:00,temperature,4.049,4.0,none,,
2026-07-29T19:17:25.058348+00:00,door_event,,,none,,OPEN
2026-07-29T19:17:26.261670+00:00,temperature,4.324,4.0,none,,
2026-07-29T19:17:26.261670+00:00,vibration_rms,,,none,0.454,
2026-07-29T19:17:27.649337+00:00,temperature,4.065,4.0,none,,
2026-07-29T19:17:28.850007+00:00,temperature,4.057,4.0,none,,
2026-07-29T19:17:28.850007+00:00,vibration_rms,,,none,0.464,
2026-07-29T19:17:28.850007+00:00,door_event,,,none,,OPEN
2026-07-29T19:17:30.276439+00:00,temperature,4.269,4.0,none,,
2026-07-29T19:17:31.483479+00:00,temperature,4.481,4.0,none,,
2026-07-29T19:17:31.483479+00:00,vibration_rms,,,none,0.432,
2026-07-29T19:17:32.914677+00:00,temperature,4.359,4.0,none,,
2026-07-29T19:17:34.104907+00:00,temperature,4.134,4.0,none,,
2026-07-29T19:17:34.104907+00:00,vibration_rms,,,none,0.497,
2026-07-29T19:17:35.493051+00:00,temperature,4.362,4.0,none,,
2026-07-29T19:17:36.716564+00:00,temperature,3.87,4.0,none,,
2026-07-29T19:17:36.716564+00:00,vibration_rms,,,none,0.421,
2026-07-29T19:17:38.098411+00:00,temperature,4.011,4.0,none,,
2026-07-29T19:17:39.306500+00:00,temperature,3.683,4.0,none,,
2026-07-29T19:17:39.306500+00:00,vibration_rms,,,none,0.432,
2026-07-29T19:17:40.714305+00:00,temperature,4.194,4.0,none,,
2026-07-29T19:17:41.917603+00:00,temperature,3.693,4.0,none,,
2026-07-29T19:17:41.917603+00:00,vibration_rms,,,none,0.451,
2026-07-29T19:17:43.325738+00:00,temperature,3.998,4.0,none,,
2026-07-29T19:17:44.517464+00:00,temperature,4.128,4.0,none,,
2026-07-29T19:17:44.517464+00:00,vibration_rms,,,none,0.459,
2026-07-29T19:17:45.933925+00:00,temperature,3.659,4.0,none,,
2026-07-29T19:17:47.150763+00:00,temperature,3.922,4.0,none,,
2026-07-29T19:17:47.150763+00:00,vibration_rms,,,none,0.48,
2026-07-29T19:17:48.581824+00:00,temperature,4.124,4.0,none,,
2026-07-29T19:17:49.771567+00:00,temperature,4.242,4.0,none,,
2026-07-29T19:17:49.771567+00:00,vibration_rms,,,none,0.374,
2026-07-29T19:17:51.182990+00:00,temperature,4.11,4.0,none,,
2026-07-29T19:17:52.396626+00:00,temperature,3.532,4.0,none,,
2026-07-29T19:17:52.396626+00:00,vibration_rms,,,none,0.417,
2026-07-29T19:17:53.816620+00:00,temperature,3.493,4.0,none,,
2026-07-29T19:17:55.006943+00:00,temperature,4.323,4.0,none,,
2026-07-29T19:17:55.006943+00:00,vibration_rms,,,none,0.49,
2026-07-29T19:17:56.417057+00:00,temperature,3.983,4.0,none,,
2026-07-29T19:17:57.629559+00:00,temperature,3.941,4.0,none,,
2026-07-29T19:17:57.629559+00:00,vibration_rms,,,none,0.432,
2026-07-29T19:17:59.017826+00:00,temperature,3.83,4.0,none,,
2026-07-29T19:18:00.228997+00:00,temperature,4.346,4.0,none,,
2026-07-29T19:18:00.228997+00:00,vibration_rms,,,none,0.503,
2026-07-29T19:18:01.626869+00:00,temperature,3.726,4.0,none,,
2026-07-29T19:18:02.818023+00:00,temperature,4.017,4.0,none,,
2026-07-29T19:18:02.818023+00:00,vibration_rms,,,none,0.435,
2026-07-29T19:18:04.206563+00:00,temperature,4.017,4.0,none,,
2026-07-29T19:18:05.408058+00:00,temperature,3.865,4.0,none,,
2026-07-29T19:18:05.408058+00:00,vibration_rms,,,none,0.419,
2026-07-29T19:18:06.795007+00:00,temperature,3.988,4.0,none,,
2026-07-29T19:18:07.995866+00:00,temperature,3.51,4.0,none,,
2026-07-29T19:18:07.995866+00:00,vibration_rms,,,none,0.42,
2026-07-29T19:18:09.374720+00:00,temperature,4.009,4.0,none,,
2026-07-29T19:18:10.575141+00:00,temperature,4.017,4.0,none,,
2026-07-29T19:18:10.575141+00:00,vibration_rms,,,none,0.43,
2026-07-29T19:18:11.993801+00:00,temperature,3.347,4.0,none,,
2026-07-29T19:18:13.218736+00:00,temperature,4.055,4.0,none,,
2026-07-29T19:18:13.218736+00:00,vibration_rms,,,none,0.435,
2026-07-29T19:18:14.661578+00:00,temperature,4.35,4.0,none,,
2026-07-29T19:18:15.883700+00:00,temperature,3.742,4.0,none,,
2026-07-29T19:18:15.883700+00:00,vibration_rms,,,none,0.457,
2026-07-29T19:18:17.253022+00:00,temperature,4.227,4.0,none,,
2026-07-29T19:18:18.464862+00:00,temperature,4.361,4.0,none,,
2026-07-29T19:18:18.464862+00:00,vibration_rms,,,none,0.419,
2026-07-29T19:18:19.855394+00:00,temperature,4.102,4.0,none,,
2026-07-29T19:18:21.063733+00:00,temperature,3.733,4.0,none,,
2026-07-29T19:18:21.063733+00:00,vibration_rms,,,none,0.458,
2026-07-29T19:18:22.452500+00:00,temperature,3.893,4.0,none,,
2026-07-29T19:18:23.653057+00:00,temperature,4.061,4.0,none,,
2026-07-29T19:18:23.653057+00:00,vibration_rms,,,none,0.422,
2026-07-29T19:18:25.056966+00:00,temperature,4.384,4.0,none,,
2026-07-29T19:18:26.253162+00:00,temperature,3.295,4.0,none,,
2026-07-29T19:18:26.253162+00:00,vibration_rms,,,none,0.5,
2026-07-29T19:18:27.670840+00:00,temperature,3.697,4.0,none,,
2026-07-29T19:18:28.886422+00:00,temperature,3.339,4.0,none,,
2026-07-29T19:18:28.886422+00:00,vibration_rms,,,none,0.495,
2026-07-29T19:18:30.253417+00:00,temperature,3.758,4.0,none,,
2026-07-29T19:18:31.453950+00:00,temperature,4.72,4.0,none,,
2026-07-29T19:18:31.453950+00:00,vibration_rms,,,none,0.512,
2026-07-29T19:18:32.842895+00:00,temperature,4.248,4.0,none,,
2026-07-29T19:18:34.043528+00:00,temperature,3.864,4.0,none,,
2026-07-29T19:18:34.043528+00:00,vibration_rms,,,none,0.428,
2026-07-29T19:18:35.451710+00:00,temperature,4.571,4.0,none,,
2026-07-29T19:18:36.654077+00:00,temperature,4.085,4.0,none,,
2026-07-29T19:18:36.654077+00:00,vibration_rms,,,none,0.477,
2026-07-29T19:18:38.023234+00:00,temperature,4.04,4.0,none,,
2026-07-29T19:18:39.277242+00:00,temperature,3.333,4.0,none,,
2026-07-29T19:18:39.277242+00:00,vibration_rms,,,none,0.46,
2026-07-29T19:18:40.662499+00:00,temperature,3.908,4.0,none,,
2026-07-29T19:18:41.852381+00:00,temperature,4.571,4.0,none,,
2026-07-29T19:18:41.852381+00:00,vibration_rms,,,none,0.294,
2026-07-29T19:18:43.229860+00:00,temperature,4.148,4.0,none,,
2026-07-29T19:18:44.467885+00:00,temperature,3.556,4.0,none,,
2026-07-29T19:18:44.467885+00:00,vibration_rms,,,none,0.411,
2026-07-29T19:18:45.884658+00:00,temperature,4.104,4.0,none,,
2026-07-29T19:18:47.099028+00:00,temperature,3.876,4.0,none,,
2026-07-29T19:18:47.099028+00:00,vibration_rms,,,none,0.43,
2026-07-29T19:18:48.478717+00:00,temperature,3.583,4.0,none,,
2026-07-29T19:18:49.688077+00:00,temperature,3.985,4.0,none,,
2026-07-29T19:18:49.688077+00:00,vibration_rms,,,none,0.447,
2026-07-29T19:18:51.056436+00:00,temperature,4.041,4.0,none,,
2026-07-29T19:18:52.255829+00:00,temperature,4.114,4.0,none,,
2026-07-29T19:18:52.255829+00:00,vibration_rms,,,none,0.452,
2026-07-29T19:18:53.686302+00:00,temperature,4.032,4.0,none,,
2026-07-29T19:18:53.686302+00:00,door_event,,,none,,OPEN
2026-07-29T19:18:54.890081+00:00,temperature,3.835,4.0,none,,
2026-07-29T19:18:54.890081+00:00,vibration_rms,,,none,0.502,
2026-07-29T19:18:56.287409+00:00,temperature,4.11,4.0,none,,
2026-07-29T19:18:57.511596+00:00,temperature,4.08,4.0,none,,
2026-07-29T19:18:57.511596+00:00,vibration_rms,,,none,0.482,
2026-07-29T19:18:58.868059+00:00,temperature,3.797,4.0,none,,
2026-07-29T19:19:00.132671+00:00,temperature,3.859,4.0,none,,
2026-07-29T19:19:00.132671+00:00,vibration_rms,,,none,0.381,
2026-07-29T19:19:00.132671+00:00,door_event,,,none,,OPEN
2026-07-29T19:19:01.567327+00:00,temperature,3.663,4.0,none,,
2026-07-29T19:19:02.811464+00:00,temperature,4.194,4.0,none,,
2026-07-29T19:19:02.811464+00:00,vibration_rms,,,none,0.479,
2026-07-29T19:19:04.242237+00:00,temperature,4.243,4.0,none,,
2026-07-29T19:19:05.444041+00:00,temperature,4.204,4.0,none,,
2026-07-29T19:19:05.444041+00:00,vibration_rms,,,none,0.397,
2026-07-29T19:19:06.885516+00:00,temperature,3.654,4.0,none,,
2026-07-29T19:19:06.885516+00:00,door_event,,,none,,CLOSE
2026-07-29T19:19:08.116785+00:00,temperature,3.714,4.0,none,,
2026-07-29T19:19:08.116785+00:00,vibration_rms,,,none,0.468,
2026-07-29T19:19:08.116785+00:00,door_event,,,none,,CLOSE
2026-07-29T19:19:09.508894+00:00,temperature,4.127,4.0,none,,
2026-07-29T19:19:10.711417+00:00,temperature,3.542,4.0,none,,
2026-07-29T19:19:10.711417+00:00,vibration_rms,,,none,0.463,
2026-07-29T19:19:12.102928+00:00,temperature,4.102,4.0,none,,
2026-07-29T19:19:13.311217+00:00,temperature,3.71,4.0,none,,
2026-07-29T19:19:13.311217+00:00,vibration_rms,,,none,0.483,
2026-07-29T19:19:14.675260+00:00,temperature,3.979,4.0,none,,
2026-07-29T19:19:15.889523+00:00,temperature,4.289,4.0,none,,
2026-07-29T19:19:15.889523+00:00,vibration_rms,,,none,0.469,
2026-07-29T19:19:17.299754+00:00,temperature,3.41,4.0,none,,
2026-07-29T19:19:18.500665+00:00,temperature,3.671,4.0,none,,
2026-07-29T19:19:18.500665+00:00,vibration_rms,,,none,0.402,
2026-07-29T19:19:19.889004+00:00,temperature,3.843,4.0,none,,
2026-07-29T19:19:21.111707+00:00,temperature,4.181,4.0,none,,
2026-07-29T19:19:21.111707+00:00,vibration_rms,,,none,0.564,
2026-07-29T19:19:22.490858+00:00,temperature,3.502,4.0,none,,
2026-07-29T19:19:23.690635+00:00,temperature,4.118,4.0,none,,
2026-07-29T19:19:23.690635+00:00,vibration_rms,,,none,0.418,
2026-07-29T19:19:25.068675+00:00,temperature,3.428,4.0,none,,
2026-07-29T19:19:26.298132+00:00,temperature,4.164,4.0,none,,
2026-07-29T19:19:26.298132+00:00,vibration_rms,,,none,0.478,
2026-07-29T19:19:27.847682+00:00,temperature,4.202,4.0,none,,
2026-07-29T19:19:29.271596+00:00,temperature,4.016,4.0,none,,
2026-07-29T19:19:29.271596+00:00,vibration_rms,,,none,0.482,
2026-07-29T19:19:31.730117+00:00,temperature,3.993,4.0,none,,
2026-07-29T19:19:33.745939+00:00,temperature,4.427,4.0,none,,
2026-07-29T19:19:33.745939+00:00,vibration_rms,,,none,0.481,
2026-07-29T19:19:35.376166+00:00,temperature,3.768,4.0,none,,
2026-07-29T19:19:37.151301+00:00,temperature,3.494,4.0,none,,
2026-07-29T19:19:37.151301+00:00,vibration_rms,,,none,0.489,
2026-07-29T19:19:39.271886+00:00,temperature,4.221,4.0,none,,
2026-07-29T19:19:40.931345+00:00,temperature,3.737,4.0,none,,
2026-07-29T19:19:40.931345+00:00,vibration_rms,,,none,0.422,
2026-07-29T19:19:42.310836+00:00,temperature,3.905,4.0,none,,
2026-07-29T19:19:43.622390+00:00,temperature,3.84,4.0,none,,
2026-07-29T19:19:43.622390+00:00,vibration_rms,,,none,0.488,
2026-07-29T19:19:45.021795+00:00,temperature,4.102,4.0,none,,
2026-07-29T19:19:46.252060+00:00,temperature,3.899,4.0,none,,
2026-07-29T19:19:46.252060+00:00,vibration_rms,,,none,0.451,
2026-07-29T19:19:47.744362+00:00,temperature,3.931,4.0,none,,
2026-07-29T19:19:48.944902+00:00,temperature,4.147,4.0,none,,
2026-07-29T19:19:48.944902+00:00,vibration_rms,,,none,0.468,
2026-07-29T19:19:50.343849+00:00,temperature,3.32,4.0,none,,
2026-07-29T19:19:51.536987+00:00,temperature,3.804,4.0,none,,
2026-07-29T19:19:51.536987+00:00,vibration_rms,,,none,0.482,
2026-07-29T19:19:52.945681+00:00,temperature,3.739,4.0,none,,
2026-07-29T19:19:54.114480+00:00,temperature,3.707,4.0,none,,
2026-07-29T19:19:54.114480+00:00,vibration_rms,,,none,0.473,
2026-07-29T19:19:55.481509+00:00,temperature,4.085,4.0,none,,
2026-07-29T19:19:56.681491+00:00,temperature,3.758,4.0,none,,
2026-07-29T19:19:56.681491+00:00,vibration_rms,,,none,0.526,
2026-07-29T19:19:58.090056+00:00,temperature,4.091,4.0,none,,
2026-07-29T19:19:59.292851+00:00,temperature,3.618,4.0,none,,
2026-07-29T19:19:59.292851+00:00,vibration_rms,,,none,0.341,
2026-07-29T19:20:00.702021+00:00,temperature,3.949,4.0,none,,
2026-07-29T19:20:01.903349+00:00,temperature,4.287,4.0,none,,
2026-07-29T19:20:01.903349+00:00,vibration_rms,,,none,0.478,
2026-07-29T19:20:03.314392+00:00,temperature,4.021,4.0,none,,
2026-07-29T19:20:04.514749+00:00,temperature,4.227,4.0,none,,
2026-07-29T19:20:04.514749+00:00,vibration_rms,,,none,0.535,
2026-07-29T19:20:05.893475+00:00,temperature,3.983,4.0,none,,
2026-07-29T19:20:07.104760+00:00,temperature,4.122,4.0,none,,
2026-07-29T19:20:07.104760+00:00,vibration_rms,,,none,0.473,
2026-07-29T19:20:08.581161+00:00,temperature,3.807,4.0,none,,
2026-07-29T19:20:09.781735+00:00,temperature,4.182,4.0,none,,
2026-07-29T19:20:09.781735+00:00,vibration_rms,,,none,0.471,
2026-07-29T19:20:11.215272+00:00,temperature,3.284,4.0,none,,
2026-07-29T19:20:12.403804+00:00,temperature,4.287,4.0,none,,
2026-07-29T19:20:12.403804+00:00,vibration_rms,,,none,0.446,
2026-07-29T19:20:13.793485+00:00,temperature,3.962,4.0,none,,
2026-07-29T19:20:14.981405+00:00,temperature,3.66,4.0,none,,
2026-07-29T19:20:14.981405+00:00,vibration_rms,,,none,0.479,
2026-07-29T19:20:16.361558+00:00,temperature,4.221,4.0,none,,
2026-07-29T19:20:17.560651+00:00,temperature,4.375,4.0,none,,
2026-07-29T19:20:17.560651+00:00,vibration_rms,,,none,0.509,
2026-07-29T19:20:18.960328+00:00,temperature,4.204,4.0,none,,
2026-07-29T19:20:20.160252+00:00,temperature,3.444,4.0,none,,
2026-07-29T19:20:20.160252+00:00,vibration_rms,,,none,0.402,
2026-07-29T19:20:21.557817+00:00,temperature,3.903,4.0,none,,
2026-07-29T19:20:22.737975+00:00,temperature,3.871,4.0,none,,
2026-07-29T19:20:22.737975+00:00,vibration_rms,,,none,0.459,
2026-07-29T19:20:24.137615+00:00,temperature,3.683,4.0,none,,
2026-07-29T19:20:25.349316+00:00,temperature,3.957,4.0,none,,
2026-07-29T19:20:25.349316+00:00,vibration_rms,,,none,0.394,
2026-07-29T19:20:26.747430+00:00,temperature,4.306,4.0,none,,
2026-07-29T19:20:27.981238+00:00,temperature,4.557,4.0,none,,
2026-07-29T19:20:27.981238+00:00,vibration_rms,,,none,0.484,
2026-07-29T19:20:29.390729+00:00,temperature,4.062,4.0,none,,
2026-07-29T19:20:29.390729+00:00,door_event,,,none,,OPEN
2026-07-29T19:20:30.603356+00:00,temperature,4.088,4.0,none,,
2026-07-29T19:20:30.603356+00:00,vibration_rms,,,none,0.46,
2026-07-29T19:20:32.014239+00:00,temperature,4.317,4.0,none,,
2026-07-29T19:20:33.202318+00:00,temperature,4.117,4.0,none,,
2026-07-29T19:20:33.202318+00:00,vibration_rms,,,none,0.552,
2026-07-29T19:20:34.616369+00:00,temperature,4.318,4.0,none,,
2026-07-29T19:20:35.824712+00:00,temperature,4.047,4.0,none,,
2026-07-29T19:20:35.824712+00:00,vibration_rms,,,none,0.383,
2026-07-29T19:20:37.236155+00:00,temperature,3.597,4.0,none,,
2026-07-29T19:20:38.450518+00:00,temperature,3.911,4.0,none,,
2026-07-29T19:20:38.450518+00:00,vibration_rms,,,none,0.615,
2026-07-29T19:20:39.873074+00:00,temperature,4.267,4.0,none,,
2026-07-29T19:20:41.058442+00:00,temperature,4.104,4.0,none,,
2026-07-29T19:20:41.058442+00:00,vibration_rms,,,none,0.416,
2026-07-29T19:20:42.451827+00:00,temperature,4.404,4.0,none,,
2026-07-29T19:20:43.650466+00:00,temperature,4.171,4.0,none,,
2026-07-29T19:20:43.650466+00:00,vibration_rms,,,none,0.351,
2026-07-29T19:20:45.039817+00:00,temperature,4.288,4.0,none,,
2026-07-29T19:20:46.250400+00:00,temperature,3.875,4.0,none,,
2026-07-29T19:20:46.250400+00:00,vibration_rms,,,none,0.399,
2026-07-29T19:20:47.619426+00:00,temperature,4.565,4.0,none,,
2026-07-29T19:20:48.803339+00:00,temperature,4.227,4.0,none,,
2026-07-29T19:20:48.803339+00:00,vibration_rms,,,none,0.485,
2026-07-29T19:20:50.186929+00:00,temperature,3.76,4.0,none,,
2026-07-29T19:20:51.407120+00:00,temperature,3.816,4.0,none,,
2026-07-29T19:20:51.407120+00:00,vibration_rms,,,none,0.422,
2026-07-29T19:20:52.793559+00:00,temperature,4.15,4.0,none,,
2026-07-29T19:20:53.984048+00:00,temperature,3.8,4.0,none,,
2026-07-29T19:20:53.984048+00:00,vibration_rms,,,none,0.492,
2026-07-29T19:20:55.414663+00:00,temperature,4.238,4.0,none,,
2026-07-29T19:20:56.607330+00:00,temperature,4.482,4.0,none,,
2026-07-29T19:20:56.607330+00:00,vibration_rms,,,none,0.512,
2026-07-29T19:20:58.014671+00:00,temperature,4.323,4.0,none,,
2026-07-29T19:20:59.263039+00:00,temperature,3.11,4.0,none,,
2026-07-29T19:20:59.263039+00:00,vibration_rms,,,none,0.459,
2026-07-29T19:21:00.650504+00:00,temperature,3.649,4.0,none,,
2026-07-29T19:21:01.918229+00:00,temperature,4.002,4.0,none,,
2026-07-29T19:21:01.918229+00:00,vibration_rms,,,none,0.397,
2026-07-29T19:21:03.317781+00:00,temperature,4.166,4.0,none,,
2026-07-29T19:21:04.563311+00:00,temperature,3.651,4.0,none,,
2026-07-29T19:21:04.563311+00:00,vibration_rms,,,none,0.51,
2026-07-29T19:21:06.051299+00:00,temperature,4.011,4.0,none,,
2026-07-29T19:21:07.280720+00:00,temperature,4.179,4.0,none,,
2026-07-29T19:21:07.280720+00:00,vibration_rms,,,none,0.563,
2026-07-29T19:21:08.697187+00:00,temperature,4.461,4.0,none,,
2026-07-29T19:21:09.896110+00:00,temperature,4.52,4.0,none,,
2026-07-29T19:21:09.896110+00:00,vibration_rms,,,none,0.426,
2026-07-29T19:21:11.317176+00:00,temperature,4.638,4.0,none,,
2026-07-29T19:21:12.508593+00:00,temperature,3.398,4.0,none,,
2026-07-29T19:21:12.508593+00:00,vibration_rms,,,none,0.547,
2026-07-29T19:21:13.906493+00:00,temperature,3.731,4.0,none,,
2026-07-29T19:21:15.164271+00:00,temperature,4.448,4.0,none,,
2026-07-29T19:21:15.164271+00:00,vibration_rms,,,none,0.434,
2026-07-29T19:21:16.563513+00:00,temperature,3.946,4.0,none,,
2026-07-29T19:21:17.776308+00:00,temperature,4.408,4.0,none,,
2026-07-29T19:21:17.776308+00:00,vibration_rms,,,none,0.448,
2026-07-29T19:21:19.194877+00:00,temperature,4.534,4.0,none,,
2026-07-29T19:21:20.485560+00:00,temperature,3.902,4.0,none,,
2026-07-29T19:21:20.485560+00:00,vibration_rms,,,none,0.46,
2026-07-29T19:21:21.875216+00:00,temperature,4.518,4.0,none,,
2026-07-29T19:21:23.086672+00:00,temperature,4.094,4.0,none,,
2026-07-29T19:21:23.086672+00:00,vibration_rms,,,none,0.476,
2026-07-29T19:21:24.484191+00:00,temperature,3.738,4.0,none,,
2026-07-29T19:21:25.664163+00:00,temperature,4.56,4.0,none,,
2026-07-29T19:21:25.664163+00:00,vibration_rms,,,none,0.447,
2026-07-29T19:21:27.042773+00:00,temperature,4.711,4.0,none,,
2026-07-29T19:21:28.275326+00:00,temperature,3.56,4.0,none,,
2026-07-29T19:21:28.275326+00:00,vibration_rms,,,none,0.528,
2026-07-29T19:21:29.695376+00:00,temperature,4.16,4.0,none,,
2026-07-29T19:21:30.936538+00:00,temperature,3.613,4.0,none,,
2026-07-29T19:21:30.936538+00:00,vibration_rms,,,none,0.446,
2026-07-29T19:21:32.361362+00:00,temperature,4.636,4.0,none,,
2026-07-29T19:21:33.564914+00:00,temperature,3.753,4.0,none,,
2026-07-29T19:21:33.564914+00:00,vibration_rms,,,none,0.438,
