timestamp,sensor,value_c,setpoint_c,anomaly_mode,value_g,event
2026-08-08T18:00:23.372693+00:00,temperature,4.118,4.0,combined,,
2026-08-08T18:00:24.741532+00:00,temperature,3.984,4.0,combined,,
2026-08-08T18:00:24.741532+00:00,vibration_rms,,,combined,1.226,
2026-08-08T18:00:26.320346+00:00,temperature,3.684,4.0,combined,,
2026-08-08T18:00:27.630854+00:00,temperature,4.486,4.0,combined,,
2026-08-08T18:00:27.630854+00:00,vibration_rms,,,combined,0.922,
2026-08-08T18:00:29.131752+00:00,temperature,4.448,4.0,combined,,
2026-08-08T18:00:29.131752+00:00,door_event,,,combined,,CLOSE
2026-08-08T18:00:30.382957+00:00,temperature,4.214,4.0,combined,,
2026-08-08T18:00:30.382957+00:00,vibration_rms,,,combined,1.345,
2026-08-08T18:00:31.754372+00:00,temperature,4.496,4.0,combined,,
2026-08-08T18:00:32.953117+00:00,temperature,4.695,4.0,combined,,
2026-08-08T18:00:32.953117+00:00,vibration_rms,,,combined,1.168,
2026-08-08T18:00:34.319419+00:00,temperature,4.663,4.0,combined,,
2026-08-08T18:00:35.569957+00:00,temperature,5.317,4.0,combined,,
2026-08-08T18:00:35.569957+00:00,vibration_rms,,,combined,1.227,
2026-08-08T18:00:37.006923+00:00,temperature,4.591,4.0,combined,,
2026-08-08T18:00:38.207155+00:00,temperature,4.507,4.0,combined,,
2026-08-08T18:00:38.207155+00:00,vibration_rms,,,combined,1.34,
2026-08-08T18:00:39.715182+00:00,temperature,5.16,4.0,combined,,
2026-08-08T18:00:40.983218+00:00,temperature,4.868,4.0,combined,,
2026-08-08T18:00:40.983218+00:00,vibration_rms,,,combined,1.309,
2026-08-08T18:00:42.373985+00:00,temperature,5.313,4.0,combined,,
2026-08-08T18:00:43.584820+00:00,temperature,5.808,4.0,combined,,
2026-08-08T18:00:43.584820+00:00,vibration_rms,,,combined,1.138,
2026-08-08T18:00:44.985024+00:00,temperature,5.101,4.0,combined,,
2026-08-08T18:00:46.265230+00:00,temperature,5.402,4.0,combined,,
2026-08-08T18:00:46.265230+00:00,vibration_rms,,,combined,1.266,
2026-08-08T18:00:47.669982+00:00,temperature,5.399,4.0,combined,,
2026-08-08T18:00:48.938037+00:00,temperature,5.251,4.0,combined,,
2026-08-08T18:00:48.938037+00:00,vibration_rms,,,combined,1.024,
2026-08-08T18:00:50.330457+00:00,temperature,5.144,4.0,combined,,
2026-08-08T18:00:51.561093+00:00,temperature,6.019,4.0,combined,,
2026-08-08T18:00:51.561093+00:00,vibration_rms,,,combined,1.321,
2026-08-08T18:00:53.082322+00:00,temperature,5.695,4.0,combined,,
2026-08-08T18:00:54.274421+00:00,temperature,5.904,4.0,combined,,
2026-08-08T18:00:54.274421+00:00,vibration_rms,,,combined,1.208,
2026-08-08T18:00:55.783247+00:00,temperature,5.735,4.0,combined,,
2026-08-08T18:00:56.964004+00:00,temperature,6.504,4.0,combined,,
2026-08-08T18:00:56.964004+00:00,vibration_rms,,,combined,1.171,
2026-08-08T18:00:58.339908+00:00,temperature,5.906,4.0,combined,,
2026-08-08T18:00:59.633481+00:00,temperature,6.054,4.0,combined,,
2026-08-08T18:00:59.633481+00:00,vibration_rms,,,combined,1.019,
2026-08-08T18:01:01.039123+00:00,temperature,6.822,4.0,combined,,
2026-08-08T18:01:02.254103+00:00,temperature,6.281,4.0,combined,,
2026-08-08T18:01:02.254103+00:00,vibration_rms,,,combined,1.251,
2026-08-08T18:01:03.639557+00:00,temperature,6.575,4.0,combined,,
2026-08-08T18:01:04.841346+00:00,temperature,6.668,4.0,combined,,
2026-08-08T18:01:04.841346+00:00,vibration_rms,,,combined,1.258,
2026-08-08T18:01:06.264827+00:00,temperature,5.971,4.0,combined,,
2026-08-08T18:01:07.461106+00:00,temperature,6.463,4.0,combined,,
2026-08-08T18:01:07.461106+00:00,vibration_rms,,,combined,1.109,
2026-08-08T18:01:08.985420+00:00,temperature,6.736,4.0,combined,,
2026-08-08T18:01:10.241405+00:00,temperature,6.356,4.0,combined,,
2026-08-08T18:01:10.241405+00:00,vibration_rms,,,combined,1.241,
2026-08-08T18:01:11.665675+00:00,temperature,7.134,4.0,combined,,
2026-08-08T18:01:12.875985+00:00,temperature,7.254,4.0,combined,,
2026-08-08T18:01:12.875985+00:00,vibration_rms,,,combined,1.102,
2026-08-08T18:01:14.255665+00:00,temperature,6.866,4.0,combined,,
2026-08-08T18:01:15.461950+00:00,temperature,6.957,4.0,combined,,
2026-08-08T18:01:15.461950+00:00,vibration_rms,,,combined,1.481,
2026-08-08T18:01:16.865030+00:00,temperature,7.423,4.0,combined,,
2026-08-08T18:01:18.062850+00:00,temperature,7.163,4.0,combined,,
2026-08-08T18:01:18.062850+00:00,vibration_rms,,,combined,1.261,
2026-08-08T18:01:19.510567+00:00,temperature,6.863,4.0,combined,,
2026-08-08T18:01:20.745099+00:00,temperature,7.765,4.0,combined,,
2026-08-08T18:01:20.745099+00:00,vibration_rms,,,combined,0.774,
2026-08-08T18:01:22.111581+00:00,temperature,7.913,4.0,combined,,
2026-08-08T18:01:23.329723+00:00,temperature,7.492,4.0,combined,,
2026-08-08T18:01:23.329723+00:00,vibration_rms,,,combined,1.236,
2026-08-08T18:01:24.766615+00:00,temperature,7.784,4.0,combined,,
2026-08-08T18:01:25.982695+00:00,temperature,8.111,4.0,combined,,
2026-08-08T18:01:25.982695+00:00,vibration_rms,,,combined,1.203,
2026-08-08T18:01:27.365413+00:00,temperature,7.92,4.0,combined,,
2026-08-08T18:01:28.651278+00:00,temperature,7.708,4.0,combined,,
2026-08-08T18:01:28.651278+00:00,vibration_rms,,,combined,1.238,
2026-08-08T18:01:30.075472+00:00,temperature,8.344,4.0,combined,,
2026-08-08T18:01:31.341649+00:00,temperature,8.309,4.0,combined,,
2026-08-08T18:01:31.341649+00:00,vibration_rms,,,combined,0.984,
2026-08-08T18:01:32.743210+00:00,temperature,8.527,4.0,combined,,
2026-08-08T18:01:33.942696+00:00,temperature,8.233,4.0,combined,,
2026-08-08T18:01:33.942696+00:00,vibration_rms,,,combined,1.11,
2026-08-08T18:01:35.356503+00:00,temperature,8.53,4.0,combined,,
2026-08-08T18:01:36.583583+00:00,temperature,9.296,4.0,combined,,
2026-08-08T18:01:36.583583+00:00,vibration_rms,,,combined,1.322,
2026-08-08T18:01:37.968094+00:00,temperature,8.335,4.0,combined,,
2026-08-08T18:01:39.148413+00:00,temperature,8.564,4.0,combined,,
2026-08-08T18:01:39.148413+00:00,vibration_rms,,,combined,1.157,
2026-08-08T18:01:40.578499+00:00,temperature,8.099,4.0,combined,,
2026-08-08T18:01:41.866086+00:00,temperature,9.269,4.0,combined,,
2026-08-08T18:01:41.866086+00:00,vibration_rms,,,combined,1.066,
2026-08-08T18:01:43.236559+00:00,temperature,8.613,4.0,combined,,
2026-08-08T18:01:44.514375+00:00,temperature,8.458,4.0,combined,,
2026-08-08T18:01:44.514375+00:00,vibration_rms,,,combined,1.237,
2026-08-08T18:01:46.037251+00:00,temperature,9.272,4.0,combined,,
2026-08-08T18:01:47.262716+00:00,temperature,8.692,4.0,combined,,
2026-08-08T18:01:47.262716+00:00,vibration_rms,,,combined,1.283,
2026-08-08T18:01:48.659409+00:00,temperature,8.581,4.0,combined,,
2026-08-08T18:01:49.870598+00:00,temperature,8.942,4.0,combined,,
2026-08-08T18:01:49.870598+00:00,vibration_rms,,,combined,1.026,
2026-08-08T18:01:51.269560+00:00,temperature,9.082,4.0,combined,,
2026-08-08T18:01:52.519462+00:00,temperature,9.64,4.0,combined,,
2026-08-08T18:01:52.519462+00:00,vibration_rms,,,combined,1.335,
2026-08-08T18:01:53.927891+00:00,temperature,9.367,4.0,combined,,
2026-08-08T18:01:55.126559+00:00,temperature,9.903,4.0,combined,,
2026-08-08T18:01:55.126559+00:00,vibration_rms,,,combined,1.209,
2026-08-08T18:01:56.501160+00:00,temperature,9.55,4.0,combined,,
2026-08-08T18:01:57.710182+00:00,temperature,9.613,4.0,combined,,
2026-08-08T18:01:57.710182+00:00,vibration_rms,,,combined,1.215,
2026-08-08T18:01:59.138542+00:00,temperature,9.818,4.0,combined,,
2026-08-08T18:02:00.332558+00:00,temperature,9.785,4.0,combined,,
2026-08-08T18:02:00.332558+00:00,vibration_rms,,,combined,1.173,
2026-08-08T18:02:00.332558+00:00,door_event,,,combined,,CLOSE
2026-08-08T18:02:01.755263+00:00,temperature,9.84,4.0,combined,,
2026-08-08T18:02:03.022429+00:00,temperature,9.708,4.0,combined,,
2026-08-08T18:02:03.022429+00:00,vibration_rms,,,combined,1.182,
2026-08-08T18:02:04.391181+00:00,temperature,9.993,4.0,combined,,
2026-08-08T18:02:05.606128+00:00,temperature,10.08,4.0,combined,,
2026-08-08T18:02:05.606128+00:00,vibration_rms,,,combined,1.322,
2026-08-08T18:02:07.049401+00:00,temperature,10.082,4.0,combined,,
2026-08-08T18:02:08.317117+00:00,temperature,10.633,4.0,combined,,
2026-08-08T18:02:08.317117+00:00,vibration_rms,,,combined,1.258,
2026-08-08T18:02:09.712250+00:00,temperature,10.501,4.0,combined,,
2026-08-08T18:02:10.924823+00:00,temperature,10.061,4.0,combined,,
2026-08-08T18:02:10.924823+00:00,vibration_rms,,,combined,0.851,
2026-08-08T18:02:12.347189+00:00,temperature,10.07,4.0,combined,,
2026-08-08T18:02:13.605601+00:00,temperature,10.41,4.0,combined,,
2026-08-08T18:02:13.605601+00:00,vibration_rms,,,combined,1.31,
2026-08-08T18:02:15.002070+00:00,temperature,10.504,4.0,combined,,
2026-08-08T18:02:16.213658+00:00,temperature,10.486,4.0,combined,,
2026-08-08T18:02:16.213658+00:00,vibration_rms,,,combined,1.524,
2026-08-08T18:02:17.580835+00:00,temperature,10.583,4.0,combined,,
2026-08-08T18:02:18.781914+00:00,temperature,10.633,4.0,combined,,
2026-08-08T18:02:18.781914+00:00,vibration_rms,,,combined,1.104,
2026-08-08T18:02:20.149135+00:00,temperature,10.962,4.0,combined,,
2026-08-08T18:02:21.368104+00:00,temperature,10.797,4.0,combined,,
2026-08-08T18:02:21.368104+00:00,vibration_rms,,,combined,1.149,
2026-08-08T18:02:22.767380+00:00,temperature,11.116,4.0,combined,,
2026-08-08T18:02:23.978287+00:00,temperature,11.166,4.0,combined,,
2026-08-08T18:02:23.978287+00:00,vibration_rms,,,combined,1.257,
2026-08-08T18:02:25.402611+00:00,temperature,11.356,4.0,combined,,
2026-08-08T18:02:26.623910+00:00,temperature,11.172,4.0,combined,,
2026-08-08T18:02:26.623910+00:00,vibration_rms,,,combined,1.189,
2026-08-08T18:02:28.001599+00:00,temperature,11.272,4.0,combined,,
2026-08-08T18:02:29.214509+00:00,temperature,11.336,4.0,combined,,
2026-08-08T18:02:29.214509+00:00,vibration_rms,,,combined,1.222,
2026-08-08T18:02:30.614573+00:00,temperature,11.315,4.0,combined,,
2026-08-08T18:02:31.820895+00:00,temperature,11.678,4.0,combined,,
2026-08-08T18:02:31.820895+00:00,vibration_rms,,,combined,1.395,
2026-08-08T18:02:33.281677+00:00,temperature,11.663,4.0,combined,,
2026-08-08T18:02:33.281677+00:00,door_event,,,combined,,CLOSE
2026-08-08T18:02:34.492800+00:00,temperature,11.77,4.0,combined,,
2026-08-08T18:02:34.492800+00:00,vibration_rms,,,combined,1.369,
2026-08-08T18:02:34.492800+00:00,door_event,,,combined,,CLOSE
2026-08-08T18:02:35.861506+00:00,temperature,11.638,4.0,combined,,
2026-08-08T18:02:37.056581+00:00,temperature,12.117,4.0,combined,,
2026-08-08T18:02:37.056581+00:00,vibration_rms,,,combined,1.361,
2026-08-08T18:02:38.459251+00:00,temperature,12.148,4.0,combined,,
2026-08-08T18:02:39.668749+00:00,temperature,12.884,4.0,combined,,
2026-08-08T18:02:39.668749+00:00,vibration_rms,,,combined,0.97,
2026-08-08T18:02:41.126817+00:00,temperature,12.587,4.0,combined,,
2026-08-08T18:02:42.313458+00:00,temperature,12.109,4.0,combined,,
2026-08-08T18:02:42.313458+00:00,vibration_rms,,,combined,0.847,
2026-08-08T18:02:42.313458+00:00,door_event,,,combined,,CLOSE
2026-08-08T18:02:43.846239+00:00,temperature,12.022,4.0,combined,,
2026-08-08T18:02:43.846239+00:00,door_event,,,combined,,CLOSE
2026-08-08T18:02:45.070057+00:00,temperature,12.629,4.0,combined,,
2026-08-08T18:02:45.070057+00:00,vibration_rms,,,combined,1.108,
2026-08-08T18:02:46.441473+00:00,temperature,12.412,4.0,combined,,
2026-08-08T18:02:47.671453+00:00,temperature,12.956,4.0,combined,,
2026-08-08T18:02:47.671453+00:00,vibration_rms,,,combined,1.383,
2026-08-08T18:02:49.061711+00:00,temperature,12.334,4.0,combined,,
2026-08-08T18:02:50.273778+00:00,temperature,12.546,4.0,combined,,
2026-08-08T18:02:50.273778+00:00,vibration_rms,,,combined,1.092,
2026-08-08T18:02:51.941014+00:00,temperature,13.082,4.0,combined,,
2026-08-08T18:02:53.318085+00:00,temperature,12.995,4.0,combined,,
2026-08-08T18:02:53.318085+00:00,vibration_rms,,,combined,1.17,
2026-08-08T18:02:53.318085+00:00,door_event,,,combined,,CLOSE
2026-08-08T18:02:54.866863+00:00,temperature,13.153,4.0,combined,,
2026-08-08T18:02:56.085225+00:00,temperature,13.391,4.0,combined,,
2026-08-08T18:02:56.085225+00:00,vibration_rms,,,combined,1.142,
2026-08-08T18:02:57.450951+00:00,temperature,13.18,4.0,combined,,
2026-08-08T18:02:58.650707+00:00,temperature,13.487,4.0,combined,,
2026-08-08T18:02:58.650707+00:00,vibration_rms,,,combined,1.116,
2026-08-08T18:03:00.152886+00:00,temperature,13.006,4.0,combined,,
2026-08-08T18:03:01.328292+00:00,temperature,13.528,4.0,combined,,
2026-08-08T18:03:01.328292+00:00,vibration_rms,,,combined,1.216,
2026-08-08T18:03:02.750957+00:00,temperature,14.137,4.0,combined,,
2026-08-08T18:03:02.750957+00:00,door_event,,,combined,,OPEN
2026-08-08T18:03:03.971715+00:00,temperature,13.566,4.0,combined,,
2026-08-08T18:03:03.971715+00:00,vibration_rms,,,combined,0.969,
2026-08-08T18:03:05.415315+00:00,temperature,14.037,4.0,combined,,
2026-08-08T18:03:06.640550+00:00,temperature,13.633,4.0,combined,,
2026-08-08T18:03:06.640550+00:00,vibration_rms,,,combined,1.136,
2026-08-08T18:03:08.085657+00:00,temperature,13.759,4.0,combined,,
2026-08-08T18:03:09.358716+00:00,temperature,13.548,4.0,combined,,
2026-08-08T18:03:09.358716+00:00,vibration_rms,,,combined,1.171,
2026-08-08T18:03:10.822471+00:00,temperature,13.568,4.0,combined,,
2026-08-08T18:03:12.071225+00:00,temperature,14.142,4.0,combined,,
2026-08-08T18:03:12.071225+00:00,vibration_rms,,,combined,0.979,
2026-08-08T18:03:13.492806+00:00,temperature,13.557,4.0,combined,,
2026-08-08T18:03:14.705827+00:00,temperature,14.268,4.0,combined,,
2026-08-08T18:03:14.705827+00:00,vibration_rms,,,combined,1.507,
2026-08-08T18:03:16.115434+00:00,temperature,14.184,4.0,combined,,
2026-08-08T18:03:17.374749+00:00,temperature,13.761,4.0,combined,,
2026-08-08T18:03:17.374749+00:00,vibration_rms,,,combined,1.061,
2026-08-08T18:03:17.374749+00:00,door_event,,,combined,,CLOSE
2026-08-08T18:03:18.757849+00:00,temperature,14.811,4.0,combined,,
2026-08-08T18:03:18.757849+00:00,door_event,,,combined,,CLOSE
2026-08-08T18:03:19.973640+00:00,temperature,14.81,4.0,combined,,
2026-08-08T18:03:19.973640+00:00,vibration_rms,,,combined,1.301,
2026-08-08T18:03:21.382191+00:00,temperature,14.874,4.0,combined,,
2026-08-08T18:03:22.598734+00:00,temperature,15.259,4.0,combined,,
2026-08-08T18:03:22.598734+00:00,vibration_rms,,,combined,1.196,
2026-08-08T18:03:24.031712+00:00,temperature,14.601,4.0,combined,,
2026-08-08T18:03:25.261032+00:00,temperature,15.177,4.0,combined,,
2026-08-08T18:03:25.261032+00:00,vibration_rms,,,combined,1.326,
2026-08-08T18:03:26.772034+00:00,temperature,14.938,4.0,combined,,
2026-08-08T18:03:27.975298+00:00,temperature,15.097,4.0,combined,,
2026-08-08T18:03:27.975298+00:00,vibration_rms,,,combined,1.068,
2026-08-08T18:03:29.327250+00:00,temperature,15.585,4.0,combined,,
2026-08-08T18:03:30.594904+00:00,temperature,15.049,4.0,combined,,
2026-08-08T18:03:30.594904+00:00,vibration_rms,,,combined,0.961,
2026-08-08T18:03:34.036562+00:00,temperature,15.103,4.0,combined,,
2026-08-08T18:03:35.670255+00:00,temperature,15.009,4.0,combined,,
2026-08-08T18:03:35.670255+00:00,vibration_rms,,,combined,1.205,
2026-08-08T18:03:37.709903+00:00,temperature,15.653,4.0,combined,,
2026-08-08T18:03:39.268653+00:00,temperature,15.847,4.0,combined,,
2026-08-08T18:03:39.268653+00:00,vibration_rms,,,combined,1.025,
2026-08-08T18:03:40.842013+00:00,temperature,15.973,4.0,combined,,
2026-08-08T18:03:42.083694+00:00,temperature,15.691,4.0,combined,,
2026-08-08T18:03:42.083694+00:00,vibration_rms,,,combined,1.309,
2026-08-08T18:03:43.463949+00:00,temperature,16.121,4.0,combined,,
2026-08-08T18:03:44.709628+00:00,temperature,15.594,4.0,combined,,
2026-08-08T18:03:44.709628+00:00,vibration_rms,,,combined,1.079,
2026-08-08T18:03:46.266057+00:00,temperature,15.953,4.0,combined,,
2026-08-08T18:03:47.508807+00:00,temperature,16.11,4.0,combined,,
2026-08-08T18:03:47.508807+00:00,vibration_rms,,,combined,1.09,
2026-08-08T18:03:49.019032+00:00,temperature,16.538,4.0,combined,,
2026-08-08T18:03:50.271360+00:00,temperature,16.744,4.0,combined,,
2026-08-08T18:03:50.271360+00:00,vibration_rms,,,combined,1.312,
2026-08-08T18:03:51.810396+00:00,temperature,16.119,4.0,combined,,
2026-08-08T18:03:53.108934+00:00,temperature,16.303,4.0,combined,,
2026-08-08T18:03:53.108934+00:00,vibration_rms,,,combined,1.189,
2026-08-08T18:03:54.654563+00:00,temperature,16.651,4.0,combined,,
2026-08-08T18:03:55.886858+00:00,temperature,16.167,4.0,combined,,
2026-08-08T18:03:55.886858+00:00,vibration_rms,,,combined,0.899,
2026-08-08T18:03:57.375868+00:00,temperature,16.181,4.0,combined,,
2026-08-08T18:03:58.912229+00:00,temperature,16.991,4.0,combined,,
2026-08-08T18:03:58.912229+00:00,vibration_rms,,,combined,1.189,
2026-08-08T18:04:00.600424+00:00,temperature,17.109,4.0,combined,,
2026-08-08T18:04:02.073032+00:00,temperature,16.541,4.0,combined,,
2026-08-08T18:04:02.073032+00:00,vibration_rms,,,combined,1.305,
2026-08-08T18:04:03.873384+00:00,temperature,17.287,4.0,combined,,
2026-08-08T18:04:05.462122+00:00,temperature,17.047,4.0,combined,,
2026-08-08T18:04:05.462122+00:00,vibration_rms,,,combined,0.91,
2026-08-08T18:04:07.374404+00:00,temperature,16.763,4.0,combined,,
2026-08-08T18:04:07.374404+00:00,door_event,,,combined,,CLOSE
2026-08-08T18:04:08.731270+00:00,temperature,17.136,4.0,combined,,
2026-08-08T18:04:08.731270+00:00,vibration_rms,,,combined,1.216,
2026-08-08T18:04:10.629285+00:00,temperature,16.9,4.0,combined,,
2026-08-08T18:04:12.177191+00:00,temperature,17.494,4.0,combined,,
2026-08-08T18:04:12.177191+00:00,vibration_rms,,,combined,1.03,
2026-08-08T18:04:14.236469+00:00,temperature,17.589,4.0,combined,,
2026-08-08T18:04:16.389176+00:00,temperature,17.166,4.0,combined,,
2026-08-08T18:04:16.389176+00:00,vibration_rms,,,combined,1.336,
2026-08-08T18:04:18.107340+00:00,temperature,17.773,4.0,combined,,
2026-08-08T18:04:19.606925+00:00,temperature,17.279,4.0,combined,,
2026-08-08T18:04:19.606925+00:00,vibration_rms,,,combined,1.248,
2026-08-08T18:04:21.586081+00:00,temperature,18.565,4.0,combined,,
2026-08-08T18:04:23.030236+00:00,temperature,17.875,4.0,combined,,
2026-08-08T18:04:23.030236+00:00,vibration_rms,,,combined,1.015,
2026-08-08T18:04:24.979177+00:00,temperature,17.862,4.0,combined,,
2026-08-08T18:04:26.404024+00:00,temperature,17.915,4.0,combined,,
2026-08-08T18:04:26.404024+00:00,vibration_rms,,,combined,1.017,
2026-08-08T18:04:28.422040+00:00,temperature,18.385,4.0,combined,,
2026-08-08T18:04:29.752876+00:00,temperature,17.887,4.0,combined,,
2026-08-08T18:04:29.752876+00:00,vibration_rms,,,combined,0.971,
2026-08-08T18:04:31.630968+00:00,temperature,18.284,4.0,combined,,
2026-08-08T18:04:33.020499+00:00,temperature,18.837,4.0,combined,,
2026-08-08T18:04:33.020499+00:00,vibration_rms,,,combined,1.302,
2026-08-08T18:04:34.629628+00:00,temperature,18.246,4.0,combined,,
2026-08-08T18:04:35.917266+00:00,temperature,18.703,4.0,combined,,
2026-08-08T18:04:35.917266+00:00,vibration_rms,,,combined,1.385,
2026-08-08T18:04:37.508127+00:00,temperature,18.77,4.0,combined,,
2026-08-08T18:04:38.740776+00:00,temperature,18.462,4.0,combined,,
2026-08-08T18:04:38.740776+00:00,vibration_rms,,,combined,1.245,
2026-08-08T18:04:40.952914+00:00,temperature,18.416,4.0,combined,,
2026-08-08T18:04:42.561652+00:00,temperature,18.52,4.0,combined,,
2026-08-08T18:04:42.561652+00:00,vibration_rms,,,combined,1.224,
2026-08-08T18:04:45.143027+00:00,temperature,18.69,4.0,combined,,
2026-08-08T18:04:46.479756+00:00,temperature,19.314,4.0,combined,,
2026-08-08T18:04:46.479756+00:00,vibration_rms,,,combined,1.065,
2026-08-08T18:04:48.139144+00:00,temperature,19.215,4.0,combined,,
2026-08-08T18:04:49.541454+00:00,temperature,18.714,4.0,combined,,
2026-08-08T18:04:49.541454+00:00,vibration_rms,,,combined,1.256,
2026-08-08T18:04:51.464490+00:00,temperature,19.018,4.0,combined,,
2026-08-08T18:04:52.864370+00:00,temperature,19.044,4.0,combined,,
2026-08-08T18:04:52.864370+00:00,vibration_rms,,,combined,1.208,
2026-08-08T18:04:54.577500+00:00,temperature,19.375,4.0,combined,,
2026-08-08T18:04:55.953843+00:00,temperature,19.264,4.0,combined,,
2026-08-08T18:04:55.953843+00:00,vibration_rms,,,combined,1.321,
2026-08-08T18:04:57.554691+00:00,temperature,19.162,4.0,combined,,
2026-08-08T18:04:58.876948+00:00,temperature,19.89,4.0,combined,,
2026-08-08T18:04:58.876948+00:00,vibration_rms,,,combined,1.172,
2026-08-08T18:05:00.501594+00:00,temperature,19.51,4.0,combined,,
2026-08-08T18:05:01.866239+00:00,temperature,19.203,4.0,combined,,
2026-08-08T18:05:01.866239+00:00,vibration_rms,,,combined,1.209,
2026-08-08T18:05:03.587637+00:00,temperature,19.948,4.0,combined,,
2026-08-08T18:05:04.965461+00:00,temperature,20.098,4.0,combined,,
2026-08-08T18:05:04.965461+00:00,vibration_rms,,,combined,1.16,
2026-08-08T18:05:06.775491+00:00,temperature,20.022,4.0,combined,,
2026-08-08T18:05:08.173682+00:00,temperature,19.761,4.0,combined,,
2026-08-08T18:05:08.173682+00:00,vibration_rms,,,combined,1.17,
2026-08-08T18:05:09.912274+00:00,temperature,20.058,4.0,combined,,
2026-08-08T18:05:11.390976+00:00,temperature,19.708,4.0,combined,,
2026-08-08T18:05:11.390976+00:00,vibration_rms,,,combined,1.135,
2026-08-08T18:05:13.368144+00:00,temperature,19.897,4.0,combined,,
2026-08-08T18:05:14.709905+00:00,temperature,20.483,4.0,combined,,
2026-08-08T18:05:14.709905+00:00,vibration_rms,,,combined,1.512,
2026-08-08T18:05:18.262063+00:00,temperature,20.473,4.0,combined,,
2026-08-08T18:05:19.747836+00:00,temperature,20.418,4.0,combined,,
2026-08-08T18:05:19.747836+00:00,vibration_rms,,,combined,1.182,
2026-08-08T18:05:22.688973+00:00,temperature,20.06,4.0,combined,,
2026-08-08T18:05:24.677327+00:00,temperature,20.606,4.0,combined,,
2026-08-08T18:05:24.677327+00:00,vibration_rms,,,combined,0.8,
2026-08-08T18:05:28.650894+00:00,temperature,21.114,4.0,combined,,
2026-08-08T18:05:30.611589+00:00,temperature,20.683,4.0,combined,,
2026-08-08T18:05:30.611589+00:00,vibration_rms,,,combined,1.116,
2026-08-08T18:05:33.201030+00:00,temperature,21.04,4.0,combined,,
2026-08-08T18:05:34.478804+00:00,temperature,21.132,4.0,combined,,
2026-08-08T18:05:34.478804+00:00,vibration_rms,,,combined,1.227,
2026-08-08T18:05:36.071272+00:00,temperature,20.621,4.0,combined,,
2026-08-08T18:05:37.266660+00:00,temperature,21.676,4.0,combined,,
2026-08-08T18:05:37.266660+00:00,vibration_rms,,,combined,1.168,
2026-08-08T18:05:38.747883+00:00,temperature,21.332,4.0,combined,,
2026-08-08T18:05:40.055441+00:00,temperature,21.529,4.0,combined,,
2026-08-08T18:05:40.055441+00:00,vibration_rms,,,combined,1.098,
2026-08-08T18:05:42.557543+00:00,temperature,21.842,4.0,combined,,
2026-08-08T18:05:43.811255+00:00,temperature,21.794,4.0,combined,,
2026-08-08T18:05:43.811255+00:00,vibration_rms,,,combined,1.46,
2026-08-08T18:05:45.344779+00:00,temperature,21.139,4.0,combined,,
2026-08-08T18:05:46.674069+00:00,temperature,21.377,4.0,combined,,
2026-08-08T18:05:46.674069+00:00,vibration_rms,,,combined,1.223,
2026-08-08T18:05:48.210426+00:00,temperature,21.534,4.0,combined,,
2026-08-08T18:05:49.446589+00:00,temperature,22.072,4.0,combined,,
2026-08-08T18:05:49.446589+00:00,vibration_rms,,,combined,1.061,
2026-08-08T18:05:51.824109+00:00,temperature,21.728,4.0,combined,,
2026-08-08T18:05:53.227608+00:00,temperature,21.961,4.0,combined,,
2026-08-08T18:05:53.227608+00:00,vibration_rms,,,combined,1.232,
2026-08-08T18:05:55.022543+00:00,temperature,21.813,4.0,combined,,
2026-08-08T18:05:55.022543+00:00,door_event,,,combined,,CLOSE
2026-08-08T18:05:56.225584+00:00,temperature,22.086,4.0,combined,,
2026-08-08T18:05:56.225584+00:00,vibration_rms,,,combined,1.014,
2026-08-08T18:05:57.689462+00:00,temperature,22.082,4.0,combined,,
2026-08-08T18:05:58.878297+00:00,temperature,21.588,4.0,combined,,
2026-08-08T18:05:58.878297+00:00,vibration_rms,,,combined,1.065,
2026-08-08T18:06:00.526963+00:00,temperature,22.311,4.0,combined,,
2026-08-08T18:06:01.915182+00:00,temperature,22.757,4.0,combined,,
2026-08-08T18:06:01.915182+00:00,vibration_rms,,,combined,1.449,
2026-08-08T18:06:03.256653+00:00,temperature,22.983,4.0,combined,,
2026-08-08T18:06:04.467685+00:00,temperature,22.22,4.0,combined,,
2026-08-08T18:06:04.467685+00:00,vibration_rms,,,combined,1.207,
2026-08-08T18:06:05.905571+00:00,temperature,22.233,4.0,combined,,
2026-08-08T18:06:07.132022+00:00,temperature,22.18,4.0,combined,,
2026-08-08T18:06:07.132022+00:00,vibration_rms,,,combined,1.12,
2026-08-08T18:06:08.682912+00:00,temperature,23.494,4.0,combined,,
2026-08-08T18:06:09.909634+00:00,temperature,22.824,4.0,combined,,
2026-08-08T18:06:09.909634+00:00,vibration_rms,,,combined,0.855,
2026-08-08T18:06:09.909634+00:00,door_event,,,combined,,CLOSE
2026-08-08T18:06:11.323866+00:00,temperature,23.209,4.0,combined,,
2026-08-08T18:06:12.580443+00:00,temperature,23.037,4.0,combined,,
2026-08-08T18:06:12.580443+00:00,vibration_rms,,,combined,1.094,
2026-08-08T18:06:13.949803+00:00,temperature,23.542,4.0,combined,,
2026-08-08T18:06:15.214308+00:00,temperature,22.979,4.0,combined,,
2026-08-08T18:06:15.214308+00:00,vibration_rms,,,combined,1.054,
2026-08-08T18:06:16.581010+00:00,temperature,23.442,4.0,combined,,
2026-08-08T18:06:17.849751+00:00,temperature,23.156,4.0,combined,,
2026-08-08T18:06:17.849751+00:00,vibration_rms,,,combined,1.184,
2026-08-08T18:06:19.228880+00:00,temperature,23.69,4.0,combined,,
2026-08-08T18:06:20.431974+00:00,temperature,23.171,4.0,combined,,
2026-08-08T18:06:20.431974+00:00,vibration_rms,,,combined,1.082,
2026-08-08T18:06:21.794411+00:00,temperature,24.121,4.0,combined,,
2026-08-08T18:06:23.046241+00:00,temperature,24.0,4.0,combined,,
2026-08-08T18:06:23.046241+00:00,vibration_rms,,,combined,1.156,
2026-08-08T18:06:24.412670+00:00,temperature,23.368,4.0,combined,,
2026-08-08T18:06:25.610563+00:00,temperature,24.097,4.0,combined,,
2026-08-08T18:06:25.610563+00:00,vibration_rms,,,combined,1.097,
2026-08-08T18:06:27.031873+00:00,temperature,24.655,4.0,combined,,
2026-08-08T18:06:28.208998+00:00,temperature,24.281,4.0,combined,,
2026-08-08T18:06:28.208998+00:00,vibration_rms,,,combined,1.197,
2026-08-08T18:06:29.589848+00:00,temperature,24.169,4.0,combined,,
2026-08-08T18:06:30.768000+00:00,temperature,24.354,4.0,combined,,
2026-08-08T18:06:30.768000+00:00,vibration_rms,,,combined,1.089,
2026-08-08T18:06:32.152134+00:00,temperature,24.241,4.0,combined,,
2026-08-08T18:06:33.388813+00:00,temperature,24.587,4.0,combined,,
2026-08-08T18:06:33.388813+00:00,vibration_rms,,,combined,1.218,
2026-08-08T18:06:34.722141+00:00,temperature,24.441,4.0,combined,,
2026-08-08T18:06:35.960734+00:00,temperature,24.183,4.0,combined,,
2026-08-08T18:06:35.960734+00:00,vibration_rms,,,combined,1.39,
2026-08-08T18:06:37.514013+00:00,temperature,23.746,4.0,combined,,
2026-08-08T18:06:38.786245+00:00,temperature,24.68,4.0,combined,,
2026-08-08T18:06:38.786245+00:00,vibration_rms,,,combined,0.831,
2026-08-08T18:06:38.786245+00:00,door_event,,,combined,,CLOSE
2026-08-08T18:06:41.197340+00:00,temperature,24.943,4.0,combined,,
2026-08-08T18:06:42.832659+00:00,temperature,24.138,4.0,combined,,
2026-08-08T18:06:42.832659+00:00,vibration_rms,,,combined,1.095,
2026-08-08T18:06:44.362010+00:00,temperature,25.139,4.0,combined,,
2026-08-08T18:06:45.593476+00:00,temperature,24.962,4.0,combined,,
2026-08-08T18:06:45.593476+00:00,vibration_rms,,,combined,1.21,
2026-08-08T18:06:47.113935+00:00,temperature,24.954,4.0,combined,,
2026-08-08T18:06:48.550869+00:00,temperature,25.077,4.0,combined,,
2026-08-08T18:06:48.550869+00:00,vibration_rms,,,combined,1.173,
2026-08-08T18:06:48.550869+00:00,door_event,,,combined,,OPEN
2026-08-08T18:06:50.331546+00:00,temperature,25.222,4.0,combined,,
2026-08-08T18:06:51.653052+00:00,temperature,25.239,4.0,combined,,
2026-08-08T18:06:51.653052+00:00,vibration_rms,,,combined,1.354,
2026-08-08T18:06:53.392895+00:00,temperature,25.588,4.0,combined,,
2026-08-08T18:06:54.793310+00:00,temperature,25.487,4.0,combined,,
2026-08-08T18:06:54.793310+00:00,vibration_rms,,,combined,1.393,
2026-08-08T18:06:56.744577+00:00,temperature,25.714,4.0,combined,,
2026-08-08T18:06:58.183164+00:00,temperature,25.228,4.0,combined,,
2026-08-08T18:06:58.183164+00:00,vibration_rms,,,combined,1.272,
2026-08-08T18:06:59.985157+00:00,temperature,25.9,4.0,combined,,
2026-08-08T18:07:01.426876+00:00,temperature,25.489,4.0,combined,,
2026-08-08T18:07:01.426876+00:00,vibration_rms,,,combined,1.361,
2026-08-08T18:07:01.426876+00:00,door_event,,,combined,,OPEN
2026-08-08T18:07:03.338407+00:00,temperature,25.794,4.0,combined,,
2026-08-08T18:07:04.771636+00:00,temperature,25.912,4.0,combined,,
2026-08-08T18:07:04.771636+00:00,vibration_rms,,,combined,1.138,
2026-08-08T18:07:06.504076+00:00,temperature,25.36,4.0,combined,,
2026-08-08T18:07:07.983857+00:00,temperature,26.306,4.0,combined,,
2026-08-08T18:07:07.983857+00:00,vibration_rms,,,combined,1.13,
2026-08-08T18:07:09.985921+00:00,temperature,26.443,4.0,combined,,
2026-08-08T18:07:11.542510+00:00,temperature,26.367,4.0,combined,,
2026-08-08T18:07:11.542510+00:00,vibration_rms,,,combined,1.24,
2026-08-08T18:07:13.459642+00:00,temperature,26.726,4.0,combined,,
2026-08-08T18:07:15.016970+00:00,temperature,26.204,4.0,combined,,
2026-08-08T18:07:15.016970+00:00,vibration_rms,,,combined,1.063,
2026-08-08T18:07:18.137920+00:00,temperature,26.209,4.0,combined,,
2026-08-08T18:07:19.760591+00:00,temperature,26.876,4.0,combined,,
2026-08-08T18:07:19.760591+00:00,vibration_rms,,,combined,1.226,
2026-08-08T18:07:21.907981+00:00,temperature,26.949,4.0,combined,,
2026-08-08T18:07:23.283655+00:00,temperature,26.899,4.0,combined,,
2026-08-08T18:07:23.283655+00:00,vibration_rms,,,combined,1.067,
2026-08-08T18:07:25.298270+00:00,temperature,26.516,4.0,combined,,
2026-08-08T18:07:26.694142+00:00,temperature,27.233,4.0,combined,,
2026-08-08T18:07:26.694142+00:00,vibration_rms,,,combined,0.924,
2026-08-08T18:07:28.494929+00:00,temperature,27.267,4.0,combined,,
2026-08-08T18:07:29.920025+00:00,temperature,26.843,4.0,combined,,
2026-08-08T18:07:29.920025+00:00,vibration_rms,,,combined,0.916,
2026-08-08T18:07:31.619625+00:00,temperature,26.835,4.0,combined,,
2026-08-08T18:07:33.047370+00:00,temperature,27.402,4.0,combined,,
2026-08-08T18:07:33.047370+00:00,vibration_rms,,,combined,1.219,
2026-08-08T18:07:35.111643+00:00,temperature,27.034,4.0,combined,,
2026-08-08T18:07:36.583652+00:00,temperature,27.087,4.0,combined,,
2026-08-08T18:07:36.583652+00:00,vibration_rms,,,combined,1.281,
2026-08-08T18:07:38.383339+00:00,temperature,27.865,4.0,combined,,
2026-08-08T18:07:39.817086+00:00,temperature,27.291,4.0,combined,,
2026-08-08T18:07:39.817086+00:00,vibration_rms,,,combined,1.064,
2026-08-08T18:07:41.408860+00:00,temperature,27.241,4.0,combined,,
2026-08-08T18:07:42.797319+00:00,temperature,27.281,4.0,combined,,
2026-08-08T18:07:42.797319+00:00,vibration_rms,,,combined,1.199,
2026-08-08T18:07:44.508460+00:00,temperature,27.563,4.0,combined,,
2026-08-08T18:07:45.919461+00:00,temperature,28.146,4.0,combined,,
2026-08-08T18:07:45.919461+00:00,vibration_rms,,,combined,1.012,
2026-08-08T18:07:47.618393+00:00,temperature,28.235,4.0,combined,,
2026-08-08T18:07:48.997921+00:00,temperature,28.161,4.0,combined,,
2026-08-08T18:07:48.997921+00:00,vibration_rms,,,combined,1.336,
2026-08-08T18:07:50.610601+00:00,temperature,28.203,4.0,combined,,
2026-08-08T18:07:51.898509+00:00,temperature,28.138,4.0,combined,,
2026-08-08T18:07:51.898509+00:00,vibration_rms,,,combined,1.266,
2026-08-08T18:07:53.597091+00:00,temperature,28.259,4.0,combined,,
2026-08-08T18:07:55.473634+00:00,temperature,28.349,4.0,combined,,
2026-08-08T18:07:55.473634+00:00,vibration_rms,,,combined,1.191,
2026-08-08T18:07:57.256439+00:00,temperature,28.044,4.0,combined,,
2026-08-08T18:07:58.606911+00:00,temperature,28.933,4.0,combined,,
2026-08-08T18:07:58.606911+00:00,vibration_rms,,,combined,1.228,
2026-08-08T18:08:00.321769+00:00,temperature,28.569,4.0,combined,,
2026-08-08T18:08:01.662965+00:00,temperature,28.663,4.0,combined,,
2026-08-08T18:08:01.662965+00:00,vibration_rms,,,combined,1.316,
2026-08-08T18:08:01.662965+00:00,door_event,,,combined,,OPEN
2026-08-08T18:08:03.153620+00:00,temperature,28.789,4.0,combined,,
2026-08-08T18:08:04.363393+00:00,temperature,29.195,4.0,combined,,
2026-08-08T18:08:04.363393+00:00,vibration_rms,,,combined,1.455,
2026-08-08T18:08:05.843224+00:00,temperature,29.147,4.0,combined,,
2026-08-08T18:08:07.099052+00:00,temperature,29.105,4.0,combined,,
2026-08-08T18:08:07.099052+00:00,vibration_rms,,,combined,1.306,
2026-08-08T18:08:09.581773+00:00,temperature,29.419,4.0,combined,,
2026-08-08T18:08:11.108977+00:00,temperature,28.929,4.0,combined,,
2026-08-08T18:08:11.108977+00:00,vibration_rms,,,combined,1.515,
2026-08-08T18:08:13.122257+00:00,temperature,28.663,4.0,combined,,
2026-08-08T18:08:14.632684+00:00,temperature,29.294,4.0,combined,,
2026-08-08T18:08:14.632684+00:00,vibration_rms,,,combined,1.206,
2026-08-08T18:08:16.033156+00:00,temperature,29.535,4.0,combined,,
2026-08-08T18:08:17.221561+00:00,temperature,29.852,4.0,combined,,
2026-08-08T18:08:17.221561+00:00,vibration_rms,,,combined,1.192,
2026-08-08T18:08:18.632432+00:00,temperature,29.42,4.0,combined,,
2026-08-08T18:08:19.865892+00:00,temperature,29.383,4.0,combined,,
2026-08-08T18:08:19.865892+00:00,vibration_rms,,,combined,1.224,
2026-08-08T18:08:21.244449+00:00,temperature,29.837,4.0,combined,,
2026-08-08T18:08:22.467946+00:00,temperature,30.421,4.0,combined,,
2026-08-08T18:08:22.467946+00:00,vibration_rms,,,combined,1.374,
2026-08-08T18:08:23.799023+00:00,temperature,29.543,4.0,combined,,
2026-08-08T18:08:24.993894+00:00,temperature,29.556,4.0,combined,,
2026-08-08T18:08:24.993894+00:00,vibration_rms,,,combined,1.215,
2026-08-08T18:08:26.466700+00:00,temperature,30.123,4.0,combined,,
2026-08-08T18:08:27.678055+00:00,temperature,30.309,4.0,combined,,
2026-08-08T18:08:27.678055+00:00,vibration_rms,,,combined,1.271,
2026-08-08T18:08:29.091028+00:00,temperature,30.604,4.0,combined,,
2026-08-08T18:08:30.297471+00:00,temperature,30.54,4.0,combined,,
2026-08-08T18:08:30.297471+00:00,vibration_rms,,,combined,1.211,
2026-08-08T18:08:31.842516+00:00,temperature,30.098,4.0,combined,,
2026-08-08T18:08:33.355558+00:00,temperature,30.535,4.0,combined,,
2026-08-08T18:08:33.355558+00:00,vibration_rms,,,combined,1.267,
2026-08-08T18:08:34.797757+00:00,temperature,30.581,4.0,combined,,
2026-08-08T18:08:36.009096+00:00,temperature,30.934,4.0,combined,,
2026-08-08T18:08:36.009096+00:00,vibration_rms,,,combined,1.171,
2026-08-08T18:08:37.475835+00:00,temperature,30.448,4.0,combined,,
2026-08-08T18:08:38.711656+00:00,temperature,30.804,4.0,combined,,
2026-08-08T18:08:38.711656+00:00,vibration_rms,,,combined,1.333,
2026-08-08T18:08:40.119810+00:00,temperature,30.74,4.0,combined,,
2026-08-08T18:08:41.318833+00:00,temperature,30.919,4.0,combined,,
2026-08-08T18:08:41.318833+00:00,vibration_rms,,,combined,1.273,
2026-08-08T18:08:42.742290+00:00,temperature,30.41,4.0,combined,,
2026-08-08T18:08:44.046974+00:00,temperature,31.051,4.0,combined,,
2026-08-08T18:08:44.046974+00:00,vibration_rms,,,combined,1.449,
2026-08-08T18:08:45.469000+00:00,temperature,31.492,4.0,combined,,
2026-08-08T18:08:46.650599+00:00,temperature,31.29,4.0,combined,,
2026-08-08T18:08:46.650599+00:00,vibration_rms,,,combined,1.177,
2026-08-08T18:08:48.033864+00:00,temperature,31.259,4.0,combined,,
2026-08-08T18:08:49.255865+00:00,temperature,31.239,4.0,combined,,
2026-08-08T18:08:49.255865+00:00,vibration_rms,,,combined,1.235,
2026-08-08T18:08:50.646264+00:00,temperature,30.665,4.0,combined,,
2026-08-08T18:08:51.842696+00:00,temperature,31.573,4.0,combined,,
2026-08-08T18:08:51.842696+00:00,vibration_rms,,,combined,1.263,
2026-08-08T18:08:53.221984+00:00,temperature,31.574,4.0,combined,,
2026-08-08T18:08:54.454375+00:00,temperature,31.894,4.0,combined,,
2026-08-08T18:08:54.454375+00:00,vibration_rms,,,combined,1.251,
2026-08-08T18:08:56.094972+00:00,temperature,31.838,4.0,combined,,
2026-08-08T18:08:57.369572+00:00,temperature,32.011,4.0,combined,,
2026-08-08T18:08:57.369572+00:00,vibration_rms,,,combined,1.011,
2026-08-08T18:08:58.857442+00:00,temperature,31.583,4.0,combined,,
2026-08-08T18:09:00.125316+00:00,temperature,31.831,4.0,combined,,
2026-08-08T18:09:00.125316+00:00,vibration_rms,,,combined,1.156,
2026-08-08T18:09:01.501191+00:00,temperature,32.141,4.0,combined,,
2026-08-08T18:09:02.790006+00:00,temperature,31.889,4.0,combined,,
2026-08-08T18:09:02.790006+00:00,vibration_rms,,,combined,1.115,
2026-08-08T18:09:04.165650+00:00,temperature,32.589,4.0,combined,,
2026-08-08T18:09:05.368460+00:00,temperature,32.484,4.0,combined,,
2026-08-08T18:09:05.368460+00:00,vibration_rms,,,combined,0.836,
2026-08-08T18:09:06.835470+00:00,temperature,32.002,4.0,combined,,
2026-08-08T18:09:08.093080+00:00,temperature,32.617,4.0,combined,,
2026-08-08T18:09:08.093080+00:00,vibration_rms,,,combined,1.109,
2026-08-08T18:09:09.536017+00:00,temperature,32.393,4.0,combined,,
2026-08-08T18:09:10.835883+00:00,temperature,32.313,4.0,combined,,
2026-08-08T18:09:10.835883+00:00,vibration_rms,,,combined,1.157,
2026-08-08T18:09:12.303580+00:00,temperature,32.353,4.0,combined,,
2026-08-08T18:09:13.488326+00:00,temperature,32.726,4.0,combined,,
2026-08-08T18:09:13.488326+00:00,vibration_rms,,,combined,1.083,
2026-08-08T18:09:14.877149+00:00,temperature,32.559,4.0,combined,,
2026-08-08T18:09:16.077220+00:00,temperature,32.774,4.0,combined,,
2026-08-08T18:09:16.077220+00:00,vibration_rms,,,combined,1.109,
2026-08-08T18:09:17.510999+00:00,temperature,32.873,4.0,combined,,
2026-08-08T18:09:18.757798+00:00,temperature,33.229,4.0,combined,,
2026-08-08T18:09:18.757798+00:00,vibration_rms,,,combined,1.323,
2026-08-08T18:09:20.203828+00:00,temperature,33.398,4.0,combined,,
2026-08-08T18:09:21.455202+00:00,temperature,33.571,4.0,combined,,
2026-08-08T18:09:21.455202+00:00,vibration_rms,,,combined,1.258,
2026-08-08T18:09:22.888850+00:00,temperature,33.603,4.0,combined,,
2026-08-08T18:09:24.135522+00:00,temperature,33.548,4.0,combined,,
2026-08-08T18:09:24.135522+00:00,vibration_rms,,,combined,1.23,
2026-08-08T18:09:25.569868+00:00,temperature,33.837,4.0,combined,,
2026-08-08T18:09:26.787017+00:00,temperature,33.501,4.0,combined,,
2026-08-08T18:09:26.787017+00:00,vibration_rms,,,combined,0.947,
2026-08-08T18:09:28.180254+00:00,temperature,33.709,4.0,combined,,
2026-08-08T18:09:29.425042+00:00,temperature,33.771,4.0,combined,,
2026-08-08T18:09:29.425042+00:00,vibration_rms,,,combined,0.818,
2026-08-08T18:09:30.832675+00:00,temperature,34.058,4.0,combined,,
2026-08-08T18:09:32.044119+00:00,temperature,33.815,4.0,combined,,
2026-08-08T18:09:32.044119+00:00,vibration_rms,,,combined,1.191,
2026-08-08T18:09:33.437496+00:00,temperature,33.916,4.0,combined,,
2026-08-08T18:09:34.644229+00:00,temperature,34.508,4.0,combined,,
2026-08-08T18:09:34.644229+00:00,vibration_rms,,,combined,1.474,
2026-08-08T18:09:36.047866+00:00,temperature,33.878,4.0,combined,,
2026-08-08T18:09:37.236826+00:00,temperature,34.952,4.0,combined,,
2026-08-08T18:09:37.236826+00:00,vibration_rms,,,combined,1.344,
2026-08-08T18:09:37.236826+00:00,door_event,,,combined,,OPEN
2026-08-08T18:09:38.623738+00:00,temperature,34.339,4.0,combined,,
2026-08-08T18:09:39.833128+00:00,temperature,34.603,4.0,combined,,
2026-08-08T18:09:39.833128+00:00,vibration_rms,,,combined,1.245,
2026-08-08T18:09:41.223007+00:00,temperature,34.393,4.0,combined,,
2026-08-08T18:09:42.522811+00:00,temperature,34.093,4.0,combined,,
2026-08-08T18:09:42.522811+00:00,vibration_rms,,,combined,1.469,
2026-08-08T18:09:43.911297+00:00,temperature,35.131,4.0,combined,,
2026-08-08T18:09:45.074052+00:00,temperature,34.84,4.0,combined,,
2026-08-08T18:09:45.074052+00:00,vibration_rms,,,combined,1.083,
2026-08-08T18:09:46.430635+00:00,temperature,34.736,4.0,combined,,
2026-08-08T18:09:47.655137+00:00,temperature,34.843,4.0,combined,,
2026-08-08T18:09:47.655137+00:00,vibration_rms,,,combined,1.12,
2026-08-08T18:09:49.222241+00:00,temperature,35.027,4.0,combined,,
2026-08-08T18:09:50.433684+00:00,temperature,34.742,4.0,combined,,
2026-08-08T18:09:50.433684+00:00,vibration_rms,,,combined,1.299,
2026-08-08T18:09:51.822450+00:00,temperature,35.335,4.0,combined,,
2026-08-08T18:09:53.082517+00:00,temperature,35.419,4.0,combined,,
2026-08-08T18:09:53.082517+00:00,vibration_rms,,,combined,1.125,
2026-08-08T18:09:54.480181+00:00,temperature,34.984,4.0,combined,,
2026-08-08T18:09:55.734091+00:00,temperature,35.161,4.0,combined,,
2026-08-08T18:09:55.734091+00:00,vibration_rms,,,combined,1.234,
2026-08-08T18:09:57.157242+00:00,temperature,35.582,4.0,combined,,
2026-08-08T18:09:57.157242+00:00,door_event,,,combined,,CLOSE
2026-08-08T18:09:58.401947+00:00,temperature,35.947,4.0,combined,,
2026-08-08T18:09:58.401947+00:00,vibration_rms,,,combined,1.021,
2026-08-08T18:09:59.778829+00:00,temperature,35.344,4.0,combined,,
2026-08-08T18:10:00.986992+00:00,temperature,35.768,4.0,combined,,
2026-08-08T18:10:00.986992+00:00,vibration_rms,,,combined,1.346,
2026-08-08T18:10:02.434555+00:00,temperature,35.462,4.0,combined,,
2026-08-08T18:10:03.659060+00:00,temperature,36.049,4.0,combined,,
2026-08-08T18:10:03.659060+00:00,vibration_rms,,,combined,1.102,
2026-08-08T18:10:05.167120+00:00,temperature,35.896,4.0,combined,,
2026-08-08T18:10:06.356861+00:00,temperature,35.724,4.0,combined,,
2026-08-08T18:10:06.356861+00:00,vibration_rms,,,combined,1.332,
2026-08-08T18:10:07.859095+00:00,temperature,36.216,4.0,combined,,
2026-08-08T18:10:09.103305+00:00,temperature,36.314,4.0,combined,,
2026-08-08T18:10:09.103305+00:00,vibration_rms,,,combined,1.273,
2026-08-08T18:10:10.500597+00:00,temperature,36.767,4.0,combined,,
2026-08-08T18:10:11.724357+00:00,temperature,36.624,4.0,combined,,
2026-08-08T18:10:11.724357+00:00,vibration_rms,,,combined,1.301,
2026-08-08T18:10:13.126981+00:00,temperature,36.614,4.0,combined,,
2026-08-08T18:10:14.310600+00:00,temperature,36.385,4.0,combined,,
2026-08-08T18:10:14.310600+00:00,vibration_rms,,,combined,1.111,
2026-08-08T18:10:15.782716+00:00,temperature,36.404,4.0,combined,,
2026-08-08T18:10:17.017540+00:00,temperature,36.749,4.0,combined,,
2026-08-08T18:10:17.017540+00:00,vibration_rms,,,combined,1.09,
2026-08-08T18:10:18.484224+00:00,temperature,36.902,4.0,combined,,
2026-08-08T18:10:19.713309+00:00,temperature,36.921,4.0,combined,,
2026-08-08T18:10:19.713309+00:00,vibration_rms,,,combined,1.35,
2026-08-08T18:10:21.182599+00:00,temperature,36.824,4.0,combined,,
2026-08-08T18:10:22.377818+00:00,temperature,37.365,4.0,combined,,
2026-08-08T18:10:22.377818+00:00,vibration_rms,,,combined,1.019,
2026-08-08T18:10:23.913906+00:00,temperature,37.132,4.0,combined,,
2026-08-08T18:10:25.135615+00:00,temperature,36.874,4.0,combined,,
2026-08-08T18:10:25.135615+00:00,vibration_rms,,,combined,1.342,
2026-08-08T18:10:26.506304+00:00,temperature,36.715,4.0,combined,,
2026-08-08T18:10:27.771934+00:00,temperature,37.555,4.0,combined,,
2026-08-08T18:10:27.771934+00:00,vibration_rms,,,combined,1.197,
2026-08-08T18:10:29.313375+00:00,temperature,36.914,4.0,combined,,
2026-08-08T18:10:30.572437+00:00,temperature,37.758,4.0,combined,,
2026-08-08T18:10:30.572437+00:00,vibration_rms,,,combined,1.22,
2026-08-08T18:10:31.880370+00:00,temperature,37.981,4.0,combined,,
2026-08-08T18:10:33.077182+00:00,temperature,37.35,4.0,combined,,
2026-08-08T18:10:33.077182+00:00,vibration_rms,,,combined,1.351,
2026-08-08T18:10:34.448359+00:00,temperature,38.229,4.0,combined,,
2026-08-08T18:10:35.634804+00:00,temperature,38.477,4.0,combined,,
2026-08-08T18:10:35.634804+00:00,vibration_rms,,,combined,1.296,
2026-08-08T18:10:37.028046+00:00,temperature,37.853,4.0,combined,,
2026-08-08T18:10:38.269707+00:00,temperature,37.841,4.0,combined,,
2026-08-08T18:10:38.269707+00:00,vibration_rms,,,combined,1.322,
2026-08-08T18:10:39.659275+00:00,temperature,38.466,4.0,combined,,
2026-08-08T18:10:40.973851+00:00,temperature,38.238,4.0,combined,,
2026-08-08T18:10:40.973851+00:00,vibration_rms,,,combined,1.19,
2026-08-08T18:10:42.346965+00:00,temperature,37.757,4.0,combined,,
2026-08-08T18:10:43.536529+00:00,temperature,38.665,4.0,combined,,
2026-08-08T18:10:43.536529+00:00,vibration_rms,,,combined,1.205,
2026-08-08T18:10:44.945075+00:00,temperature,38.295,4.0,combined,,
2026-08-08T18:10:46.178536+00:00,temperature,38.841,4.0,combined,,
2026-08-08T18:10:46.178536+00:00,vibration_rms,,,combined,1.38,
2026-08-08T18:10:47.523441+00:00,temperature,38.084,4.0,combined,,
2026-08-08T18:10:48.790586+00:00,temperature,38.639,4.0,combined,,
2026-08-08T18:10:48.790586+00:00,vibration_rms,,,combined,1.175,
2026-08-08T18:10:50.248726+00:00,temperature,38.745,4.0,combined,,
2026-08-08T18:10:51.433403+00:00,temperature,38.095,4.0,combined,,
2026-08-08T18:10:51.433403+00:00,vibration_rms,,,combined,1.1,
2026-08-08T18:10:52.860916+00:00,temperature,39.219,4.0,combined,,
2026-08-08T18:10:52.860916+00:00,door_event,,,combined,,CLOSE
2026-08-08T18:10:54.114922+00:00,temperature,39.102,4.0,combined,,
2026-08-08T18:10:54.114922+00:00,vibration_rms,,,combined,1.514,
2026-08-08T18:10:55.484708+00:00,temperature,39.419,4.0,combined,,
2026-08-08T18:10:56.667703+00:00,temperature,39.121,4.0,combined,,
2026-08-08T18:10:56.667703+00:00,vibration_rms,,,combined,1.354,
2026-08-08T18:10:58.071595+00:00,temperature,39.085,4.0,combined,,
2026-08-08T18:10:59.282136+00:00,temperature,39.464,4.0,combined,,
2026-08-08T18:10:59.282136+00:00,vibration_rms,,,combined,1.085,
2026-08-08T18:11:00.761935+00:00,temperature,39.228,4.0,combined,,
2026-08-08T18:11:02.023701+00:00,temperature,39.808,4.0,combined,,
2026-08-08T18:11:02.023701+00:00,vibration_rms,,,combined,1.143,
2026-08-08T18:11:03.446676+00:00,temperature,39.707,4.0,combined,,
2026-08-08T18:11:04.675427+00:00,temperature,39.419,4.0,combined,,
2026-08-08T18:11:04.675427+00:00,vibration_rms,,,combined,1.216,
2026-08-08T18:11:06.169471+00:00,temperature,39.318,4.0,combined,,
2026-08-08T18:11:07.384498+00:00,temperature,39.824,4.0,combined,,
2026-08-08T18:11:07.384498+00:00,vibration_rms,,,combined,1.427,
2026-08-08T18:11:08.700412+00:00,temperature,40.352,4.0,combined,,
2026-08-08T18:11:09.907259+00:00,temperature,39.946,4.0,combined,,
2026-08-08T18:11:09.907259+00:00,vibration_rms,,,combined,1.15,
2026-08-08T18:11:11.294020+00:00,temperature,40.105,4.0,combined,,
2026-08-08T18:11:12.482715+00:00,temperature,40.278,4.0,combined,,
2026-08-08T18:11:12.482715+00:00,vibration_rms,,,combined,1.036,
2026-08-08T18:11:13.926763+00:00,temperature,39.899,4.0,combined,,
2026-08-08T18:11:15.135726+00:00,temperature,39.945,4.0,combined,,
2026-08-08T18:11:15.135726+00:00,vibration_rms,,,combined,1.335,
2026-08-08T18:11:16.535777+00:00,temperature,40.064,4.0,combined,,
2026-08-08T18:11:17.726227+00:00,temperature,40.718,4.0,combined,,
2026-08-08T18:11:17.726227+00:00,vibration_rms,,,combined,1.16,
2026-08-08T18:11:19.094750+00:00,temperature,40.627,4.0,combined,,
2026-08-08T18:11:20.282811+00:00,temperature,40.906,4.0,combined,,
2026-08-08T18:11:20.282811+00:00,vibration_rms,,,combined,0.873,
2026-08-08T18:11:21.612686+00:00,temperature,40.764,4.0,combined,,
2026-08-08T18:11:22.838922+00:00,temperature,40.669,4.0,combined,,
2026-08-08T18:11:22.838922+00:00,vibration_rms,,,combined,1.242,
2026-08-08T18:11:24.249182+00:00,temperature,41.288,4.0,combined,,
2026-08-08T18:11:25.504030+00:00,temperature,40.483,4.0,combined,,
2026-08-08T18:11:25.504030+00:00,vibration_rms,,,combined,1.137,
2026-08-08T18:11:26.856926+00:00,temperature,40.857,4.0,combined,,
2026-08-08T18:11:28.024477+00:00,temperature,41.023,4.0,combined,,
2026-08-08T18:11:28.024477+00:00,vibration_rms,,,combined,1.287,
2026-08-08T18:11:29.394728+00:00,temperature,41.125,4.0,combined,,
2026-08-08T18:11:30.670848+00:00,temperature,41.507,4.0,combined,,
2026-08-08T18:11:30.670848+00:00,vibration_rms,,,combined,1.188,
2026-08-08T18:11:32.226926+00:00,temperature,41.553,4.0,combined,,
2026-08-08T18:11:33.401970+00:00,temperature,41.488,4.0,combined,,
2026-08-08T18:11:33.401970+00:00,vibration_rms,,,combined,1.459,
2026-08-08T18:11:34.769512+00:00,temperature,41.23,4.0,combined,,
2026-08-08T18:11:35.998998+00:00,temperature,41.54,4.0,combined,,
2026-08-08T18:11:35.998998+00:00,vibration_rms,,,combined,1.27,
2026-08-08T18:11:37.371529+00:00,temperature,41.688,4.0,combined,,
2026-08-08T18:11:38.536022+00:00,temperature,41.612,4.0,combined,,
2026-08-08T18:11:38.536022+00:00,vibration_rms,,,combined,1.374,
2026-08-08T18:11:38.536022+00:00,door_event,,,combined,,CLOSE
2026-08-08T18:11:40.036795+00:00,temperature,42.254,4.0,combined,,
2026-08-08T18:11:41.249786+00:00,temperature,42.339,4.0,combined,,
2026-08-08T18:11:41.249786+00:00,vibration_rms,,,combined,1.114,
2026-08-08T18:11:42.591423+00:00,temperature,42.096,4.0,combined,,
2026-08-08T18:11:43.851786+00:00,temperature,41.576,4.0,combined,,
2026-08-08T18:11:43.851786+00:00,vibration_rms,,,combined,1.09,
2026-08-08T18:11:45.224695+00:00,temperature,41.808,4.0,combined,,
2026-08-08T18:11:46.458541+00:00,temperature,42.314,4.0,combined,,
2026-08-08T18:11:46.458541+00:00,vibration_rms,,,combined,1.038,
2026-08-08T18:11:46.458541+00:00,door_event,,,combined,,CLOSE
2026-08-08T18:11:47.807469+00:00,temperature,41.755,4.0,combined,,
2026-08-08T18:11:49.017425+00:00,temperature,42.042,4.0,combined,,
2026-08-08T18:11:49.017425+00:00,vibration_rms,,,combined,0.984,
2026-08-08T18:11:50.379971+00:00,temperature,42.279,4.0,combined,,
2026-08-08T18:11:51.606724+00:00,temperature,42.28,4.0,combined,,
2026-08-08T18:11:51.606724+00:00,vibration_rms,,,combined,1.197,
2026-08-08T18:11:52.965125+00:00,temperature,42.412,4.0,combined,,
2026-08-08T18:11:52.965125+00:00,door_event,,,combined,,CLOSE
2026-08-08T18:11:54.200324+00:00,temperature,42.529,4.0,combined,,
2026-08-08T18:11:54.200324+00:00,vibration_rms,,,combined,1.442,
2026-08-08T18:11:55.741770+00:00,temperature,42.763,4.0,combined,,
2026-08-08T18:11:56.964061+00:00,temperature,42.714,4.0,combined,,
2026-08-08T18:11:56.964061+00:00,vibration_rms,,,combined,1.244,
2026-08-08T18:11:58.384941+00:00,temperature,43.014,4.0,combined,,
2026-08-08T18:11:59.563894+00:00,temperature,43.318,4.0,combined,,
2026-08-08T18:11:59.563894+00:00,vibration_rms,,,combined,0.946,
2026-08-08T18:12:00.925423+00:00,temperature,42.807,4.0,combined,,
2026-08-08T18:12:02.128183+00:00,temperature,42.455,4.0,combined,,
2026-08-08T18:12:02.128183+00:00,vibration_rms,,,combined,1.228,
2026-08-08T18:12:03.526768+00:00,temperature,43.205,4.0,combined,,
2026-08-08T18:12:04.718725+00:00,temperature,43.173,4.0,combined,,
2026-08-08T18:12:04.718725+00:00,vibration_rms,,,combined,1.06,
2026-08-08T18:12:06.120338+00:00,temperature,43.184,4.0,combined,,
2026-08-08T18:12:07.315082+00:00,temperature,43.264,4.0,combined,,
2026-08-08T18:12:07.315082+00:00,vibration_rms,,,combined,1.252,
2026-08-08T18:12:08.762115+00:00,temperature,43.153,4.0,combined,,
2026-08-08T18:12:09.971373+00:00,temperature,43.991,4.0,combined,,
2026-08-08T18:12:09.971373+00:00,vibration_rms,,,combined,1.163,
2026-08-08T18:12:11.359421+00:00,temperature,44.287,4.0,combined,,
2026-08-08T18:12:12.552952+00:00,temperature,43.372,4.0,combined,,
2026-08-08T18:12:12.552952+00:00,vibration_rms,,,combined,1.121,
2026-08-08T18:12:13.906784+00:00,temperature,43.769,4.0,combined,,
2026-08-08T18:12:15.128768+00:00,temperature,44.362,4.0,combined,,
2026-08-08T18:12:15.128768+00:00,vibration_rms,,,combined,1.271,
2026-08-08T18:12:16.532326+00:00,temperature,44.176,4.0,combined,,
2026-08-08T18:12:17.715166+00:00,temperature,43.606,4.0,combined,,
2026-08-08T18:12:17.715166+00:00,vibration_rms,,,combined,1.098,
2026-08-08T18:12:19.162399+00:00,temperature,44.263,4.0,combined,,
2026-08-08T18:12:20.352612+00:00,temperature,44.392,4.0,combined,,
2026-08-08T18:12:20.352612+00:00,vibration_rms,,,combined,1.445,
2026-08-08T18:12:21.685707+00:00,temperature,44.422,4.0,combined,,
2026-08-08T18:12:22.882062+00:00,temperature,44.734,4.0,combined,,
2026-08-08T18:12:22.882062+00:00,vibration_rms,,,combined,0.866,
2026-08-08T18:12:24.252323+00:00,temperature,44.866,4.0,combined,,
2026-08-08T18:12:25.461547+00:00,temperature,43.897,4.0,combined,,
2026-08-08T18:12:25.461547+00:00,vibration_rms,,,combined,1.263,
2026-08-08T18:12:26.808782+00:00,temperature,45.059,4.0,combined,,
2026-08-08T18:12:28.009478+00:00,temperature,44.989,4.0,combined,,
2026-08-08T18:12:28.009478+00:00,vibration_rms,,,combined,1.166,
2026-08-08T18:12:29.397786+00:00,temperature,44.47,4.0,combined,,
2026-08-08T18:12:30.674412+00:00,temperature,45.245,4.0,combined,,
2026-08-08T18:12:30.674412+00:00,vibration_rms,,,combined,1.248,
2026-08-08T18:12:32.051975+00:00,temperature,44.893,4.0,combined,,
2026-08-08T18:12:33.240184+00:00,temperature,45.522,4.0,combined,,
2026-08-08T18:12:33.240184+00:00,vibration_rms,,,combined,0.982,
2026-08-08T18:12:34.655366+00:00,temperature,45.167,4.0,combined,,
2026-08-08T18:12:35.830131+00:00,temperature,45.096,4.0,combined,,
2026-08-08T18:12:35.830131+00:00,vibration_rms,,,combined,1.107,
2026-08-08T18:12:37.333164+00:00,temperature,45.428,4.0,combined,,
2026-08-08T18:12:38.556523+00:00,temperature,45.499,4.0,combined,,
2026-08-08T18:12:38.556523+00:00,vibration_rms,,,combined,1.256,
2026-08-08T18:12:38.556523+00:00,door_event,,,combined,,CLOSE
2026-08-08T18:12:39.873322+00:00,temperature,45.308,4.0,combined,,
2026-08-08T18:12:41.054218+00:00,temperature,44.911,4.0,combined,,
2026-08-08T18:12:41.054218+00:00,vibration_rms,,,combined,1.15,
2026-08-08T18:12:42.425473+00:00,temperature,45.846,4.0,combined,,
2026-08-08T18:12:43.809447+00:00,temperature,46.04,4.0,combined,,
2026-08-08T18:12:43.809447+00:00,vibration_rms,,,combined,1.237,
2026-08-08T18:12:45.453189+00:00,temperature,45.37,4.0,combined,,
2026-08-08T18:12:47.187590+00:00,temperature,45.92,4.0,combined,,
2026-08-08T18:12:47.187590+00:00,vibration_rms,,,combined,1.558,
2026-08-08T18:12:49.653658+00:00,temperature,45.999,4.0,combined,,
2026-08-08T18:12:51.156361+00:00,temperature,46.249,4.0,combined,,
2026-08-08T18:12:51.156361+00:00,vibration_rms,,,combined,1.401,
2026-08-08T18:12:53.156914+00:00,temperature,45.705,4.0,combined,,
2026-08-08T18:12:54.350463+00:00,temperature,46.228,4.0,combined,,
2026-08-08T18:12:54.350463+00:00,vibration_rms,,,combined,1.478,
2026-08-08T18:12:55.719592+00:00,temperature,46.543,4.0,combined,,
2026-08-08T18:12:56.884101+00:00,temperature,46.307,4.0,combined,,
2026-08-08T18:12:56.884101+00:00,vibration_rms,,,combined,1.383,
2026-08-08T18:12:58.207183+00:00,temperature,46.609,4.0,combined,,
2026-08-08T18:12:59.387521+00:00,temperature,46.817,4.0,combined,,
2026-08-08T18:12:59.387521+00:00,vibration_rms,,,combined,1.086,
2026-08-08T18:13:00.751095+00:00,temperature,46.33,4.0,combined,,
2026-08-08T18:13:02.024404+00:00,temperature,46.733,4.0,combined,,
2026-08-08T18:13:02.024404+00:00,vibration_rms,,,combined,1.174,
2026-08-08T18:13:03.368232+00:00,temperature,46.706,4.0,combined,,
2026-08-08T18:13:04.574859+00:00,temperature,46.764,4.0,combined,,
2026-08-08T18:13:04.574859+00:00,vibration_rms,,,combined,1.223,
2026-08-08T18:13:05.978450+00:00,temperature,47.117,4.0,combined,,
2026-08-08T18:13:05.978450+00:00,door_event,,,combined,,CLOSE
2026-08-08T18:13:07.185734+00:00,temperature,46.71,4.0,combined,,
2026-08-08T18:13:07.185734+00:00,vibration_rms,,,combined,1.29,
2026-08-08T18:13:08.561894+00:00,temperature,47.05,4.0,combined,,
2026-08-08T18:13:09.766562+00:00,temperature,46.891,4.0,combined,,
2026-08-08T18:13:09.766562+00:00,vibration_rms,,,combined,1.313,
2026-08-08T18:13:11.131850+00:00,temperature,47.054,4.0,combined,,
2026-08-08T18:13:12.329973+00:00,temperature,47.531,4.0,combined,,
2026-08-08T18:13:12.329973+00:00,vibration_rms,,,combined,0.872,
2026-08-08T18:13:13.711728+00:00,temperature,47.01,4.0,combined,,
2026-08-08T18:13:14.963508+00:00,temperature,47.259,4.0,combined,,
2026-08-08T18:13:14.963508+00:00,vibration_rms,,,combined,1.485,
2026-08-08T18:13:16.343577+00:00,temperature,47.677,4.0,combined,,
2026-08-08T18:13:17.543605+00:00,temperature,47.549,4.0,combined,,
2026-08-08T18:13:17.543605+00:00,vibration_rms,,,combined,1.216,
2026-08-08T18:13:18.959215+00:00,temperature,47.982,4.0,combined,,
2026-08-08T18:13:20.177829+00:00,temperature,47.756,4.0,combined,,
2026-08-08T18:13:20.177829+00:00,vibration_rms,,,combined,1.324,
2026-08-08T18:13:21.680093+00:00,temperature,48.536,4.0,combined,,
2026-08-08T18:13:22.903314+00:00,temperature,48.097,4.0,combined,,
2026-08-08T18:13:22.903314+00:00,vibration_rms,,,combined,1.301,
2026-08-08T18:13:24.412506+00:00,temperature,47.864,4.0,combined,,
2026-08-08T18:13:25.680272+00:00,temperature,48.651,4.0,combined,,
2026-08-08T18:13:25.680272+00:00,vibration_rms,,,combined,0.949,
2026-08-08T18:13:27.202695+00:00,temperature,48.299,4.0,combined,,
2026-08-08T18:13:28.413257+00:00,temperature,48.204,4.0,combined,,
2026-08-08T18:13:28.413257+00:00,vibration_rms,,,combined,1.095,
2026-08-08T18:13:29.943782+00:00,temperature,47.902,4.0,combined,,
2026-08-08T18:13:31.255277+00:00,temperature,48.91,4.0,combined,,
2026-08-08T18:13:31.255277+00:00,vibration_rms,,,combined,1.148,
2026-08-08T18:13:32.665173+00:00,temperature,48.432,4.0,combined,,
2026-08-08T18:13:33.829575+00:00,temperature,48.477,4.0,combined,,
2026-08-08T18:13:33.829575+00:00,vibration_rms,,,combined,1.388,
2026-08-08T18:13:35.174602+00:00,temperature,48.288,4.0,combined,,
2026-08-08T18:13:36.399159+00:00,temperature,48.583,4.0,combined,,
2026-08-08T18:13:36.399159+00:00,vibration_rms,,,combined,0.993,
2026-08-08T18:13:37.766728+00:00,temperature,48.41,4.0,combined,,
2026-08-08T18:13:38.979793+00:00,temperature,48.991,4.0,combined,,
2026-08-08T18:13:38.979793+00:00,vibration_rms,,,combined,1.128,
2026-08-08T18:13:40.458933+00:00,temperature,48.982,4.0,combined,,
2026-08-08T18:13:41.694512+00:00,temperature,49.045,4.0,combined,,
2026-08-08T18:13:41.694512+00:00,vibration_rms,,,combined,1.364,
2026-08-08T18:13:43.164020+00:00,temperature,49.158,4.0,combined,,
2026-08-08T18:13:44.331611+00:00,temperature,48.951,4.0,combined,,
2026-08-08T18:13:44.331611+00:00,vibration_rms,,,combined,1.281,
2026-08-08T18:13:45.680792+00:00,temperature,49.557,4.0,combined,,
2026-08-08T18:13:46.900143+00:00,temperature,48.916,4.0,combined,,
2026-08-08T18:13:46.900143+00:00,vibration_rms,,,combined,1.178,
2026-08-08T18:13:48.246958+00:00,temperature,49.327,4.0,combined,,
2026-08-08T18:13:49.434613+00:00,temperature,49.85,4.0,combined,,
2026-08-08T18:13:49.434613+00:00,vibration_rms,,,combined,1.724,
2026-08-08T18:13:50.801361+00:00,temperature,49.71,4.0,combined,,
2026-08-08T18:13:52.008912+00:00,temperature,49.213,4.0,combined,,
2026-08-08T18:13:52.008912+00:00,vibration_rms,,,combined,1.225,
2026-08-08T18:13:53.419831+00:00,temperature,50.088,4.0,combined,,
2026-08-08T18:13:54.600789+00:00,temperature,49.743,4.0,combined,,
2026-08-08T18:13:54.600789+00:00,vibration_rms,,,combined,1.091,
2026-08-08T18:13:55.956646+00:00,temperature,50.092,4.0,combined,,
2026-08-08T18:13:57.202864+00:00,temperature,50.166,4.0,combined,,
2026-08-08T18:13:57.202864+00:00,vibration_rms,,,combined,0.998,
2026-08-08T18:13:58.843082+00:00,temperature,50.601,4.0,combined,,
2026-08-08T18:14:00.031327+00:00,temperature,50.212,4.0,combined,,
2026-08-08T18:14:00.031327+00:00,vibration_rms,,,combined,1.12,
2026-08-08T18:14:01.351804+00:00,temperature,50.139,4.0,combined,,
2026-08-08T18:14:02.691513+00:00,temperature,50.502,4.0,combined,,
2026-08-08T18:14:02.691513+00:00,vibration_rms,,,combined,1.311,
2026-08-08T18:14:02.691513+00:00,door_event,,,combined,,OPEN
2026-08-08T18:14:04.498517+00:00,temperature,50.483,4.0,combined,,
2026-08-08T18:14:05.868406+00:00,temperature,50.002,4.0,combined,,
2026-08-08T18:14:05.868406+00:00,vibration_rms,,,combined,1.376,
2026-08-08T18:14:07.401183+00:00,temperature,50.496,4.0,combined,,
2026-08-08T18:14:08.565699+00:00,temperature,50.951,4.0,combined,,
2026-08-08T18:14:08.565699+00:00,vibration_rms,,,combined,1.075,
2026-08-08T18:14:08.565699+00:00,door_event,,,combined,,CLOSE
2026-08-08T18:14:09.933849+00:00,temperature,50.571,4.0,combined,,
2026-08-08T18:14:11.125182+00:00,temperature,50.697,4.0,combined,,
2026-08-08T18:14:11.125182+00:00,vibration_rms,,,combined,1.375,
2026-08-08T18:14:12.533359+00:00,temperature,51.264,4.0,combined,,
2026-08-08T18:14:13.722534+00:00,temperature,50.933,4.0,combined,,
2026-08-08T18:14:13.722534+00:00,vibration_rms,,,combined,1.05,
2026-08-08T18:14:15.091684+00:00,temperature,51.215,4.0,combined,,
2026-08-08T18:14:16.287370+00:00,temperature,50.736,4.0,combined,,
2026-08-08T18:14:16.287370+00:00,vibration_rms,,,combined,1.038,
2026-08-08T18:14:17.633246+00:00,temperature,51.425,4.0,combined,,
2026-08-08T18:14:18.821775+00:00,temperature,51.153,4.0,combined,,
2026-08-08T18:14:18.821775+00:00,vibration_rms,,,combined,1.338,
2026-08-08T18:14:20.176701+00:00,temperature,51.537,4.0,combined,,
2026-08-08T18:14:21.399300+00:00,temperature,51.789,4.0,combined,,
2026-08-08T18:14:21.399300+00:00,vibration_rms,,,combined,1.308,
2026-08-08T18:14:22.814431+00:00,temperature,51.508,4.0,combined,,
2026-08-08T18:14:24.024589+00:00,temperature,52.176,4.0,combined,,
2026-08-08T18:14:24.024589+00:00,vibration_rms,,,combined,0.975,
2026-08-08T18:14:25.410370+00:00,temperature,51.276,4.0,combined,,
2026-08-08T18:14:26.600410+00:00,temperature,52.24,4.0,combined,,
2026-08-08T18:14:26.600410+00:00,vibration_rms,,,combined,1.222,
2026-08-08T18:14:28.101802+00:00,temperature,51.88,4.0,combined,,
2026-08-08T18:14:29.304648+00:00,temperature,51.528,4.0,combined,,
2026-08-08T18:14:29.304648+00:00,vibration_rms,,,combined,1.212,
2026-08-08T18:14:30.725823+00:00,temperature,52.232,4.0,combined,,
2026-08-08T18:14:31.889098+00:00,temperature,51.49,4.0,combined,,
2026-08-08T18:14:31.889098+00:00,vibration_rms,,,combined,1.201,
2026-08-08T18:14:33.314449+00:00,temperature,52.286,4.0,combined,,
2026-08-08T18:14:34.511896+00:00,temperature,51.966,4.0,combined,,
2026-08-08T18:14:34.511896+00:00,vibration_rms,,,combined,1.301,
2026-08-08T18:14:35.867457+00:00,temperature,52.174,4.0,combined,,
2026-08-08T18:14:37.080957+00:00,temperature,52.396,4.0,combined,,
2026-08-08T18:14:37.080957+00:00,vibration_rms,,,combined,0.994,
2026-08-08T18:14:38.448242+00:00,temperature,52.171,4.0,combined,,
2026-08-08T18:14:38.448242+00:00,door_event,,,combined,,OPEN
2026-08-08T18:14:39.636690+00:00,temperature,52.204,4.0,combined,,
2026-08-08T18:14:39.636690+00:00,vibration_rms,,,combined,1.227,
2026-08-08T18:14:40.999629+00:00,temperature,52.522,4.0,combined,,
2026-08-08T18:14:42.179930+00:00,temperature,52.927,4.0,combined,,
2026-08-08T18:14:42.179930+00:00,vibration_rms,,,combined,1.07,
2026-08-08T18:14:43.595230+00:00,temperature,52.88,4.0,combined,,
2026-08-08T18:14:44.777901+00:00,temperature,52.911,4.0,combined,,
2026-08-08T18:14:44.777901+00:00,vibration_rms,,,combined,1.303,
2026-08-08T18:14:46.155741+00:00,temperature,52.613,4.0,combined,,
2026-08-08T18:14:47.312236+00:00,temperature,53.188,4.0,combined,,
2026-08-08T18:14:47.312236+00:00,vibration_rms,,,combined,1.401,
2026-08-08T18:14:48.678389+00:00,temperature,52.491,4.0,combined,,
2026-08-08T18:14:49.882264+00:00,temperature,53.088,4.0,combined,,
2026-08-08T18:14:49.882264+00:00,vibration_rms,,,combined,1.196,
2026-08-08T18:14:51.293631+00:00,temperature,53.69,4.0,combined,,
2026-08-08T18:14:52.504259+00:00,temperature,53.279,4.0,combined,,
2026-08-08T18:14:52.504259+00:00,vibration_rms,,,combined,1.278,
2026-08-08T18:14:53.940761+00:00,temperature,53.572,4.0,combined,,
2026-08-08T18:14:55.112418+00:00,temperature,53.773,4.0,combined,,
2026-08-08T18:14:55.112418+00:00,vibration_rms,,,combined,1.227,
2026-08-08T18:14:56.475812+00:00,temperature,53.524,4.0,combined,,
2026-08-08T18:14:57.670546+00:00,temperature,53.853,4.0,combined,,
2026-08-08T18:14:57.670546+00:00,vibration_rms,,,combined,1.331,
2026-08-08T18:14:59.099332+00:00,temperature,53.307,4.0,combined,,
2026-08-08T18:15:00.274824+00:00,temperature,53.964,4.0,combined,,
2026-08-08T18:15:00.274824+00:00,vibration_rms,,,combined,0.872,
2026-08-08T18:15:00.274824+00:00,door_event,,,combined,,OPEN
2026-08-08T18:15:01.649949+00:00,temperature,53.629,4.0,combined,,
2026-08-08T18:15:03.114327+00:00,temperature,54.392,4.0,combined,,
2026-08-08T18:15:03.114327+00:00,vibration_rms,,,combined,1.37,
2026-08-08T18:15:04.727520+00:00,temperature,54.21,4.0,combined,,
2026-08-08T18:15:05.970347+00:00,temperature,54.065,4.0,combined,,
2026-08-08T18:15:05.970347+00:00,vibration_rms,,,combined,1.165,
2026-08-08T18:15:07.316130+00:00,temperature,54.877,4.0,combined,,
2026-08-08T18:15:09.251689+00:00,temperature,54.523,4.0,combined,,
2026-08-08T18:15:09.251689+00:00,vibration_rms,,,combined,1.179,
2026-08-08T18:15:10.760502+00:00,temperature,54.303,4.0,combined,,
2026-08-08T18:15:11.982044+00:00,temperature,55.194,4.0,combined,,
2026-08-08T18:15:11.982044+00:00,vibration_rms,,,combined,1.186,
2026-08-08T18:15:13.365328+00:00,temperature,54.39,4.0,combined,,
2026-08-08T18:15:14.616470+00:00,temperature,54.521,4.0,combined,,
2026-08-08T18:15:14.616470+00:00,vibration_rms,,,combined,1.305,
2026-08-08T18:15:16.194558+00:00,temperature,54.545,4.0,combined,,
2026-08-08T18:15:17.420959+00:00,temperature,54.671,4.0,combined,,
2026-08-08T18:15:17.420959+00:00,vibration_rms,,,combined,1.285,
2026-08-08T18:15:18.787566+00:00,temperature,54.279,4.0,combined,,
2026-08-08T18:15:18.787566+00:00,door_event,,,combined,,OPEN
2026-08-08T18:15:20.032975+00:00,temperature,55.276,4.0,combined,,
2026-08-08T18:15:20.032975+00:00,vibration_rms,,,combined,1.225,
2026-08-08T18:15:21.506215+00:00,temperature,55.128,4.0,combined,,
2026-08-08T18:15:22.716337+00:00,temperature,54.638,4.0,combined,,
2026-08-08T18:15:22.716337+00:00,vibration_rms,,,combined,1.118,
2026-08-08T18:15:24.098006+00:00,temperature,54.955,4.0,combined,,
2026-08-08T18:15:25.305290+00:00,temperature,55.136,4.0,combined,,
2026-08-08T18:15:25.305290+00:00,vibration_rms,,,combined,0.989,
2026-08-08T18:15:26.751264+00:00,temperature,55.478,4.0,combined,,
2026-08-08T18:15:27.954316+00:00,temperature,55.461,4.0,combined,,
2026-08-08T18:15:27.954316+00:00,vibration_rms,,,combined,1.185,
2026-08-08T18:15:29.331035+00:00,temperature,55.71,4.0,combined,,
2026-08-08T18:15:30.542818+00:00,temperature,55.337,4.0,combined,,
2026-08-08T18:15:30.542818+00:00,vibration_rms,,,combined,1.186,
2026-08-08T18:15:31.998968+00:00,temperature,55.366,4.0,combined,,
2026-08-08T18:15:33.197489+00:00,temperature,55.95,4.0,combined,,
2026-08-08T18:15:33.197489+00:00,vibration_rms,,,combined,0.992,
2026-08-08T18:15:34.578267+00:00,temperature,55.91,4.0,combined,,
2026-08-08T18:15:35.799740+00:00,temperature,55.779,4.0,combined,,
2026-08-08T18:15:35.799740+00:00,vibration_rms,,,combined,1.287,
2026-08-08T18:15:37.220316+00:00,temperature,55.774,4.0,combined,,
2026-08-08T18:15:38.418885+00:00,temperature,56.673,4.0,combined,,
2026-08-08T18:15:38.418885+00:00,vibration_rms,,,combined,1.274,
2026-08-08T18:15:39.798358+00:00,temperature,56.44,4.0,combined,,
2026-08-08T18:15:41.065102+00:00,temperature,56.484,4.0,combined,,
2026-08-08T18:15:41.065102+00:00,vibration_rms,,,combined,1.604,
2026-08-08T18:15:42.467636+00:00,temperature,56.138,4.0,combined,,
2026-08-08T18:15:43.676055+00:00,temperature,57.206,4.0,combined,,
2026-08-08T18:15:43.676055+00:00,vibration_rms,,,combined,1.566,
2026-08-08T18:15:45.030073+00:00,temperature,55.868,4.0,combined,,
2026-08-08T18:15:46.295828+00:00,temperature,56.66,4.0,combined,,
2026-08-08T18:15:46.295828+00:00,vibration_rms,,,combined,0.959,
2026-08-08T18:15:47.733793+00:00,temperature,56.758,4.0,combined,,
2026-08-08T18:15:48.966317+00:00,temperature,56.366,4.0,combined,,
2026-08-08T18:15:48.966317+00:00,vibration_rms,,,combined,1.452,
2026-08-08T18:15:50.418393+00:00,temperature,56.819,4.0,combined,,
2026-08-08T18:15:51.652088+00:00,temperature,56.899,4.0,combined,,
2026-08-08T18:15:51.652088+00:00,vibration_rms,,,combined,1.166,
2026-08-08T18:15:53.030231+00:00,temperature,57.069,4.0,combined,,
2026-08-08T18:15:54.210253+00:00,temperature,57.632,4.0,combined,,
2026-08-08T18:15:54.210253+00:00,vibration_rms,,,combined,1.235,
2026-08-08T18:15:55.597310+00:00,temperature,57.376,4.0,combined,,
2026-08-08T18:15:56.822251+00:00,temperature,57.017,4.0,combined,,
2026-08-08T18:15:56.822251+00:00,vibration_rms,,,combined,1.347,
2026-08-08T18:15:58.198960+00:00,temperature,56.804,4.0,combined,,
2026-08-08T18:15:59.430576+00:00,temperature,57.158,4.0,combined,,
2026-08-08T18:15:59.430576+00:00,vibration_rms,,,combined,1.193,
2026-08-08T18:16:00.829474+00:00,temperature,56.663,4.0,combined,,
2026-08-08T18:16:02.050811+00:00,temperature,57.56,4.0,combined,,
2026-08-08T18:16:02.050811+00:00,vibration_rms,,,combined,1.31,
2026-08-08T18:16:03.444965+00:00,temperature,57.488,4.0,combined,,
2026-08-08T18:16:04.649286+00:00,temperature,57.73,4.0,combined,,
2026-08-08T18:16:04.649286+00:00,vibration_rms,,,combined,0.931,
2026-08-08T18:16:06.052386+00:00,temperature,58.07,4.0,combined,,
2026-08-08T18:16:07.289866+00:00,temperature,57.761,4.0,combined,,
2026-08-08T18:16:07.289866+00:00,vibration_rms,,,combined,1.26,
2026-08-08T18:16:08.719517+00:00,temperature,58.071,4.0,combined,,
2026-08-08T18:16:09.932922+00:00,temperature,58.21,4.0,combined,,
2026-08-08T18:16:09.932922+00:00,vibration_rms,,,combined,1.392,
2026-08-08T18:16:11.321530+00:00,temperature,58.092,4.0,combined,,
2026-08-08T18:16:12.555329+00:00,temperature,58.644,4.0,combined,,
2026-08-08T18:16:12.555329+00:00,vibration_rms,,,combined,1.212,
2026-08-08T18:16:13.933620+00:00,temperature,58.449,4.0,combined,,
2026-08-08T18:16:15.127161+00:00,temperature,58.48,4.0,combined,,
2026-08-08T18:16:15.127161+00:00,vibration_rms,,,combined,1.23,
2026-08-08T18:16:16.519455+00:00,temperature,57.83,4.0,combined,,
2026-08-08T18:16:17.744897+00:00,temperature,58.423,4.0,combined,,
2026-08-08T18:16:17.744897+00:00,vibration_rms,,,combined,1.195,
2026-08-08T18:16:19.152933+00:00,temperature,58.512,4.0,combined,,
2026-08-08T18:16:20.353288+00:00,temperature,58.74,4.0,combined,,
2026-08-08T18:16:20.353288+00:00,vibration_rms,,,combined,1.346,
2026-08-08T18:16:21.781345+00:00,temperature,58.415,4.0,combined,,
2026-08-08T18:16:23.045469+00:00,temperature,59.222,4.0,combined,,
2026-08-08T18:16:23.045469+00:00,vibration_rms,,,combined,1.215,
2026-08-08T18:16:24.454422+00:00,temperature,58.016,4.0,combined,,
2026-08-08T18:16:24.454422+00:00,door_event,,,combined,,CLOSE
2026-08-08T18:16:25.645995+00:00,temperature,58.738,4.0,combined,,
2026-08-08T18:16:25.645995+00:00,vibration_rms,,,combined,1.4,
2026-08-08T18:16:27.033723+00:00,temperature,58.666,4.0,combined,,
2026-08-08T18:16:28.256075+00:00,temperature,58.911,4.0,combined,,
2026-08-08T18:16:28.256075+00:00,vibration_rms,,,combined,1.117,
2026-08-08T18:16:29.708834+00:00,temperature,58.711,4.0,combined,,
2026-08-08T18:16:30.911594+00:00,temperature,59.061,4.0,combined,,
2026-08-08T18:16:30.911594+00:00,vibration_rms,,,combined,1.324,
2026-08-08T18:16:32.309691+00:00,temperature,58.99,4.0,combined,,
2026-08-08T18:16:33.523224+00:00,temperature,59.311,4.0,combined,,
2026-08-08T18:16:33.523224+00:00,vibration_rms,,,combined,1.035,
2026-08-08T18:16:34.912125+00:00,temperature,59.12,4.0,combined,,
2026-08-08T18:16:36.096719+00:00,temperature,59.896,4.0,combined,,
2026-08-08T18:16:36.096719+00:00,vibration_rms,,,combined,1.167,
2026-08-08T18:16:37.569094+00:00,temperature,59.671,4.0,combined,,
2026-08-08T18:16:37.569094+00:00,door_event,,,combined,,CLOSE
2026-08-08T18:16:38.823704+00:00,temperature,59.845,4.0,combined,,
2026-08-08T18:16:38.823704+00:00,vibration_rms,,,combined,0.898,
2026-08-08T18:16:40.213322+00:00,temperature,60.082,4.0,combined,,
2026-08-08T18:16:41.411843+00:00,temperature,59.878,4.0,combined,,
2026-08-08T18:16:41.411843+00:00,vibration_rms,,,combined,1.235,
2026-08-08T18:16:42.798086+00:00,temperature,59.724,4.0,combined,,
2026-08-08T18:16:44.020783+00:00,temperature,60.401,4.0,combined,,
2026-08-08T18:16:44.020783+00:00,vibration_rms,,,combined,1.13,
2026-08-08T18:16:45.402382+00:00,temperature,59.987,4.0,combined,,
2026-08-08T18:16:46.624173+00:00,temperature,59.997,4.0,combined,,
2026-08-08T18:16:46.624173+00:00,vibration_rms,,,combined,1.171,
2026-08-08T18:16:47.987445+00:00,temperature,60.352,4.0,combined,,
2026-08-08T18:16:49.191715+00:00,temperature,60.32,4.0,combined,,
2026-08-08T18:16:49.191715+00:00,vibration_rms,,,combined,1.129,
2026-08-08T18:16:50.599411+00:00,temperature,60.053,4.0,combined,,
2026-08-08T18:16:51.790648+00:00,temperature,60.494,4.0,combined,,
2026-08-08T18:16:51.790648+00:00,vibration_rms,,,combined,1.38,
2026-08-08T18:16:53.191048+00:00,temperature,60.877,4.0,combined,,
2026-08-08T18:16:54.422742+00:00,temperature,60.795,4.0,combined,,
2026-08-08T18:16:54.422742+00:00,vibration_rms,,,combined,1.33,
2026-08-08T18:16:55.779736+00:00,temperature,60.943,4.0,combined,,
2026-08-08T18:16:56.963889+00:00,temperature,61.288,4.0,combined,,
2026-08-08T18:16:56.963889+00:00,vibration_rms,,,combined,1.273,
2026-08-08T18:16:58.336131+00:00,temperature,60.941,4.0,combined,,
2026-08-08T18:16:58.336131+00:00,door_event,,,combined,,CLOSE
2026-08-08T18:16:59.559092+00:00,temperature,61.025,4.0,combined,,
2026-08-08T18:16:59.559092+00:00,vibration_rms,,,combined,0.944,
2026-08-08T18:17:00.988897+00:00,temperature,61.619,4.0,combined,,
2026-08-08T18:17:00.988897+00:00,door_event,,,combined,,OPEN
2026-08-08T18:17:02.215979+00:00,temperature,61.146,4.0,combined,,
2026-08-08T18:17:02.215979+00:00,vibration_rms,,,combined,1.37,
2026-08-08T18:17:03.580374+00:00,temperature,61.473,4.0,combined,,
2026-08-08T18:17:04.813511+00:00,temperature,61.31,4.0,combined,,
2026-08-08T18:17:04.813511+00:00,vibration_rms,,,combined,1.102,
2026-08-08T18:17:06.213587+00:00,temperature,61.396,4.0,combined,,
2026-08-08T18:17:06.213587+00:00,door_event,,,combined,,OPEN
2026-08-08T18:17:07.422427+00:00,temperature,61.558,4.0,combined,,
2026-08-08T18:17:07.422427+00:00,vibration_rms,,,combined,1.308,
2026-08-08T18:17:08.800788+00:00,temperature,61.258,4.0,combined,,
2026-08-08T18:17:10.047781+00:00,temperature,61.61,4.0,combined,,
2026-08-08T18:17:10.047781+00:00,vibration_rms,,,combined,1.291,
2026-08-08T18:17:11.469714+00:00,temperature,61.644,4.0,combined,,
2026-08-08T18:17:12.675219+00:00,temperature,61.981,4.0,combined,,
2026-08-08T18:17:12.675219+00:00,vibration_rms,,,combined,1.137,
2026-08-08T18:17:14.048693+00:00,temperature,62.212,4.0,combined,,
2026-08-08T18:17:15.254519+00:00,temperature,61.555,4.0,combined,,
2026-08-08T18:17:15.254519+00:00,vibration_rms,,,combined,1.195,
2026-08-08T18:17:16.677933+00:00,temperature,62.094,4.0,combined,,
2026-08-08T18:17:17.880485+00:00,temperature,62.227,4.0,combined,,
2026-08-08T18:17:17.880485+00:00,vibration_rms,,,combined,1.392,
2026-08-08T18:17:19.293390+00:00,temperature,62.307,4.0,combined,,
2026-08-08T18:17:20.576077+00:00,temperature,62.53,4.0,combined,,
2026-08-08T18:17:20.576077+00:00,vibration_rms,,,combined,1.07,
2026-08-08T18:17:22.019109+00:00,temperature,62.514,4.0,combined,,
2026-08-08T18:17:23.214328+00:00,temperature,62.561,4.0,combined,,
2026-08-08T18:17:23.214328+00:00,vibration_rms,,,combined,1.157,
2026-08-08T18:17:24.648942+00:00,temperature,63.123,4.0,combined,,
2026-08-08T18:17:25.870021+00:00,temperature,62.886,4.0,combined,,
2026-08-08T18:17:25.870021+00:00,vibration_rms,,,combined,1.418,
2026-08-08T18:17:27.237477+00:00,temperature,62.936,4.0,combined,,
2026-08-08T18:17:28.423651+00:00,temperature,62.623,4.0,combined,,
2026-08-08T18:17:28.423651+00:00,vibration_rms,,,combined,1.231,
2026-08-08T18:17:29.846611+00:00,temperature,63.048,4.0,combined,,
2026-08-08T18:17:31.035074+00:00,temperature,63.258,4.0,combined,,
2026-08-08T18:17:31.035074+00:00,vibration_rms,,,combined,1.212,
2026-08-08T18:17:32.444260+00:00,temperature,63.386,4.0,combined,,
2026-08-08T18:17:33.645708+00:00,temperature,62.84,4.0,combined,,
2026-08-08T18:17:33.645708+00:00,vibration_rms,,,combined,1.347,
2026-08-08T18:17:35.023680+00:00,temperature,63.161,4.0,combined,,
2026-08-08T18:17:36.248338+00:00,temperature,63.626,4.0,combined,,
2026-08-08T18:17:36.248338+00:00,vibration_rms,,,combined,1.329,
2026-08-08T18:17:37.734655+00:00,temperature,63.831,4.0,combined,,
2026-08-08T18:17:38.897386+00:00,temperature,63.658,4.0,combined,,
2026-08-08T18:17:38.897386+00:00,vibration_rms,,,combined,1.043,
2026-08-08T18:17:40.209353+00:00,temperature,63.6,4.0,combined,,
2026-08-08T18:17:41.374784+00:00,temperature,63.428,4.0,combined,,
2026-08-08T18:17:41.374784+00:00,vibration_rms,,,combined,1.121,
2026-08-08T18:17:42.764566+00:00,temperature,63.317,4.0,combined,,
2026-08-08T18:17:44.014314+00:00,temperature,63.972,4.0,combined,,
2026-08-08T18:17:44.014314+00:00,vibration_rms,,,combined,1.309,
2026-08-08T18:17:45.397021+00:00,temperature,63.909,4.0,combined,,
2026-08-08T18:17:46.597693+00:00,temperature,63.694,4.0,combined,,
2026-08-08T18:17:46.597693+00:00,vibration_rms,,,combined,1.066,
2026-08-08T18:17:47.969025+00:00,temperature,64.121,4.0,combined,,
2026-08-08T18:17:49.204834+00:00,temperature,64.174,4.0,combined,,
2026-08-08T18:17:49.204834+00:00,vibration_rms,,,combined,1.029,
2026-08-08T18:17:50.556335+00:00,temperature,65.035,4.0,combined,,
2026-08-08T18:17:51.778614+00:00,temperature,63.875,4.0,combined,,
2026-08-08T18:17:51.778614+00:00,vibration_rms,,,combined,1.239,
2026-08-08T18:17:53.195543+00:00,temperature,64.187,4.0,combined,,
2026-08-08T18:17:54.417087+00:00,temperature,64.202,4.0,combined,,
2026-08-08T18:17:54.417087+00:00,vibration_rms,,,combined,1.088,
2026-08-08T18:17:55.799875+00:00,temperature,64.497,4.0,combined,,
2026-08-08T18:17:57.028083+00:00,temperature,64.551,4.0,combined,,
2026-08-08T18:17:57.028083+00:00,vibration_rms,,,combined,1.348,
2026-08-08T18:17:59.052058+00:00,temperature,65.233,4.0,combined,,
2026-08-08T18:18:00.602797+00:00,temperature,64.871,4.0,combined,,
2026-08-08T18:18:00.602797+00:00,vibration_rms,,,combined,1.194,
2026-08-08T18:18:01.994462+00:00,temperature,63.985,4.0,combined,,
2026-08-08T18:18:03.260963+00:00,temperature,65.096,4.0,combined,,
2026-08-08T18:18:03.260963+00:00,vibration_rms,,,combined,1.102,
2026-08-08T18:18:04.587933+00:00,temperature,64.805,4.0,combined,,
2026-08-08T18:18:04.587933+00:00,door_event,,,combined,,OPEN
2026-08-08T18:18:05.817455+00:00,temperature,65.132,4.0,combined,,
2026-08-08T18:18:05.817455+00:00,vibration_rms,,,combined,1.211,
2026-08-08T18:18:07.310563+00:00,temperature,65.27,4.0,combined,,
2026-08-08T18:18:08.543498+00:00,temperature,64.571,4.0,combined,,
2026-08-08T18:18:08.543498+00:00,vibration_rms,,,combined,0.71,
2026-08-08T18:18:09.903370+00:00,temperature,65.095,4.0,combined,,
2026-08-08T18:18:11.135114+00:00,temperature,65.413,4.0,combined,,
2026-08-08T18:18:11.135114+00:00,vibration_rms,,,combined,1.247,
2026-08-08T18:18:11.135114+00:00,door_event,,,combined,,CLOSE
2026-08-08T18:18:12.604627+00:00,temperature,65.584,4.0,combined,,
2026-08-08T18:18:13.867013+00:00,temperature,65.178,4.0,combined,,
2026-08-08T18:18:13.867013+00:00,vibration_rms,,,combined,1.206,
2026-08-08T18:18:15.291792+00:00,temperature,65.376,4.0,combined,,
2026-08-08T18:18:16.468102+00:00,temperature,65.562,4.0,combined,,
2026-08-08T18:18:16.468102+00:00,vibration_rms,,,combined,1.05,
2026-08-08T18:18:17.813475+00:00,temperature,66.242,4.0,combined,,
2026-08-08T18:18:19.070955+00:00,temperature,65.804,4.0,combined,,
2026-08-08T18:18:19.070955+00:00,vibration_rms,,,combined,1.49,
2026-08-08T18:18:20.461670+00:00,temperature,65.561,4.0,combined,,
2026-08-08T18:18:21.713960+00:00,temperature,66.38,4.0,combined,,
2026-08-08T18:18:21.713960+00:00,vibration_rms,,,combined,1.054,
2026-08-08T18:18:23.063622+00:00,temperature,66.251,4.0,combined,,
2026-08-08T18:18:24.244174+00:00,temperature,66.602,4.0,combined,,
2026-08-08T18:18:24.244174+00:00,vibration_rms,,,combined,1.233,
2026-08-08T18:18:24.244174+00:00,door_event,,,combined,,CLOSE
2026-08-08T18:18:25.640474+00:00,temperature,65.53,4.0,combined,,
2026-08-08T18:18:26.836268+00:00,temperature,66.455,4.0,combined,,
2026-08-08T18:18:26.836268+00:00,vibration_rms,,,combined,1.206,
2026-08-08T18:18:26.836268+00:00,door_event,,,combined,,CLOSE
2026-08-08T18:18:28.185181+00:00,temperature,66.44,4.0,combined,,
2026-08-08T18:18:29.434510+00:00,temperature,67.206,4.0,combined,,
2026-08-08T18:18:29.434510+00:00,vibration_rms,,,combined,1.402,
2026-08-08T18:18:30.832484+00:00,temperature,66.592,4.0,combined,,
2026-08-08T18:18:32.028991+00:00,temperature,66.641,4.0,combined,,
2026-08-08T18:18:32.028991+00:00,vibration_rms,,,combined,1.387,
2026-08-08T18:18:33.379699+00:00,temperature,67.341,4.0,combined,,
2026-08-08T18:18:34.603949+00:00,temperature,66.505,4.0,combined,,
2026-08-08T18:18:34.603949+00:00,vibration_rms,,,combined,1.194,
2026-08-08T18:18:36.037493+00:00,temperature,66.441,4.0,combined,,
2026-08-08T18:18:37.203993+00:00,temperature,67.054,4.0,combined,,
2026-08-08T18:18:37.203993+00:00,vibration_rms,,,combined,1.229,
2026-08-08T18:18:38.584512+00:00,temperature,67.469,4.0,combined,,
2026-08-08T18:18:39.818441+00:00,temperature,67.21,4.0,combined,,
2026-08-08T18:18:39.818441+00:00,vibration_rms,,,combined,1.258,
2026-08-08T18:18:41.220601+00:00,temperature,67.181,4.0,combined,,
2026-08-08T18:18:42.414202+00:00,temperature,67.634,4.0,combined,,
2026-08-08T18:18:42.414202+00:00,vibration_rms,,,combined,0.798,
2026-08-08T18:18:43.793086+00:00,temperature,67.785,4.0,combined,,
2026-08-08T18:18:45.016080+00:00,temperature,67.281,4.0,combined,,
2026-08-08T18:18:45.016080+00:00,vibration_rms,,,combined,1.236,
2026-08-08T18:18:46.456482+00:00,temperature,67.259,4.0,combined,,
2026-08-08T18:18:47.649995+00:00,temperature,67.796,4.0,combined,,
2026-08-08T18:18:47.649995+00:00,vibration_rms,,,combined,1.078,
2026-08-08T18:18:48.994489+00:00,temperature,68.478,4.0,combined,,
2026-08-08T18:18:50.190631+00:00,temperature,67.799,4.0,combined,,
2026-08-08T18:18:50.190631+00:00,vibration_rms,,,combined,1.126,
2026-08-08T18:18:51.530893+00:00,temperature,67.592,4.0,combined,,
2026-08-08T18:18:52.801587+00:00,temperature,67.898,4.0,combined,,
2026-08-08T18:18:52.801587+00:00,vibration_rms,,,combined,1.23,
2026-08-08T18:18:54.186390+00:00,temperature,68.649,4.0,combined,,
2026-08-08T18:18:54.186390+00:00,door_event,,,combined,,OPEN
2026-08-08T18:18:55.417397+00:00,temperature,67.652,4.0,combined,,
2026-08-08T18:18:55.417397+00:00,vibration_rms,,,combined,1.105,
2026-08-08T18:18:56.816251+00:00,temperature,68.304,4.0,combined,,
2026-08-08T18:18:58.035325+00:00,temperature,68.346,4.0,combined,,
2026-08-08T18:18:58.035325+00:00,vibration_rms,,,combined,1.037,
2026-08-08T18:18:59.450399+00:00,temperature,68.131,4.0,combined,,
2026-08-08T18:19:00.657422+00:00,temperature,68.444,4.0,combined,,
2026-08-08T18:19:00.657422+00:00,vibration_rms,,,combined,1.13,
2026-08-08T18:19:02.062556+00:00,temperature,68.168,4.0,combined,,
2026-08-08T18:19:03.251163+00:00,temperature,68.3,4.0,combined,,
2026-08-08T18:19:03.251163+00:00,vibration_rms,,,combined,1.094,
2026-08-08T18:19:04.659048+00:00,temperature,68.797,4.0,combined,,
2026-08-08T18:19:05.859991+00:00,temperature,68.79,4.0,combined,,
2026-08-08T18:19:05.859991+00:00,vibration_rms,,,combined,1.259,
2026-08-08T18:19:07.240229+00:00,temperature,68.657,4.0,combined,,
2026-08-08T18:19:08.443454+00:00,temperature,69.046,4.0,combined,,
2026-08-08T18:19:08.443454+00:00,vibration_rms,,,combined,1.109,
2026-08-08T18:19:09.818301+00:00,temperature,68.712,4.0,combined,,
2026-08-08T18:19:11.024286+00:00,temperature,69.088,4.0,combined,,
2026-08-08T18:19:11.024286+00:00,vibration_rms,,,combined,1.02,
2026-08-08T18:19:12.397620+00:00,temperature,68.934,4.0,combined,,
2026-08-08T18:19:13.579581+00:00,temperature,69.118,4.0,combined,,
2026-08-08T18:19:13.579581+00:00,vibration_rms,,,combined,1.147,
2026-08-08T18:19:13.579581+00:00,door_event,,,combined,,CLOSE
2026-08-08T18:19:14.986118+00:00,temperature,68.725,4.0,combined,,
2026-08-08T18:19:16.181298+00:00,temperature,68.967,4.0,combined,,
2026-08-08T18:19:16.181298+00:00,vibration_rms,,,combined,1.207,
2026-08-08T18:19:17.551618+00:00,temperature,69.357,4.0,combined,,
2026-08-08T18:19:18.725740+00:00,temperature,69.382,4.0,combined,,
2026-08-08T18:19:18.725740+00:00,vibration_rms,,,combined,1.227,
2026-08-08T18:19:20.082500+00:00,temperature,68.998,4.0,combined,,
2026-08-08T18:19:21.304801+00:00,temperature,70.083,4.0,combined,,
2026-08-08T18:19:21.304801+00:00,vibration_rms,,,combined,1.172,
2026-08-08T18:19:22.628698+00:00,temperature,70.127,4.0,combined,,
2026-08-08T18:19:23.832308+00:00,temperature,70.117,4.0,combined,,
2026-08-08T18:19:23.832308+00:00,vibration_rms,,,combined,1.34,
2026-08-08T18:19:25.151070+00:00,temperature,69.754,4.0,combined,,
2026-08-08T18:19:25.151070+00:00,door_event,,,combined,,OPEN
2026-08-08T18:19:26.353784+00:00,temperature,70.399,4.0,combined,,
2026-08-08T18:19:26.353784+00:00,vibration_rms,,,combined,1.303,
2026-08-08T18:19:27.774491+00:00,temperature,70.398,4.0,combined,,
2026-08-08T18:19:28.962217+00:00,temperature,70.064,4.0,combined,,
2026-08-08T18:19:28.962217+00:00,vibration_rms,,,combined,1.033,
2026-08-08T18:19:30.343646+00:00,temperature,69.851,4.0,combined,,
2026-08-08T18:19:31.547370+00:00,temperature,70.035,4.0,combined,,
2026-08-08T18:19:31.547370+00:00,vibration_rms,,,combined,1.333,
2026-08-08T18:19:31.547370+00:00,door_event,,,combined,,CLOSE
2026-08-08T18:19:32.903410+00:00,temperature,71.098,4.0,combined,,
2026-08-08T18:19:34.094557+00:00,temperature,69.965,4.0,combined,,
2026-08-08T18:19:34.094557+00:00,vibration_rms,,,combined,1.292,
2026-08-08T18:19:35.573222+00:00,temperature,70.693,4.0,combined,,
2026-08-08T18:19:36.816972+00:00,temperature,70.634,4.0,combined,,
2026-08-08T18:19:36.816972+00:00,vibration_rms,,,combined,1.304,
2026-08-08T18:19:38.210782+00:00,temperature,71.246,4.0,combined,,
2026-08-08T18:19:39.424530+00:00,temperature,70.564,4.0,combined,,
2026-08-08T18:19:39.424530+00:00,vibration_rms,,,combined,0.925,
2026-08-08T18:19:40.769896+00:00,temperature,70.343,4.0,combined,,
2026-08-08T18:19:42.031893+00:00,temperature,71.054,4.0,combined,,
2026-08-08T18:19:42.031893+00:00,vibration_rms,,,combined,1.144,
2026-08-08T18:19:42.031893+00:00,door_event,,,combined,,CLOSE
2026-08-08T18:19:43.464735+00:00,temperature,70.956,4.0,combined,,
2026-08-08T18:19:44.674834+00:00,temperature,71.169,4.0,combined,,
2026-08-08T18:19:44.674834+00:00,vibration_rms,,,combined,1.158,
2026-08-08T18:19:46.197006+00:00,temperature,70.96,4.0,combined,,
2026-08-08T18:19:47.445290+00:00,temperature,71.903,4.0,combined,,
2026-08-08T18:19:47.445290+00:00,vibration_rms,,,combined,1.402,
2026-08-08T18:19:48.982114+00:00,temperature,71.612,4.0,combined,,
2026-08-08T18:19:50.156314+00:00,temperature,71.843,4.0,combined,,
2026-08-08T18:19:50.156314+00:00,vibration_rms,,,combined,1.039,
2026-08-08T18:19:51.518607+00:00,temperature,71.354,4.0,combined,,
2026-08-08T18:19:52.709703+00:00,temperature,71.67,4.0,combined,,
2026-08-08T18:19:52.709703+00:00,vibration_rms,,,combined,1.167,
2026-08-08T18:19:54.232949+00:00,temperature,71.53,4.0,combined,,
2026-08-08T18:19:55.412080+00:00,temperature,71.612,4.0,combined,,
2026-08-08T18:19:55.412080+00:00,vibration_rms,,,combined,1.175,
2026-08-08T18:19:56.893216+00:00,temperature,71.804,4.0,combined,,
2026-08-08T18:19:58.111974+00:00,temperature,71.322,4.0,combined,,
2026-08-08T18:19:58.111974+00:00,vibration_rms,,,combined,1.043,
2026-08-08T18:19:59.496885+00:00,temperature,71.918,4.0,combined,,
2026-08-08T18:20:00.706841+00:00,temperature,71.412,4.0,combined,,
2026-08-08T18:20:00.706841+00:00,vibration_rms,,,combined,1.127,
2026-08-08T18:20:02.106799+00:00,temperature,72.443,4.0,combined,,
2026-08-08T18:20:03.315724+00:00,temperature,72.555,4.0,combined,,
2026-08-08T18:20:03.315724+00:00,vibration_rms,,,combined,1.101,
2026-08-08T18:20:04.688417+00:00,temperature,72.079,4.0,combined,,
2026-08-08T18:20:05.875677+00:00,temperature,72.398,4.0,combined,,
2026-08-08T18:20:05.875677+00:00,vibration_rms,,,combined,1.03,
2026-08-08T18:20:07.253803+00:00,temperature,71.975,4.0,combined,,
2026-08-08T18:20:08.437199+00:00,temperature,72.214,4.0,combined,,
2026-08-08T18:20:08.437199+00:00,vibration_rms,,,combined,1.13,
2026-08-08T18:20:09.782306+00:00,temperature,72.469,4.0,combined,,
2026-08-08T18:20:11.010846+00:00,temperature,72.738,4.0,combined,,
2026-08-08T18:20:11.010846+00:00,vibration_rms,,,combined,1.219,
2026-08-08T18:20:12.409591+00:00,temperature,72.689,4.0,combined,,
2026-08-08T18:20:13.592992+00:00,temperature,73.39,4.0,combined,,
2026-08-08T18:20:13.592992+00:00,vibration_rms,,,combined,0.937,
2026-08-08T18:20:14.958232+00:00,temperature,72.658,4.0,combined,,
2026-08-08T18:20:16.141173+00:00,temperature,72.599,4.0,combined,,
2026-08-08T18:20:16.141173+00:00,vibration_rms,,,combined,1.379,
2026-08-08T18:20:16.141173+00:00,door_event,,,combined,,CLOSE
2026-08-08T18:20:17.556352+00:00,temperature,72.971,4.0,combined,,
2026-08-08T18:20:18.751359+00:00,temperature,73.458,4.0,combined,,
2026-08-08T18:20:18.751359+00:00,vibration_rms,,,combined,0.984,
2026-08-08T18:20:20.137968+00:00,temperature,73.368,4.0,combined,,
2026-08-08T18:20:21.332245+00:00,temperature,73.449,4.0,combined,,
2026-08-08T18:20:21.332245+00:00,vibration_rms,,,combined,1.257,
2026-08-08T18:20:22.742379+00:00,temperature,72.955,4.0,combined,,
2026-08-08T18:20:23.923579+00:00,temperature,73.848,4.0,combined,,
2026-08-08T18:20:23.923579+00:00,vibration_rms,,,combined,1.244,
2026-08-08T18:20:25.271502+00:00,temperature,73.317,4.0,combined,,
2026-08-08T18:20:26.500116+00:00,temperature,73.526,4.0,combined,,
2026-08-08T18:20:26.500116+00:00,vibration_rms,,,combined,1.155,
2026-08-08T18:20:27.885710+00:00,temperature,73.984,4.0,combined,,
2026-08-08T18:20:27.885710+00:00,door_event,,,combined,,CLOSE
2026-08-08T18:20:29.120530+00:00,temperature,74.265,4.0,combined,,
2026-08-08T18:20:29.120530+00:00,vibration_rms,,,combined,1.161,
2026-08-08T18:20:30.543559+00:00,temperature,73.893,4.0,combined,,
2026-08-08T18:20:31.788654+00:00,temperature,73.801,4.0,combined,,
2026-08-08T18:20:31.788654+00:00,vibration_rms,,,combined,1.398,
2026-08-08T18:20:33.142603+00:00,temperature,74.416,4.0,combined,,
2026-08-08T18:20:34.348508+00:00,temperature,74.187,4.0,combined,,
2026-08-08T18:20:34.348508+00:00,vibration_rms,,,combined,1.178,
2026-08-08T18:20:35.688516+00:00,temperature,73.976,4.0,combined,,
2026-08-08T18:20:36.873242+00:00,temperature,74.181,4.0,combined,,
2026-08-08T18:20:36.873242+00:00,vibration_rms,,,combined,1.374,
2026-08-08T18:20:38.288687+00:00,temperature,74.546,4.0,combined,,
2026-08-08T18:20:39.476057+00:00,temperature,75.219,4.0,combined,,
2026-08-08T18:20:39.476057+00:00,vibration_rms,,,combined,1.22,
2026-08-08T18:20:40.839060+00:00,temperature,74.68,4.0,combined,,
2026-08-08T18:20:40.839060+00:00,door_event,,,combined,,CLOSE
2026-08-08T18:20:42.033761+00:00,temperature,74.823,4.0,combined,,
2026-08-08T18:20:42.033761+00:00,vibration_rms,,,combined,1.048,
2026-08-08T18:20:43.421565+00:00,temperature,74.173,4.0,combined,,
2026-08-08T18:20:44.609641+00:00,temperature,74.615,4.0,combined,,
2026-08-08T18:20:44.609641+00:00,vibration_rms,,,combined,1.333,
2026-08-08T18:20:45.966187+00:00,temperature,74.832,4.0,combined,,
2026-08-08T18:20:47.169629+00:00,temperature,75.21,4.0,combined,,
2026-08-08T18:20:47.169629+00:00,vibration_rms,,,combined,1.283,
2026-08-08T18:20:48.557840+00:00,temperature,75.463,4.0,combined,,
2026-08-08T18:20:49.743092+00:00,temperature,75.001,4.0,combined,,
2026-08-08T18:20:49.743092+00:00,vibration_rms,,,combined,1.275,
2026-08-08T18:20:51.061870+00:00,temperature,75.395,4.0,combined,,
2026-08-08T18:20:52.278708+00:00,temperature,75.035,4.0,combined,,
2026-08-08T18:20:52.278708+00:00,vibration_rms,,,combined,1.213,
2026-08-08T18:20:53.685694+00:00,temperature,75.101,4.0,combined,,
2026-08-08T18:20:54.935515+00:00,temperature,75.767,4.0,combined,,
2026-08-08T18:20:54.935515+00:00,vibration_rms,,,combined,1.28,
2026-08-08T18:20:56.303569+00:00,temperature,74.713,4.0,combined,,
2026-08-08T18:20:57.472973+00:00,temperature,75.498,4.0,combined,,
2026-08-08T18:20:57.472973+00:00,vibration_rms,,,combined,1.079,
2026-08-08T18:20:58.912949+00:00,temperature,75.992,4.0,combined,,
2026-08-08T18:21:00.129442+00:00,temperature,75.64,4.0,combined,,
2026-08-08T18:21:00.129442+00:00,vibration_rms,,,combined,1.012,
2026-08-08T18:21:01.484265+00:00,temperature,76.081,4.0,combined,,
2026-08-08T18:21:02.685449+00:00,temperature,75.538,4.0,combined,,
2026-08-08T18:21:02.685449+00:00,vibration_rms,,,combined,1.325,
2026-08-08T18:21:04.087198+00:00,temperature,76.194,4.0,combined,,
2026-08-08T18:21:05.268071+00:00,temperature,76.16,4.0,combined,,
2026-08-08T18:21:05.268071+00:00,vibration_rms,,,combined,1.307,
2026-08-08T18:21:06.614366+00:00,temperature,76.157,4.0,combined,,
2026-08-08T18:21:07.793259+00:00,temperature,75.814,4.0,combined,,
2026-08-08T18:21:07.793259+00:00,vibration_rms,,,combined,1.145,
2026-08-08T18:21:09.192992+00:00,temperature,76.276,4.0,combined,,
2026-08-08T18:21:10.441057+00:00,temperature,76.723,4.0,combined,,
2026-08-08T18:21:10.441057+00:00,vibration_rms,,,combined,1.273,
2026-08-08T18:21:11.795617+00:00,temperature,76.363,4.0,combined,,
2026-08-08T18:21:13.034742+00:00,temperature,76.798,4.0,combined,,
2026-08-08T18:21:13.034742+00:00,vibration_rms,,,combined,1.327,
2026-08-08T18:21:14.387529+00:00,temperature,76.046,4.0,combined,,
2026-08-08T18:21:15.616816+00:00,temperature,76.877,4.0,combined,,
2026-08-08T18:21:15.616816+00:00,vibration_rms,,,combined,1.089,
2026-08-08T18:21:16.968298+00:00,temperature,76.852,4.0,combined,,
2026-08-08T18:21:18.190068+00:00,temperature,76.998,4.0,combined,,
2026-08-08T18:21:18.190068+00:00,vibration_rms,,,combined,1.432,
2026-08-08T18:21:19.567847+00:00,temperature,77.119,4.0,combined,,
2026-08-08T18:21:20.767481+00:00,temperature,77.075,4.0,combined,,
2026-08-08T18:21:20.767481+00:00,vibration_rms,,,combined,1.291,
2026-08-08T18:21:22.137259+00:00,temperature,77.489,4.0,combined,,
2026-08-08T18:21:23.339213+00:00,temperature,77.041,4.0,combined,,
2026-08-08T18:21:23.339213+00:00,vibration_rms,,,combined,1.243,
2026-08-08T18:21:24.690390+00:00,temperature,76.71,4.0,combined,,
2026-08-08T18:21:25.900151+00:00,temperature,77.479,4.0,combined,,
2026-08-08T18:21:25.900151+00:00,vibration_rms,,,combined,1.275,
2026-08-08T18:21:27.234641+00:00,temperature,77.79,4.0,combined,,
2026-08-08T18:21:28.491205+00:00,temperature,77.284,4.0,combined,,
2026-08-08T18:21:28.491205+00:00,vibration_rms,,,combined,0.987,
2026-08-08T18:21:29.916103+00:00,temperature,77.417,4.0,combined,,
2026-08-08T18:21:31.118855+00:00,temperature,77.541,4.0,combined,,
2026-08-08T18:21:31.118855+00:00,vibration_rms,,,combined,1.313,
2026-08-08T18:21:32.501003+00:00,temperature,77.746,4.0,combined,,
2026-08-08T18:21:33.710824+00:00,temperature,78.153,4.0,combined,,
2026-08-08T18:21:33.710824+00:00,vibration_rms,,,combined,1.322,
2026-08-08T18:21:35.077725+00:00,temperature,78.187,4.0,combined,,
2026-08-08T18:21:36.300243+00:00,temperature,77.714,4.0,combined,,
2026-08-08T18:21:36.300243+00:00,vibration_rms,,,combined,1.121,
2026-08-08T18:21:37.702295+00:00,temperature,77.885,4.0,combined,,
2026-08-08T18:21:38.919892+00:00,temperature,78.207,4.0,combined,,
2026-08-08T18:21:38.919892+00:00,vibration_rms,,,combined,1.358,
2026-08-08T18:21:40.311541+00:00,temperature,78.081,4.0,combined,,
2026-08-08T18:21:41.494394+00:00,temperature,78.716,4.0,combined,,
2026-08-08T18:21:41.494394+00:00,vibration_rms,,,combined,1.211,
2026-08-08T18:21:43.053173+00:00,temperature,78.583,4.0,combined,,
2026-08-08T18:21:44.303675+00:00,temperature,78.223,4.0,combined,,
2026-08-08T18:21:44.303675+00:00,vibration_rms,,,combined,1.201,
2026-08-08T18:21:44.303675+00:00,door_event,,,combined,,OPEN
2026-08-08T18:21:45.680325+00:00,temperature,78.143,4.0,combined,,
2026-08-08T18:21:46.854233+00:00,temperature,78.928,4.0,combined,,
2026-08-08T18:21:46.854233+00:00,vibration_rms,,,combined,1.183,
2026-08-08T18:21:48.211672+00:00,temperature,78.428,4.0,combined,,
2026-08-08T18:21:49.420685+00:00,temperature,78.742,4.0,combined,,
2026-08-08T18:21:49.420685+00:00,vibration_rms,,,combined,1.358,
2026-08-08T18:21:50.832109+00:00,temperature,78.885,4.0,combined,,
2026-08-08T18:21:52.038248+00:00,temperature,79.366,4.0,combined,,
2026-08-08T18:21:52.038248+00:00,vibration_rms,,,combined,1.279,
2026-08-08T18:21:53.395412+00:00,temperature,79.074,4.0,combined,,
2026-08-08T18:21:54.589632+00:00,temperature,79.126,4.0,combined,,
2026-08-08T18:21:54.589632+00:00,vibration_rms,,,combined,1.259,
2026-08-08T18:21:55.975976+00:00,temperature,79.397,4.0,combined,,
2026-08-08T18:21:57.155304+00:00,temperature,79.639,4.0,combined,,
2026-08-08T18:21:57.155304+00:00,vibration_rms,,,combined,1.12,
2026-08-08T18:21:58.624907+00:00,temperature,79.58,4.0,combined,,
2026-08-08T18:21:59.826530+00:00,temperature,79.752,4.0,combined,,
2026-08-08T18:21:59.826530+00:00,vibration_rms,,,combined,1.382,
2026-08-08T18:22:01.233167+00:00,temperature,79.703,4.0,combined,,
2026-08-08T18:22:02.436463+00:00,temperature,79.856,4.0,combined,,
2026-08-08T18:22:02.436463+00:00,vibration_rms,,,combined,1.173,
2026-08-08T18:22:03.803779+00:00,temperature,79.504,4.0,combined,,
2026-08-08T18:22:05.013191+00:00,temperature,79.699,4.0,combined,,
2026-08-08T18:22:05.013191+00:00,vibration_rms,,,combined,0.795,
2026-08-08T18:22:06.423260+00:00,temperature,80.023,4.0,combined,,
2026-08-08T18:22:07.637748+00:00,temperature,79.629,4.0,combined,,
2026-08-08T18:22:07.637748+00:00,vibration_rms,,,combined,1.059,
2026-08-08T18:22:09.025994+00:00,temperature,80.03,4.0,combined,,
2026-08-08T18:22:09.025994+00:00,door_event,,,combined,,OPEN
2026-08-08T18:22:10.238465+00:00,temperature,80.061,4.0,combined,,
2026-08-08T18:22:10.238465+00:00,vibration_rms,,,combined,1.256,
2026-08-08T18:22:10.238465+00:00,door_event,,,combined,,CLOSE
2026-08-08T18:22:11.648731+00:00,temperature,80.461,4.0,combined,,
2026-08-08T18:22:12.855220+00:00,temperature,79.992,4.0,combined,,
2026-08-08T18:22:12.855220+00:00,vibration_rms,,,combined,0.909,
2026-08-08T18:22:14.273308+00:00,temperature,80.237,4.0,combined,,
2026-08-08T18:22:15.488061+00:00,temperature,80.187,4.0,combined,,
2026-08-08T18:22:15.488061+00:00,vibration_rms,,,combined,1.072,
2026-08-08T18:22:16.865630+00:00,temperature,80.896,4.0,combined,,
2026-08-08T18:22:18.073306+00:00,temperature,80.147,4.0,combined,,
2026-08-08T18:22:18.073306+00:00,vibration_rms,,,combined,1.376,
2026-08-08T18:22:19.480439+00:00,temperature,80.541,4.0,combined,,
2026-08-08T18:22:20.692850+00:00,temperature,81.154,4.0,combined,,
2026-08-08T18:22:20.692850+00:00,vibration_rms,,,combined,1.355,
2026-08-08T18:22:22.059569+00:00,temperature,80.966,4.0,combined,,
2026-08-08T18:22:23.237141+00:00,temperature,80.981,4.0,combined,,
2026-08-08T18:22:23.237141+00:00,vibration_rms,,,combined,1.118,
2026-08-08T18:22:24.649605+00:00,temperature,80.675,4.0,combined,,
2026-08-08T18:22:25.882927+00:00,temperature,81.125,4.0,combined,,
2026-08-08T18:22:25.882927+00:00,vibration_rms,,,combined,1.296,
2026-08-08T18:22:27.237034+00:00,temperature,81.246,4.0,combined,,
2026-08-08T18:22:28.447849+00:00,temperature,81.185,4.0,combined,,
2026-08-08T18:22:28.447849+00:00,vibration_rms,,,combined,1.213,
2026-08-08T18:22:29.888548+00:00,temperature,80.617,4.0,combined,,
2026-08-08T18:22:31.095623+00:00,temperature,81.285,4.0,combined,,
2026-08-08T18:22:31.095623+00:00,vibration_rms,,,combined,1.194,
2026-08-08T18:22:32.483139+00:00,temperature,81.845,4.0,combined,,
2026-08-08T18:22:33.702253+00:00,temperature,81.041,4.0,combined,,
2026-08-08T18:22:33.702253+00:00,vibration_rms,,,combined,1.553,
2026-08-08T18:22:35.085736+00:00,temperature,81.837,4.0,combined,,
2026-08-08T18:22:36.292212+00:00,temperature,81.84,4.0,combined,,
2026-08-08T18:22:36.292212+00:00,vibration_rms,,,combined,1.376,
2026-08-08T18:22:37.648445+00:00,temperature,81.813,4.0,combined,,
2026-08-08T18:22:38.912915+00:00,temperature,81.582,4.0,combined,,
2026-08-08T18:22:38.912915+00:00,vibration_rms,,,combined,1.368,
2026-08-08T18:22:40.422257+00:00,temperature,81.841,4.0,combined,,
2026-08-08T18:22:41.652922+00:00,temperature,82.001,4.0,combined,,
2026-08-08T18:22:41.652922+00:00,vibration_rms,,,combined,0.977,
2026-08-08T18:22:43.040068+00:00,temperature,81.855,4.0,combined,,
2026-08-08T18:22:44.227947+00:00,temperature,82.018,4.0,combined,,
2026-08-08T18:22:44.227947+00:00,vibration_rms,,,combined,1.08,
2026-08-08T18:22:44.227947+00:00,door_event,,,combined,,OPEN
2026-08-08T18:22:45.628470+00:00,temperature,82.183,4.0,combined,,
2026-08-08T18:22:46.814906+00:00,temperature,82.074,4.0,combined,,
2026-08-08T18:22:46.814906+00:00,vibration_rms,,,combined,1.0,
2026-08-08T18:22:48.216580+00:00,temperature,81.872,4.0,combined,,
2026-08-08T18:22:49.438286+00:00,temperature,82.572,4.0,combined,,
2026-08-08T18:22:49.438286+00:00,vibration_rms,,,combined,1.068,
2026-08-08T18:22:50.851178+00:00,temperature,82.156,4.0,combined,,
2026-08-08T18:22:52.051250+00:00,temperature,82.77,4.0,combined,,
2026-08-08T18:22:52.051250+00:00,vibration_rms,,,combined,1.219,
2026-08-08T18:22:53.438641+00:00,temperature,82.737,4.0,combined,,
2026-08-08T18:22:54.626193+00:00,temperature,83.009,4.0,combined,,
2026-08-08T18:22:54.626193+00:00,vibration_rms,,,combined,1.014,
2026-08-08T18:22:56.029323+00:00,temperature,82.76,4.0,combined,,
2026-08-08T18:22:57.261794+00:00,temperature,83.239,4.0,combined,,
2026-08-08T18:22:57.261794+00:00,vibration_rms,,,combined,1.151,
2026-08-08T18:22:58.642339+00:00,temperature,83.132,4.0,combined,,
2026-08-08T18:22:59.831553+00:00,temperature,82.633,4.0,combined,,
2026-08-08T18:22:59.831553+00:00,vibration_rms,,,combined,1.239,
2026-08-08T18:23:01.232928+00:00,temperature,83.501,4.0,combined,,
2026-08-08T18:23:02.416596+00:00,temperature,82.772,4.0,combined,,
2026-08-08T18:23:02.416596+00:00,vibration_rms,,,combined,1.166,
2026-08-08T18:23:03.782579+00:00,temperature,83.672,4.0,combined,,
2026-08-08T18:23:05.017487+00:00,temperature,82.92,4.0,combined,,
2026-08-08T18:23:05.017487+00:00,vibration_rms,,,combined,1.141,
2026-08-08T18:23:06.468741+00:00,temperature,83.744,4.0,combined,,
2026-08-08T18:23:07.646285+00:00,temperature,83.678,4.0,combined,,
2026-08-08T18:23:07.646285+00:00,vibration_rms,,,combined,1.213,
2026-08-08T18:23:09.020347+00:00,temperature,83.818,4.0,combined,,
2026-08-08T18:23:10.250796+00:00,temperature,83.76,4.0,combined,,
2026-08-08T18:23:10.250796+00:00,vibration_rms,,,combined,1.32,
2026-08-08T18:23:11.665749+00:00,temperature,84.106,4.0,combined,,
2026-08-08T18:23:12.893499+00:00,temperature,84.285,4.0,combined,,
2026-08-08T18:23:12.893499+00:00,vibration_rms,,,combined,0.852,
2026-08-08T18:23:14.306993+00:00,temperature,84.336,4.0,combined,,
2026-08-08T18:23:15.518287+00:00,temperature,84.223,4.0,combined,,
2026-08-08T18:23:15.518287+00:00,vibration_rms,,,combined,1.176,
2026-08-08T18:23:16.968910+00:00,temperature,84.305,4.0,combined,,
2026-08-08T18:23:18.206898+00:00,temperature,84.172,4.0,combined,,
2026-08-08T18:23:18.206898+00:00,vibration_rms,,,combined,1.488,
2026-08-08T18:23:19.600151+00:00,temperature,84.291,4.0,combined,,
2026-08-08T18:23:20.804042+00:00,temperature,83.969,4.0,combined,,
2026-08-08T18:23:20.804042+00:00,vibration_rms,,,combined,1.211,
2026-08-08T18:23:22.173965+00:00,temperature,84.635,4.0,combined,,
2026-08-08T18:23:23.394037+00:00,temperature,84.673,4.0,combined,,
2026-08-08T18:23:23.394037+00:00,vibration_rms,,,combined,1.427,
2026-08-08T18:23:24.771183+00:00,temperature,84.937,4.0,combined,,
2026-08-08T18:23:26.012320+00:00,temperature,84.639,4.0,combined,,
2026-08-08T18:23:26.012320+00:00,vibration_rms,,,combined,1.431,
2026-08-08T18:23:27.405058+00:00,temperature,84.701,4.0,combined,,
2026-08-08T18:23:28.596506+00:00,temperature,84.943,4.0,combined,,
2026-08-08T18:23:28.596506+00:00,vibration_rms,,,combined,1.261,
2026-08-08T18:23:30.010523+00:00,temperature,85.327,4.0,combined,,
2026-08-08T18:23:31.178288+00:00,temperature,85.414,4.0,combined,,
2026-08-08T18:23:31.178288+00:00,vibration_rms,,,combined,1.441,
2026-08-08T18:23:32.562339+00:00,temperature,85.457,4.0,combined,,
2026-08-08T18:23:33.768548+00:00,temperature,85.665,4.0,combined,,
2026-08-08T18:23:33.768548+00:00,vibration_rms,,,combined,1.175,
2026-08-08T18:23:35.767422+00:00,temperature,84.916,4.0,combined,,
2026-08-08T18:23:37.066811+00:00,temperature,85.352,4.0,combined,,
2026-08-08T18:23:37.066811+00:00,vibration_rms,,,combined,1.439,
2026-08-08T18:23:38.464189+00:00,temperature,84.849,4.0,combined,,
2026-08-08T18:23:39.663238+00:00,temperature,84.692,4.0,combined,,
2026-08-08T18:23:39.663238+00:00,vibration_rms,,,combined,1.232,
2026-08-08T18:23:41.054639+00:00,temperature,85.513,4.0,combined,,
2026-08-08T18:23:42.297352+00:00,temperature,85.753,4.0,combined,,
2026-08-08T18:23:42.297352+00:00,vibration_rms,,,combined,1.304,
2026-08-08T18:23:43.697670+00:00,temperature,85.622,4.0,combined,,
2026-08-08T18:23:44.918596+00:00,temperature,85.802,4.0,combined,,
2026-08-08T18:23:44.918596+00:00,vibration_rms,,,combined,1.085,
2026-08-08T18:23:46.275865+00:00,temperature,85.808,4.0,combined,,
2026-08-08T18:23:47.511115+00:00,temperature,85.568,4.0,combined,,
2026-08-08T18:23:47.511115+00:00,vibration_rms,,,combined,1.176,
2026-08-08T18:23:48.897209+00:00,temperature,85.911,4.0,combined,,
2026-08-08T18:23:50.092475+00:00,temperature,86.092,4.0,combined,,
2026-08-08T18:23:50.092475+00:00,vibration_rms,,,combined,1.545,
2026-08-08T18:23:51.506708+00:00,temperature,86.642,4.0,combined,,
2026-08-08T18:23:52.719830+00:00,temperature,86.277,4.0,combined,,
2026-08-08T18:23:52.719830+00:00,vibration_rms,,,combined,1.315,
2026-08-08T18:23:54.115321+00:00,temperature,86.316,4.0,combined,,
2026-08-08T18:23:55.311880+00:00,temperature,86.684,4.0,combined,,
2026-08-08T18:23:55.311880+00:00,vibration_rms,,,combined,1.003,
2026-08-08T18:23:56.675198+00:00,temperature,86.483,4.0,combined,,
2026-08-08T18:23:57.933186+00:00,temperature,86.381,4.0,combined,,
2026-08-08T18:23:57.933186+00:00,vibration_rms,,,combined,1.132,
2026-08-08T18:23:59.409274+00:00,temperature,86.582,4.0,combined,,
2026-08-08T18:24:01.234048+00:00,temperature,86.588,4.0,combined,,
2026-08-08T18:24:01.234048+00:00,vibration_rms,,,combined,1.256,
2026-08-08T18:24:03.590847+00:00,temperature,86.062,4.0,combined,,
2026-08-08T18:24:04.879089+00:00,temperature,87.089,4.0,combined,,
2026-08-08T18:24:04.879089+00:00,vibration_rms,,,combined,1.403,
2026-08-08T18:24:06.292347+00:00,temperature,87.046,4.0,combined,,
2026-08-08T18:24:07.721700+00:00,temperature,86.938,4.0,combined,,
2026-08-08T18:24:07.721700+00:00,vibration_rms,,,combined,1.178,
2026-08-08T18:24:09.633231+00:00,temperature,87.205,4.0,combined,,
2026-08-08T18:24:10.816043+00:00,temperature,87.113,4.0,combined,,
2026-08-08T18:24:10.816043+00:00,vibration_rms,,,combined,1.22,
2026-08-08T18:24:12.855708+00:00,temperature,87.423,4.0,combined,,
2026-08-08T18:24:14.107932+00:00,temperature,87.451,4.0,combined,,
2026-08-08T18:24:14.107932+00:00,vibration_rms,,,combined,1.138,
2026-08-08T18:24:15.496698+00:00,temperature,87.95,4.0,combined,,
2026-08-08T18:24:16.712707+00:00,temperature,88.004,4.0,combined,,
2026-08-08T18:24:16.712707+00:00,vibration_rms,,,combined,1.32,
2026-08-08T18:24:18.054272+00:00,temperature,87.635,4.0,combined,,
2026-08-08T18:24:19.318858+00:00,temperature,87.801,4.0,combined,,
2026-08-08T18:24:19.318858+00:00,vibration_rms,,,combined,1.184,
2026-08-08T18:24:20.737994+00:00,temperature,87.851,4.0,combined,,
2026-08-08T18:24:21.985983+00:00,temperature,87.415,4.0,combined,,
2026-08-08T18:24:21.985983+00:00,vibration_rms,,,combined,1.394,
2026-08-08T18:24:23.366889+00:00,temperature,87.727,4.0,combined,,
2026-08-08T18:24:24.589014+00:00,temperature,87.739,4.0,combined,,
2026-08-08T18:24:24.589014+00:00,vibration_rms,,,combined,1.176,
2026-08-08T18:24:25.995479+00:00,temperature,88.197,4.0,combined,,
2026-08-08T18:24:27.176753+00:00,temperature,88.031,4.0,combined,,
2026-08-08T18:24:27.176753+00:00,vibration_rms,,,combined,1.141,
2026-08-08T18:24:28.617770+00:00,temperature,88.327,4.0,combined,,
2026-08-08T18:24:29.848295+00:00,temperature,88.448,4.0,combined,,
2026-08-08T18:24:29.848295+00:00,vibration_rms,,,combined,1.253,
2026-08-08T18:24:31.190825+00:00,temperature,88.345,4.0,combined,,
2026-08-08T18:24:32.467521+00:00,temperature,88.156,4.0,combined,,
2026-08-08T18:24:32.467521+00:00,vibration_rms,,,combined,1.165,
2026-08-08T18:24:32.467521+00:00,door_event,,,combined,,OPEN
2026-08-08T18:24:33.800062+00:00,temperature,88.659,4.0,combined,,
2026-08-08T18:24:34.989237+00:00,temperature,89.165,4.0,combined,,
2026-08-08T18:24:34.989237+00:00,vibration_rms,,,combined,1.036,
2026-08-08T18:24:36.336296+00:00,temperature,88.771,4.0,combined,,
2026-08-08T18:24:37.595643+00:00,temperature,88.552,4.0,combined,,
2026-08-08T18:24:37.595643+00:00,vibration_rms,,,combined,1.065,
2026-08-08T18:24:39.113732+00:00,temperature,88.868,4.0,combined,,
2026-08-08T18:24:40.370369+00:00,temperature,89.03,4.0,combined,,
2026-08-08T18:24:40.370369+00:00,vibration_rms,,,combined,1.222,
2026-08-08T18:24:41.746668+00:00,temperature,89.338,4.0,combined,,
2026-08-08T18:24:42.929961+00:00,temperature,89.472,4.0,combined,,
2026-08-08T18:24:42.929961+00:00,vibration_rms,,,combined,1.384,
2026-08-08T18:24:44.308900+00:00,temperature,89.091,4.0,combined,,
2026-08-08T18:24:45.540314+00:00,temperature,89.292,4.0,combined,,
2026-08-08T18:24:45.540314+00:00,vibration_rms,,,combined,1.072,
2026-08-08T18:24:46.928631+00:00,temperature,89.42,4.0,combined,,
2026-08-08T18:24:48.145657+00:00,temperature,89.948,4.0,combined,,
2026-08-08T18:24:48.145657+00:00,vibration_rms,,,combined,1.035,
2026-08-08T18:24:49.568380+00:00,temperature,89.962,4.0,combined,,
2026-08-08T18:24:50.793581+00:00,temperature,89.67,4.0,combined,,
2026-08-08T18:24:50.793581+00:00,vibration_rms,,,combined,1.171,
2026-08-08T18:24:52.190524+00:00,temperature,89.898,4.0,combined,,
2026-08-08T18:24:53.454619+00:00,temperature,89.671,4.0,combined,,
2026-08-08T18:24:53.454619+00:00,vibration_rms,,,combined,1.085,
2026-08-08T18:24:54.799724+00:00,temperature,89.735,4.0,combined,,
2026-08-08T18:24:56.006643+00:00,temperature,90.041,4.0,combined,,
2026-08-08T18:24:56.006643+00:00,vibration_rms,,,combined,1.273,
2026-08-08T18:24:57.454847+00:00,temperature,90.009,4.0,combined,,
2026-08-08T18:24:58.648689+00:00,temperature,89.98,4.0,combined,,
2026-08-08T18:24:58.648689+00:00,vibration_rms,,,combined,1.128,
2026-08-08T18:25:00.779667+00:00,temperature,90.349,4.0,combined,,
2026-08-08T18:25:02.064689+00:00,temperature,90.853,4.0,combined,,
2026-08-08T18:25:02.064689+00:00,vibration_rms,,,combined,1.1,
2026-08-08T18:25:03.490414+00:00,temperature,90.266,4.0,combined,,
2026-08-08T18:25:04.716537+00:00,temperature,90.534,4.0,combined,,
2026-08-08T18:25:04.716537+00:00,vibration_rms,,,combined,1.426,
2026-08-08T18:25:06.071874+00:00,temperature,91.118,4.0,combined,,
2026-08-08T18:25:07.286559+00:00,temperature,90.32,4.0,combined,,
2026-08-08T18:25:07.286559+00:00,vibration_rms,,,combined,1.358,
2026-08-08T18:25:08.700705+00:00,temperature,90.75,4.0,combined,,
2026-08-08T18:25:09.891435+00:00,temperature,90.615,4.0,combined,,
2026-08-08T18:25:09.891435+00:00,vibration_rms,,,combined,1.138,
2026-08-08T18:25:11.979729+00:00,temperature,91.431,4.0,combined,,
2026-08-08T18:25:13.179125+00:00,temperature,91.066,4.0,combined,,
2026-08-08T18:25:13.179125+00:00,vibration_rms,,,combined,1.376,
2026-08-08T18:25:14.561229+00:00,temperature,91.328,4.0,combined,,
2026-08-08T18:25:15.798645+00:00,temperature,91.485,4.0,combined,,
2026-08-08T18:25:15.798645+00:00,vibration_rms,,,combined,1.288,
2026-08-08T18:25:17.183548+00:00,temperature,91.264,4.0,combined,,
2026-08-08T18:25:18.370292+00:00,temperature,91.269,4.0,combined,,
2026-08-08T18:25:18.370292+00:00,vibration_rms,,,combined,1.307,
2026-08-08T18:25:19.882704+00:00,temperature,91.469,4.0,combined,,
2026-08-08T18:25:19.882704+00:00,door_event,,,combined,,CLOSE
2026-08-08T18:25:21.148506+00:00,temperature,91.444,4.0,combined,,
2026-08-08T18:25:21.148506+00:00,vibration_rms,,,combined,0.949,
2026-08-08T18:25:22.538244+00:00,temperature,91.191,4.0,combined,,
2026-08-08T18:25:23.744145+00:00,temperature,91.572,4.0,combined,,
2026-08-08T18:25:23.744145+00:00,vibration_rms,,,combined,1.031,
2026-08-08T18:25:25.139433+00:00,temperature,92.105,4.0,combined,,
2026-08-08T18:25:26.338447+00:00,temperature,91.818,4.0,combined,,
2026-08-08T18:25:26.338447+00:00,vibration_rms,,,combined,1.367,
2026-08-08T18:25:26.338447+00:00,door_event,,,combined,,OPEN
2026-08-08T18:25:27.764571+00:00,temperature,92.05,4.0,combined,,
2026-08-08T18:25:28.991583+00:00,temperature,92.057,4.0,combined,,
2026-08-08T18:25:28.991583+00:00,vibration_rms,,,combined,1.283,
2026-08-08T18:25:30.398294+00:00,temperature,91.867,4.0,combined,,
2026-08-08T18:25:30.398294+00:00,door_event,,,combined,,CLOSE
2026-08-08T18:25:31.622224+00:00,temperature,91.955,4.0,combined,,
2026-08-08T18:25:31.622224+00:00,vibration_rms,,,combined,1.312,
2026-08-08T18:25:32.999818+00:00,temperature,92.116,4.0,combined,,
2026-08-08T18:25:34.198948+00:00,temperature,92.366,4.0,combined,,
2026-08-08T18:25:34.198948+00:00,vibration_rms,,,combined,1.45,
2026-08-08T18:25:35.650149+00:00,temperature,92.47,4.0,combined,,
2026-08-08T18:25:37.480554+00:00,temperature,92.669,4.0,combined,,
2026-08-08T18:25:37.480554+00:00,vibration_rms,,,combined,1.064,
2026-08-08T18:25:38.872597+00:00,temperature,92.162,4.0,combined,,
2026-08-08T18:25:40.089625+00:00,temperature,93.073,4.0,combined,,
2026-08-08T18:25:40.089625+00:00,vibration_rms,,,combined,1.362,
2026-08-08T18:25:41.507245+00:00,temperature,92.689,4.0,combined,,
2026-08-08T18:25:42.709213+00:00,temperature,92.578,4.0,combined,,
2026-08-08T18:25:42.709213+00:00,vibration_rms,,,combined,1.225,
2026-08-08T18:25:44.139878+00:00,temperature,92.575,4.0,combined,,
2026-08-08T18:25:45.353950+00:00,temperature,93.183,4.0,combined,,
2026-08-08T18:25:45.353950+00:00,vibration_rms,,,combined,1.069,
2026-08-08T18:25:46.776646+00:00,temperature,93.275,4.0,combined,,
2026-08-08T18:25:47.987997+00:00,temperature,93.071,4.0,combined,,
2026-08-08T18:25:47.987997+00:00,vibration_rms,,,combined,1.177,
2026-08-08T18:25:49.387417+00:00,temperature,93.208,4.0,combined,,
2026-08-08T18:25:50.584345+00:00,temperature,93.529,4.0,combined,,
2026-08-08T18:25:50.584345+00:00,vibration_rms,,,combined,1.202,
2026-08-08T18:25:51.986147+00:00,temperature,92.852,4.0,combined,,
2026-08-08T18:25:53.176858+00:00,temperature,92.565,4.0,combined,,
2026-08-08T18:25:53.176858+00:00,vibration_rms,,,combined,1.077,
2026-08-08T18:25:54.601648+00:00,temperature,93.042,4.0,combined,,
2026-08-08T18:25:55.818966+00:00,temperature,93.423,4.0,combined,,
2026-08-08T18:25:55.818966+00:00,vibration_rms,,,combined,1.218,
2026-08-08T18:25:57.188012+00:00,temperature,93.774,4.0,combined,,
2026-08-08T18:25:58.443590+00:00,temperature,93.413,4.0,combined,,
2026-08-08T18:25:58.443590+00:00,vibration_rms,,,combined,1.329,
2026-08-08T18:25:59.811742+00:00,temperature,93.845,4.0,combined,,
2026-08-08T18:26:01.013528+00:00,temperature,94.181,4.0,combined,,
2026-08-08T18:26:01.013528+00:00,vibration_rms,,,combined,1.127,
2026-08-08T18:26:02.411063+00:00,temperature,93.88,4.0,combined,,
2026-08-08T18:26:03.612737+00:00,temperature,93.782,4.0,combined,,
2026-08-08T18:26:03.612737+00:00,vibration_rms,,,combined,1.126,
2026-08-08T18:26:04.998809+00:00,temperature,93.815,4.0,combined,,
2026-08-08T18:26:06.190730+00:00,temperature,94.474,4.0,combined,,
2026-08-08T18:26:06.190730+00:00,vibration_rms,,,combined,1.117,
2026-08-08T18:26:07.620939+00:00,temperature,94.031,4.0,combined,,
2026-08-08T18:26:08.843753+00:00,temperature,94.537,4.0,combined,,
2026-08-08T18:26:08.843753+00:00,vibration_rms,,,combined,1.14,
2026-08-08T18:26:10.211325+00:00,temperature,94.305,4.0,combined,,
2026-08-08T18:26:11.418961+00:00,temperature,94.722,4.0,combined,,
2026-08-08T18:26:11.418961+00:00,vibration_rms,,,combined,1.317,
2026-08-08T18:26:12.822701+00:00,temperature,94.495,4.0,combined,,
2026-08-08T18:26:14.011718+00:00,temperature,94.956,4.0,combined,,
2026-08-08T18:26:14.011718+00:00,vibration_rms,,,combined,1.191,
2026-08-08T18:26:14.011718+00:00,door_event,,,combined,,OPEN
2026-08-08T18:26:15.389075+00:00,temperature,95.399,4.0,combined,,
2026-08-08T18:26:15.389075+00:00,door_event,,,combined,,OPEN
2026-08-08T18:26:16.567290+00:00,temperature,94.341,4.0,combined,,
2026-08-08T18:26:16.567290+00:00,vibration_rms,,,combined,1.215,
2026-08-08T18:26:18.010678+00:00,temperature,95.413,4.0,combined,,
2026-08-08T18:26:19.242186+00:00,temperature,94.972,4.0,combined,,
2026-08-08T18:26:19.242186+00:00,vibration_rms,,,combined,1.282,
2026-08-08T18:26:20.657005+00:00,temperature,95.044,4.0,combined,,
2026-08-08T18:26:21.834522+00:00,temperature,95.011,4.0,combined,,
2026-08-08T18:26:21.834522+00:00,vibration_rms,,,combined,1.245,
2026-08-08T18:26:23.211300+00:00,temperature,94.986,4.0,combined,,
2026-08-08T18:26:24.423698+00:00,temperature,95.785,4.0,combined,,
2026-08-08T18:26:24.423698+00:00,vibration_rms,,,combined,1.031,
2026-08-08T18:26:25.798533+00:00,temperature,95.384,4.0,combined,,
2026-08-08T18:26:26.977670+00:00,temperature,95.23,4.0,combined,,
2026-08-08T18:26:26.977670+00:00,vibration_rms,,,combined,1.261,
2026-08-08T18:26:28.503165+00:00,temperature,95.642,4.0,combined,,
2026-08-08T18:26:29.766964+00:00,temperature,95.685,4.0,combined,,
2026-08-08T18:26:29.766964+00:00,vibration_rms,,,combined,1.213,
2026-08-08T18:26:31.202821+00:00,temperature,95.4,4.0,combined,,
2026-08-08T18:26:32.456486+00:00,temperature,96.267,4.0,combined,,
2026-08-08T18:26:32.456486+00:00,vibration_rms,,,combined,1.11,
2026-08-08T18:26:33.958008+00:00,temperature,96.082,4.0,combined,,
2026-08-08T18:26:35.133932+00:00,temperature,95.714,4.0,combined,,
2026-08-08T18:26:35.133932+00:00,vibration_rms,,,combined,1.098,
2026-08-08T18:26:36.550561+00:00,temperature,95.676,4.0,combined,,
2026-08-08T18:26:37.759487+00:00,temperature,95.86,4.0,combined,,
2026-08-08T18:26:37.759487+00:00,vibration_rms,,,combined,1.374,
2026-08-08T18:26:39.233879+00:00,temperature,96.358,4.0,combined,,
2026-08-08T18:26:40.420095+00:00,temperature,96.097,4.0,combined,,
2026-08-08T18:26:40.420095+00:00,vibration_rms,,,combined,1.489,
2026-08-08T18:26:41.823338+00:00,temperature,96.165,4.0,combined,,
2026-08-08T18:26:43.071533+00:00,temperature,96.579,4.0,combined,,
2026-08-08T18:26:43.071533+00:00,vibration_rms,,,combined,1.396,
2026-08-08T18:26:44.471801+00:00,temperature,96.498,4.0,combined,,
2026-08-08T18:26:45.690987+00:00,temperature,96.402,4.0,combined,,
2026-08-08T18:26:45.690987+00:00,vibration_rms,,,combined,1.348,
2026-08-08T18:26:47.068377+00:00,temperature,96.523,4.0,combined,,
2026-08-08T18:26:48.270276+00:00,temperature,96.968,4.0,combined,,
2026-08-08T18:26:48.270276+00:00,vibration_rms,,,combined,1.042,
2026-08-08T18:26:49.677569+00:00,temperature,97.396,4.0,combined,,
2026-08-08T18:26:49.677569+00:00,door_event,,,combined,,CLOSE
2026-08-08T18:26:50.894815+00:00,temperature,96.767,4.0,combined,,
2026-08-08T18:26:50.894815+00:00,vibration_rms,,,combined,1.33,
2026-08-08T18:26:52.346967+00:00,temperature,96.439,4.0,combined,,
2026-08-08T18:26:53.568193+00:00,temperature,96.829,4.0,combined,,
2026-08-08T18:26:53.568193+00:00,vibration_rms,,,combined,1.339,
2026-08-08T18:26:54.993047+00:00,temperature,97.397,4.0,combined,,
2026-08-08T18:26:54.993047+00:00,door_event,,,combined,,OPEN
2026-08-08T18:26:56.208021+00:00,temperature,97.688,4.0,combined,,
2026-08-08T18:26:56.208021+00:00,vibration_rms,,,combined,1.255,
2026-08-08T18:26:57.604534+00:00,temperature,97.676,4.0,combined,,
2026-08-08T18:26:58.802724+00:00,temperature,97.276,4.0,combined,,
2026-08-08T18:26:58.802724+00:00,vibration_rms,,,combined,0.92,
2026-08-08T18:27:00.178924+00:00,temperature,97.225,4.0,combined,,
2026-08-08T18:27:01.355093+00:00,temperature,97.878,4.0,combined,,
2026-08-08T18:27:01.355093+00:00,vibration_rms,,,combined,1.07,
2026-08-08T18:27:02.767250+00:00,temperature,97.376,4.0,combined,,
2026-08-08T18:27:04.004414+00:00,temperature,97.303,4.0,combined,,
2026-08-08T18:27:04.004414+00:00,vibration_rms,,,combined,1.004,
2026-08-08T18:27:05.393555+00:00,temperature,98.15,4.0,combined,,
2026-08-08T18:27:06.599901+00:00,temperature,98.116,4.0,combined,,
2026-08-08T18:27:06.599901+00:00,vibration_rms,,,combined,1.187,
2026-08-08T18:27:08.005312+00:00,temperature,97.976,4.0,combined,,
2026-08-08T18:27:09.204584+00:00,temperature,97.923,4.0,combined,,
2026-08-08T18:27:09.204584+00:00,vibration_rms,,,combined,0.952,
2026-08-08T18:27:10.638104+00:00,temperature,97.746,4.0,combined,,
2026-08-08T18:27:11.836493+00:00,temperature,98.083,4.0,combined,,
2026-08-08T18:27:11.836493+00:00,vibration_rms,,,combined,1.177,
2026-08-08T18:27:13.177540+00:00,temperature,98.387,4.0,combined,,
2026-08-08T18:27:14.401294+00:00,temperature,98.75,4.0,combined,,
2026-08-08T18:27:14.401294+00:00,vibration_rms,,,combined,1.008,
2026-08-08T18:27:15.826320+00:00,temperature,98.182,4.0,combined,,
2026-08-08T18:27:17.024946+00:00,temperature,99.086,4.0,combined,,
2026-08-08T18:27:17.024946+00:00,vibration_rms,,,combined,1.448,
2026-08-08T18:27:18.380492+00:00,temperature,98.809,4.0,combined,,
2026-08-08T18:27:19.573266+00:00,temperature,98.537,4.0,combined,,
2026-08-08T18:27:19.573266+00:00,vibration_rms,,,combined,0.966,
2026-08-08T18:27:20.962422+00:00,temperature,98.791,4.0,combined,,
2026-08-08T18:27:22.159456+00:00,temperature,99.068,4.0,combined,,
2026-08-08T18:27:22.159456+00:00,vibration_rms,,,combined,1.148,
2026-08-08T18:27:23.667756+00:00,temperature,98.483,4.0,combined,,
2026-08-08T18:27:24.904050+00:00,temperature,99.357,4.0,combined,,
2026-08-08T18:27:24.904050+00:00,vibration_rms,,,combined,1.314,
2026-08-08T18:27:26.438731+00:00,temperature,99.072,4.0,combined,,
2026-08-08T18:27:27.684827+00:00,temperature,98.837,4.0,combined,,
2026-08-08T18:27:27.684827+00:00,vibration_rms,,,combined,1.018,
2026-08-08T18:27:29.059421+00:00,temperature,99.256,4.0,combined,,
2026-08-08T18:27:30.261239+00:00,temperature,99.502,4.0,combined,,
2026-08-08T18:27:30.261239+00:00,vibration_rms,,,combined,1.141,
2026-08-08T18:27:31.681417+00:00,temperature,99.044,4.0,combined,,
2026-08-08T18:27:32.903804+00:00,temperature,99.166,4.0,combined,,
2026-08-08T18:27:32.903804+00:00,vibration_rms,,,combined,1.118,
2026-08-08T18:27:34.337327+00:00,temperature,99.604,4.0,combined,,
2026-08-08T18:27:35.572003+00:00,temperature,99.872,4.0,combined,,
2026-08-08T18:27:35.572003+00:00,vibration_rms,,,combined,1.337,
2026-08-08T18:27:36.981846+00:00,temperature,99.579,4.0,combined,,
2026-08-08T18:27:38.197423+00:00,temperature,100.237,4.0,combined,,
2026-08-08T18:27:38.197423+00:00,vibration_rms,,,combined,1.298,
2026-08-08T18:27:39.571129+00:00,temperature,99.91,4.0,combined,,
2026-08-08T18:27:40.782284+00:00,temperature,99.508,4.0,combined,,
2026-08-08T18:27:40.782284+00:00,vibration_rms,,,combined,1.038,
2026-08-08T18:27:42.162115+00:00,temperature,99.946,4.0,combined,,
2026-08-08T18:27:43.381107+00:00,temperature,99.838,4.0,combined,,
2026-08-08T18:27:43.381107+00:00,vibration_rms,,,combined,1.358,
2026-08-08T18:27:44.818559+00:00,temperature,100.478,4.0,combined,,
2026-08-08T18:27:46.050283+00:00,temperature,100.595,4.0,combined,,
2026-08-08T18:27:46.050283+00:00,vibration_rms,,,combined,1.537,
2026-08-08T18:27:47.494447+00:00,temperature,100.489,4.0,combined,,
2026-08-08T18:27:48.691545+00:00,temperature,100.229,4.0,combined,,
2026-08-08T18:27:48.691545+00:00,vibration_rms,,,combined,0.961,
2026-08-08T18:27:50.050176+00:00,temperature,101.106,4.0,combined,,
2026-08-08T18:27:51.274095+00:00,temperature,100.085,4.0,combined,,
2026-08-08T18:27:51.274095+00:00,vibration_rms,,,combined,1.322,
2026-08-08T18:27:52.668431+00:00,temperature,100.777,4.0,combined,,
2026-08-08T18:27:53.874173+00:00,temperature,100.873,4.0,combined,,
2026-08-08T18:27:53.874173+00:00,vibration_rms,,,combined,1.111,
2026-08-08T18:27:55.270546+00:00,temperature,100.5,4.0,combined,,
2026-08-08T18:27:56.505159+00:00,temperature,101.199,4.0,combined,,
2026-08-08T18:27:56.505159+00:00,vibration_rms,,,combined,1.065,
2026-08-08T18:27:57.929245+00:00,temperature,100.66,4.0,combined,,
2026-08-08T18:27:59.102273+00:00,temperature,101.003,4.0,combined,,
2026-08-08T18:27:59.102273+00:00,vibration_rms,,,combined,1.403,
2026-08-08T18:28:00.495608+00:00,temperature,101.357,4.0,combined,,
2026-08-08T18:28:01.704931+00:00,temperature,100.927,4.0,combined,,
2026-08-08T18:28:01.704931+00:00,vibration_rms,,,combined,1.164,
2026-08-08T18:28:03.181764+00:00,temperature,101.234,4.0,combined,,
2026-08-08T18:28:04.406880+00:00,temperature,101.756,4.0,combined,,
2026-08-08T18:28:04.406880+00:00,vibration_rms,,,combined,1.109,
2026-08-08T18:28:05.831156+00:00,temperature,101.547,4.0,combined,,
2026-08-08T18:28:07.047756+00:00,temperature,102.292,4.0,combined,,
2026-08-08T18:28:07.047756+00:00,vibration_rms,,,combined,0.961,
2026-08-08T18:28:08.458819+00:00,temperature,101.444,4.0,combined,,
2026-08-08T18:28:09.663532+00:00,temperature,101.839,4.0,combined,,
2026-08-08T18:28:09.663532+00:00,vibration_rms,,,combined,1.248,
2026-08-08T18:28:11.073917+00:00,temperature,101.411,4.0,combined,,
2026-08-08T18:28:12.350291+00:00,temperature,101.881,4.0,combined,,
2026-08-08T18:28:12.350291+00:00,vibration_rms,,,combined,1.308,
2026-08-08T18:28:13.680862+00:00,temperature,101.812,4.0,combined,,
2026-08-08T18:28:14.904923+00:00,temperature,101.995,4.0,combined,,
2026-08-08T18:28:14.904923+00:00,vibration_rms,,,combined,1.233,
2026-08-08T18:28:16.307800+00:00,temperature,102.12,4.0,combined,,
2026-08-08T18:28:17.496403+00:00,temperature,101.605,4.0,combined,,
2026-08-08T18:28:17.496403+00:00,vibration_rms,,,combined,1.494,
2026-08-08T18:28:18.885940+00:00,temperature,101.838,4.0,combined,,
2026-08-08T18:28:20.105925+00:00,temperature,102.7,4.0,combined,,
2026-08-08T18:28:20.105925+00:00,vibration_rms,,,combined,1.101,
2026-08-08T18:28:21.522630+00:00,temperature,102.159,4.0,combined,,
2026-08-08T18:28:22.728236+00:00,temperature,102.782,4.0,combined,,
2026-08-08T18:28:22.728236+00:00,vibration_rms,,,combined,1.387,
2026-08-08T18:28:24.184888+00:00,temperature,103.013,4.0,combined,,
2026-08-08T18:28:25.497114+00:00,temperature,103.008,4.0,combined,,
2026-08-08T18:28:25.497114+00:00,vibration_rms,,,combined,1.389,
2026-08-08T18:28:27.107779+00:00,temperature,102.817,4.0,combined,,
2026-08-08T18:28:28.457126+00:00,temperature,102.768,4.0,combined,,
2026-08-08T18:28:28.457126+00:00,vibration_rms,,,combined,1.276,
2026-08-08T18:28:30.094206+00:00,temperature,102.889,4.0,combined,,
2026-08-08T18:28:31.418015+00:00,temperature,102.886,4.0,combined,,
2026-08-08T18:28:31.418015+00:00,vibration_rms,,,combined,1.09,
2026-08-08T18:28:33.173823+00:00,temperature,102.976,4.0,combined,,
2026-08-08T18:28:34.552859+00:00,temperature,102.835,4.0,combined,,
2026-08-08T18:28:34.552859+00:00,vibration_rms,,,combined,1.107,
2026-08-08T18:28:36.221218+00:00,temperature,103.173,4.0,combined,,
2026-08-08T18:28:37.587415+00:00,temperature,103.083,4.0,combined,,
2026-08-08T18:28:37.587415+00:00,vibration_rms,,,combined,1.04,
2026-08-08T18:28:39.229603+00:00,temperature,103.081,4.0,combined,,
2026-08-08T18:28:40.529459+00:00,temperature,103.173,4.0,combined,,
2026-08-08T18:28:40.529459+00:00,vibration_rms,,,combined,1.067,
2026-08-08T18:28:42.174422+00:00,temperature,103.588,4.0,combined,,
2026-08-08T18:28:42.174422+00:00,door_event,,,combined,,OPEN
2026-08-08T18:28:43.454711+00:00,temperature,104.115,4.0,combined,,
2026-08-08T18:28:43.454711+00:00,vibration_rms,,,combined,1.401,
2026-08-08T18:28:43.454711+00:00,door_event,,,combined,,CLOSE
2026-08-08T18:28:45.055697+00:00,temperature,103.395,4.0,combined,,
2026-08-08T18:28:46.363763+00:00,temperature,103.698,4.0,combined,,
2026-08-08T18:28:46.363763+00:00,vibration_rms,,,combined,1.382,
2026-08-08T18:28:48.063372+00:00,temperature,103.651,4.0,combined,,
2026-08-08T18:28:48.063372+00:00,door_event,,,combined,,CLOSE
2026-08-08T18:28:49.355900+00:00,temperature,103.852,4.0,combined,,
2026-08-08T18:28:49.355900+00:00,vibration_rms,,,combined,1.293,
2026-08-08T18:28:50.998477+00:00,temperature,104.461,4.0,combined,,
2026-08-08T18:28:52.334582+00:00,temperature,104.142,4.0,combined,,
2026-08-08T18:28:52.334582+00:00,vibration_rms,,,combined,1.042,
2026-08-08T18:28:54.016344+00:00,temperature,104.713,4.0,combined,,
2026-08-08T18:28:55.342006+00:00,temperature,104.163,4.0,combined,,
2026-08-08T18:28:55.342006+00:00,vibration_rms,,,combined,1.264,
2026-08-08T18:28:56.931807+00:00,temperature,104.147,4.0,combined,,
2026-08-08T18:28:58.231249+00:00,temperature,104.261,4.0,combined,,
2026-08-08T18:28:58.231249+00:00,vibration_rms,,,combined,1.284,
2026-08-08T18:28:59.871852+00:00,temperature,104.657,4.0,combined,,
2026-08-08T18:29:01.174261+00:00,temperature,104.342,4.0,combined,,
2026-08-08T18:29:01.174261+00:00,vibration_rms,,,combined,1.222,
2026-08-08T18:29:02.750735+00:00,temperature,104.565,4.0,combined,,
2026-08-08T18:29:04.008569+00:00,temperature,104.793,4.0,combined,,
2026-08-08T18:29:04.008569+00:00,vibration_rms,,,combined,1.167,
2026-08-08T18:29:05.552663+00:00,temperature,104.585,4.0,combined,,
2026-08-08T18:29:06.867319+00:00,temperature,105.351,4.0,combined,,
2026-08-08T18:29:06.867319+00:00,vibration_rms,,,combined,1.246,
2026-08-08T18:29:08.424742+00:00,temperature,104.688,4.0,combined,,
2026-08-08T18:29:10.235677+00:00,temperature,104.965,4.0,combined,,
2026-08-08T18:29:10.235677+00:00,vibration_rms,,,combined,1.332,
2026-08-08T18:29:12.932806+00:00,temperature,104.784,4.0,combined,,
2026-08-08T18:29:14.579290+00:00,temperature,105.205,4.0,combined,,
2026-08-08T18:29:14.579290+00:00,vibration_rms,,,combined,1.005,
2026-08-08T18:29:14.579290+00:00,door_event,,,combined,,CLOSE
2026-08-08T18:29:17.197189+00:00,temperature,105.482,4.0,combined,,
2026-08-08T18:29:18.886861+00:00,temperature,104.729,4.0,combined,,
2026-08-08T18:29:18.886861+00:00,vibration_rms,,,combined,1.057,
2026-08-08T18:29:21.132452+00:00,temperature,105.586,4.0,combined,,
2026-08-08T18:29:22.819857+00:00,temperature,104.967,4.0,combined,,
2026-08-08T18:29:22.819857+00:00,vibration_rms,,,combined,1.184,
2026-08-08T18:29:22.819857+00:00,door_event,,,combined,,CLOSE
2026-08-08T18:29:24.887618+00:00,temperature,106.5,4.0,combined,,
2026-08-08T18:29:26.176707+00:00,temperature,106.071,4.0,combined,,
2026-08-08T18:29:26.176707+00:00,vibration_rms,,,combined,1.407,
2026-08-08T18:29:27.795686+00:00,temperature,106.081,4.0,combined,,
2026-08-08T18:29:29.067870+00:00,temperature,105.363,4.0,combined,,
2026-08-08T18:29:29.067870+00:00,vibration_rms,,,combined,1.091,
2026-08-08T18:29:30.531731+00:00,temperature,106.197,4.0,combined,,
2026-08-08T18:29:31.835589+00:00,temperature,106.235,4.0,combined,,
2026-08-08T18:29:31.835589+00:00,vibration_rms,,,combined,1.153,
2026-08-08T18:29:33.167743+00:00,temperature,106.867,4.0,combined,,
2026-08-08T18:29:34.389133+00:00,temperature,106.413,4.0,combined,,
2026-08-08T18:29:34.389133+00:00,vibration_rms,,,combined,1.293,
2026-08-08T18:29:35.833303+00:00,temperature,106.422,4.0,combined,,
2026-08-08T18:29:37.013517+00:00,temperature,106.237,4.0,combined,,
2026-08-08T18:29:37.013517+00:00,vibration_rms,,,combined,1.386,
2026-08-08T18:29:38.398578+00:00,temperature,106.553,4.0,combined,,
2026-08-08T18:29:39.566441+00:00,temperature,106.065,4.0,combined,,
2026-08-08T18:29:39.566441+00:00,vibration_rms,,,combined,1.344,
2026-08-08T18:29:40.976455+00:00,temperature,106.412,4.0,combined,,
2026-08-08T18:29:42.152958+00:00,temperature,106.686,4.0,combined,,
2026-08-08T18:29:42.152958+00:00,vibration_rms,,,combined,0.987,
2026-08-08T18:29:43.557969+00:00,temperature,106.745,4.0,combined,,
2026-08-08T18:29:44.754804+00:00,temperature,106.353,4.0,combined,,
2026-08-08T18:29:44.754804+00:00,vibration_rms,,,combined,1.216,
2026-08-08T18:29:46.130471+00:00,temperature,106.739,4.0,combined,,
2026-08-08T18:29:46.130471+00:00,door_event,,,combined,,OPEN
2026-08-08T18:29:47.342351+00:00,temperature,106.682,4.0,combined,,
2026-08-08T18:29:47.342351+00:00,vibration_rms,,,combined,1.001,
2026-08-08T18:29:48.777426+00:00,temperature,106.988,4.0,combined,,
2026-08-08T18:29:50.003982+00:00,temperature,107.181,4.0,combined,,
2026-08-08T18:29:50.003982+00:00,vibration_rms,,,combined,0.908,
2026-08-08T18:29:51.610016+00:00,temperature,106.904,4.0,combined,,
2026-08-08T18:29:52.802495+00:00,temperature,107.519,4.0,combined,,
2026-08-08T18:29:52.802495+00:00,vibration_rms,,,combined,1.302,
2026-08-08T18:29:54.245223+00:00,temperature,106.834,4.0,combined,,
2026-08-08T18:29:55.486171+00:00,temperature,107.334,4.0,combined,,
2026-08-08T18:29:55.486171+00:00,vibration_rms,,,combined,1.294,
2026-08-08T18:29:56.874749+00:00,temperature,107.61,4.0,combined,,
2026-08-08T18:29:58.036512+00:00,temperature,107.076,4.0,combined,,
2026-08-08T18:29:58.036512+00:00,vibration_rms,,,combined,1.202,
2026-08-08T18:29:59.390593+00:00,temperature,108.024,4.0,combined,,
2026-08-08T18:30:00.611345+00:00,temperature,107.538,4.0,combined,,
2026-08-08T18:30:00.611345+00:00,vibration_rms,,,combined,1.167,
2026-08-08T18:30:01.979948+00:00,temperature,107.932,4.0,combined,,
2026-08-08T18:30:03.250202+00:00,temperature,108.064,4.0,combined,,
2026-08-08T18:30:03.250202+00:00,vibration_rms,,,combined,1.459,
2026-08-08T18:30:04.722899+00:00,temperature,107.847,4.0,combined,,
2026-08-08T18:30:05.946079+00:00,temperature,107.976,4.0,combined,,
2026-08-08T18:30:05.946079+00:00,vibration_rms,,,combined,1.237,
2026-08-08T18:30:07.422654+00:00,temperature,107.966,4.0,combined,,
2026-08-08T18:30:08.623036+00:00,temperature,108.25,4.0,combined,,
2026-08-08T18:30:08.623036+00:00,vibration_rms,,,combined,1.259,
2026-08-08T18:30:10.001164+00:00,temperature,108.457,4.0,combined,,
2026-08-08T18:30:11.246341+00:00,temperature,108.122,4.0,combined,,
2026-08-08T18:30:11.246341+00:00,vibration_rms,,,combined,1.364,
2026-08-08T18:30:13.365183+00:00,temperature,108.643,4.0,combined,,
2026-08-08T18:30:14.882215+00:00,temperature,108.005,4.0,combined,,
2026-08-08T18:30:14.882215+00:00,vibration_rms,,,combined,1.055,
2026-08-08T18:30:16.354486+00:00,temperature,108.099,4.0,combined,,
2026-08-08T18:30:17.557293+00:00,temperature,107.847,4.0,combined,,
2026-08-08T18:30:17.557293+00:00,vibration_rms,,,combined,1.356,
2026-08-08T18:30:18.967680+00:00,temperature,108.807,4.0,combined,,
2026-08-08T18:30:20.234817+00:00,temperature,109.241,4.0,combined,,
2026-08-08T18:30:20.234817+00:00,vibration_rms,,,combined,1.579,
2026-08-08T18:30:21.623158+00:00,temperature,109.015,4.0,combined,,
2026-08-08T18:30:22.787754+00:00,temperature,109.255,4.0,combined,,
2026-08-08T18:30:22.787754+00:00,vibration_rms,,,combined,1.225,
