timestamp,sensor,value_c,setpoint_c,anomaly_mode,value_g,event
2026-07-29T19:25:01.212952+00:00,temperature,4.583,4.0,temp_drift,,
2026-07-29T19:25:02.517314+00:00,temperature,3.826,4.0,temp_drift,,
2026-07-29T19:25:02.517314+00:00,vibration_rms,,,temp_drift,0.459,
2026-07-29T19:25:03.968364+00:00,temperature,4.546,4.0,temp_drift,,
2026-07-29T19:25:05.244311+00:00,temperature,4.219,4.0,temp_drift,,
2026-07-29T19:25:05.244311+00:00,vibration_rms,,,temp_drift,0.416,
2026-07-29T19:25:06.678730+00:00,temperature,4.187,4.0,temp_drift,,
2026-07-29T19:25:07.877763+00:00,temperature,3.961,4.0,temp_drift,,
2026-07-29T19:25:07.877763+00:00,vibration_rms,,,temp_drift,0.449,
2026-07-29T19:25:09.313263+00:00,temperature,4.144,4.0,temp_drift,,
2026-07-29T19:25:10.566518+00:00,temperature,4.88,4.0,temp_drift,,
2026-07-29T19:25:10.566518+00:00,vibration_rms,,,temp_drift,0.491,
2026-07-29T19:25:12.022210+00:00,temperature,4.809,4.0,temp_drift,,
2026-07-29T19:25:13.243585+00:00,temperature,4.974,4.0,temp_drift,,
2026-07-29T19:25:13.243585+00:00,vibration_rms,,,temp_drift,0.445,
2026-07-29T19:25:14.678203+00:00,temperature,4.627,4.0,temp_drift,,
2026-07-29T19:25:15.900500+00:00,temperature,4.509,4.0,temp_drift,,
2026-07-29T19:25:15.900500+00:00,vibration_rms,,,temp_drift,0.41,
2026-07-29T19:25:17.298128+00:00,temperature,4.501,4.0,temp_drift,,
2026-07-29T19:25:18.499960+00:00,temperature,4.535,4.0,temp_drift,,
2026-07-29T19:25:18.499960+00:00,vibration_rms,,,temp_drift,0.429,
2026-07-29T19:25:19.913201+00:00,temperature,4.982,4.0,temp_drift,,
2026-07-29T19:25:21.178978+00:00,temperature,5.154,4.0,temp_drift,,
2026-07-29T19:25:21.178978+00:00,vibration_rms,,,temp_drift,0.491,
2026-07-29T19:25:22.623492+00:00,temperature,5.3,4.0,temp_drift,,
2026-07-29T19:25:23.809844+00:00,temperature,5.06,4.0,temp_drift,,
2026-07-29T19:25:23.809844+00:00,vibration_rms,,,temp_drift,0.487,
2026-07-29T19:25:25.224429+00:00,temperature,5.481,4.0,temp_drift,,
2026-07-29T19:25:26.466002+00:00,temperature,5.393,4.0,temp_drift,,
2026-07-29T19:25:26.466002+00:00,vibration_rms,,,temp_drift,0.426,
2026-07-29T19:25:27.902561+00:00,temperature,5.654,4.0,temp_drift,,
2026-07-29T19:25:29.153951+00:00,temperature,6.299,4.0,temp_drift,,
2026-07-29T19:25:29.153951+00:00,vibration_rms,,,temp_drift,0.416,
2026-07-29T19:25:30.625809+00:00,temperature,6.188,4.0,temp_drift,,
2026-07-29T19:25:31.868049+00:00,temperature,5.756,4.0,temp_drift,,
2026-07-29T19:25:31.868049+00:00,vibration_rms,,,temp_drift,0.443,
2026-07-29T19:25:33.298920+00:00,temperature,6.471,4.0,temp_drift,,
2026-07-29T19:25:34.523684+00:00,temperature,6.376,4.0,temp_drift,,
2026-07-29T19:25:34.523684+00:00,vibration_rms,,,temp_drift,0.505,
2026-07-29T19:25:35.925704+00:00,temperature,6.023,4.0,temp_drift,,
2026-07-29T19:25:37.142530+00:00,temperature,5.709,4.0,temp_drift,,
2026-07-29T19:25:37.142530+00:00,vibration_rms,,,temp_drift,0.524,
2026-07-29T19:25:38.587487+00:00,temperature,5.93,4.0,temp_drift,,
2026-07-29T19:25:39.779885+00:00,temperature,6.73,4.0,temp_drift,,
2026-07-29T19:25:39.779885+00:00,vibration_rms,,,temp_drift,0.388,
2026-07-29T19:25:41.216350+00:00,temperature,6.386,4.0,temp_drift,,
2026-07-29T19:25:42.424921+00:00,temperature,6.784,4.0,temp_drift,,
2026-07-29T19:25:42.424921+00:00,vibration_rms,,,temp_drift,0.515,
2026-07-29T19:25:43.814136+00:00,temperature,6.22,4.0,temp_drift,,
2026-07-29T19:25:45.069505+00:00,temperature,6.683,4.0,temp_drift,,
2026-07-29T19:25:45.069505+00:00,vibration_rms,,,temp_drift,0.493,
2026-07-29T19:25:46.480220+00:00,temperature,6.374,4.0,temp_drift,,
2026-07-29T19:25:47.994807+00:00,temperature,7.14,4.0,temp_drift,,
2026-07-29T19:25:47.994807+00:00,vibration_rms,,,temp_drift,0.475,
2026-07-29T19:25:49.436492+00:00,temperature,6.82,4.0,temp_drift,,
2026-07-29T19:25:50.633883+00:00,temperature,7.041,4.0,temp_drift,,
2026-07-29T19:25:50.633883+00:00,vibration_rms,,,temp_drift,0.473,
2026-07-29T19:25:52.080763+00:00,temperature,6.93,4.0,temp_drift,,
2026-07-29T19:25:53.347060+00:00,temperature,7.29,4.0,temp_drift,,
2026-07-29T19:25:53.347060+00:00,vibration_rms,,,temp_drift,0.503,
2026-07-29T19:25:54.803466+00:00,temperature,7.149,4.0,temp_drift,,
2026-07-29T19:25:56.048041+00:00,temperature,7.532,4.0,temp_drift,,
2026-07-29T19:25:56.048041+00:00,vibration_rms,,,temp_drift,0.485,
2026-07-29T19:25:57.501668+00:00,temperature,7.484,4.0,temp_drift,,
2026-07-29T19:25:58.809761+00:00,temperature,7.577,4.0,temp_drift,,
2026-07-29T19:25:58.809761+00:00,vibration_rms,,,temp_drift,0.518,
2026-07-29T19:26:00.223386+00:00,temperature,7.514,4.0,temp_drift,,
2026-07-29T19:26:01.470382+00:00,temperature,6.833,4.0,temp_drift,,
2026-07-29T19:26:01.470382+00:00,vibration_rms,,,temp_drift,0.43,
2026-07-29T19:26:02.855793+00:00,temperature,7.579,4.0,temp_drift,,
2026-07-29T19:26:02.855793+00:00,door_event,,,temp_drift,,OPEN
2026-07-29T19:26:04.068626+00:00,temperature,7.429,4.0,temp_drift,,
2026-07-29T19:26:04.068626+00:00,vibration_rms,,,temp_drift,0.425,
2026-07-29T19:26:04.068626+00:00,door_event,,,temp_drift,,OPEN
2026-07-29T19:26:05.483532+00:00,temperature,8.024,4.0,temp_drift,,
2026-07-29T19:26:06.726331+00:00,temperature,7.835,4.0,temp_drift,,
2026-07-29T19:26:06.726331+00:00,vibration_rms,,,temp_drift,0.485,
2026-07-29T19:26:08.134324+00:00,temperature,7.642,4.0,temp_drift,,
2026-07-29T19:26:09.370809+00:00,temperature,7.925,4.0,temp_drift,,
2026-07-29T19:26:09.370809+00:00,vibration_rms,,,temp_drift,0.467,
2026-07-29T19:26:10.767702+00:00,temperature,8.129,4.0,temp_drift,,
2026-07-29T19:26:12.026389+00:00,temperature,8.324,4.0,temp_drift,,
2026-07-29T19:26:12.026389+00:00,vibration_rms,,,temp_drift,0.461,
2026-07-29T19:26:13.504055+00:00,temperature,8.379,4.0,temp_drift,,
2026-07-29T19:26:14.726232+00:00,temperature,7.844,4.0,temp_drift,,
2026-07-29T19:26:14.726232+00:00,vibration_rms,,,temp_drift,0.558,
2026-07-29T19:26:14.726232+00:00,door_event,,,temp_drift,,CLOSE
2026-07-29T19:26:16.147561+00:00,temperature,8.382,4.0,temp_drift,,
2026-07-29T19:26:17.381859+00:00,temperature,8.498,4.0,temp_drift,,
2026-07-29T19:26:17.381859+00:00,vibration_rms,,,temp_drift,0.493,
2026-07-29T19:26:18.818092+00:00,temperature,9.077,4.0,temp_drift,,
2026-07-29T19:26:20.016836+00:00,temperature,8.679,4.0,temp_drift,,
2026-07-29T19:26:20.016836+00:00,vibration_rms,,,temp_drift,0.493,
2026-07-29T19:26:21.414370+00:00,temperature,8.962,4.0,temp_drift,,
2026-07-29T19:26:22.714743+00:00,temperature,8.673,4.0,temp_drift,,
2026-07-29T19:26:22.714743+00:00,vibration_rms,,,temp_drift,0.492,
2026-07-29T19:26:24.194887+00:00,temperature,8.966,4.0,temp_drift,,
2026-07-29T19:26:25.427368+00:00,temperature,8.929,4.0,temp_drift,,
2026-07-29T19:26:25.427368+00:00,vibration_rms,,,temp_drift,0.573,
2026-07-29T19:26:26.814309+00:00,temperature,8.555,4.0,temp_drift,,
2026-07-29T19:26:28.039745+00:00,temperature,9.213,4.0,temp_drift,,
2026-07-29T19:26:28.039745+00:00,vibration_rms,,,temp_drift,0.458,
2026-07-29T19:26:29.482808+00:00,temperature,8.975,4.0,temp_drift,,
2026-07-29T19:26:30.695431+00:00,temperature,8.93,4.0,temp_drift,,
2026-07-29T19:26:30.695431+00:00,vibration_rms,,,temp_drift,0.472,
2026-07-29T19:26:32.085827+00:00,temperature,9.376,4.0,temp_drift,,
2026-07-29T19:26:33.349732+00:00,temperature,9.743,4.0,temp_drift,,
2026-07-29T19:26:33.349732+00:00,vibration_rms,,,temp_drift,0.448,
2026-07-29T19:26:34.783631+00:00,temperature,9.665,4.0,temp_drift,,
2026-07-29T19:26:36.050037+00:00,temperature,9.378,4.0,temp_drift,,
2026-07-29T19:26:36.050037+00:00,vibration_rms,,,temp_drift,0.391,
2026-07-29T19:26:37.491526+00:00,temperature,10.013,4.0,temp_drift,,
2026-07-29T19:26:38.727849+00:00,temperature,9.466,4.0,temp_drift,,
2026-07-29T19:26:38.727849+00:00,vibration_rms,,,temp_drift,0.424,
2026-07-29T19:26:40.137262+00:00,temperature,10.27,4.0,temp_drift,,
2026-07-29T19:26:40.137262+00:00,door_event,,,temp_drift,,CLOSE
2026-07-29T19:26:41.351218+00:00,temperature,10.281,4.0,temp_drift,,
2026-07-29T19:26:41.351218+00:00,vibration_rms,,,temp_drift,0.385,
2026-07-29T19:26:42.741946+00:00,temperature,9.358,4.0,temp_drift,,
2026-07-29T19:26:43.953689+00:00,temperature,10.225,4.0,temp_drift,,
2026-07-29T19:26:43.953689+00:00,vibration_rms,,,temp_drift,0.492,
2026-07-29T19:26:45.381671+00:00,temperature,10.492,4.0,temp_drift,,
2026-07-29T19:26:45.381671+00:00,door_event,,,temp_drift,,OPEN
2026-07-29T19:26:46.618698+00:00,temperature,10.697,4.0,temp_drift,,
2026-07-29T19:26:46.618698+00:00,vibration_rms,,,temp_drift,0.451,
2026-07-29T19:26:47.994629+00:00,temperature,10.561,4.0,temp_drift,,
2026-07-29T19:26:49.214988+00:00,temperature,10.692,4.0,temp_drift,,
2026-07-29T19:26:49.214988+00:00,vibration_rms,,,temp_drift,0.441,
2026-07-29T19:26:49.214988+00:00,door_event,,,temp_drift,,CLOSE
2026-07-29T19:26:50.627352+00:00,temperature,10.407,4.0,temp_drift,,
2026-07-29T19:26:51.851158+00:00,temperature,10.07,4.0,temp_drift,,
2026-07-29T19:26:51.851158+00:00,vibration_rms,,,temp_drift,0.477,
2026-07-29T19:26:53.238445+00:00,temperature,10.698,4.0,temp_drift,,
2026-07-29T19:26:54.495809+00:00,temperature,10.8,4.0,temp_drift,,
2026-07-29T19:26:54.495809+00:00,vibration_rms,,,temp_drift,0.414,
2026-07-29T19:26:55.914887+00:00,temperature,10.962,4.0,temp_drift,,
2026-07-29T19:26:57.150713+00:00,temperature,11.367,4.0,temp_drift,,
2026-07-29T19:26:57.150713+00:00,vibration_rms,,,temp_drift,0.408,
2026-07-29T19:26:58.834688+00:00,temperature,11.153,4.0,temp_drift,,
2026-07-29T19:27:00.071255+00:00,temperature,11.605,4.0,temp_drift,,
2026-07-29T19:27:00.071255+00:00,vibration_rms,,,temp_drift,0.449,
2026-07-29T19:27:02.074615+00:00,temperature,11.759,4.0,temp_drift,,
2026-07-29T19:27:03.672222+00:00,temperature,11.209,4.0,temp_drift,,
2026-07-29T19:27:03.672222+00:00,vibration_rms,,,temp_drift,0.443,
2026-07-29T19:27:03.672222+00:00,door_event,,,temp_drift,,CLOSE
2026-07-29T19:27:05.254208+00:00,temperature,11.426,4.0,temp_drift,,
2026-07-29T19:27:06.474145+00:00,temperature,11.329,4.0,temp_drift,,
2026-07-29T19:27:06.474145+00:00,vibration_rms,,,temp_drift,0.43,
2026-07-29T19:27:07.894835+00:00,temperature,11.745,4.0,temp_drift,,
2026-07-29T19:27:09.129694+00:00,temperature,11.291,4.0,temp_drift,,
2026-07-29T19:27:09.129694+00:00,vibration_rms,,,temp_drift,0.415,
2026-07-29T19:27:10.582735+00:00,temperature,11.811,4.0,temp_drift,,
2026-07-29T19:27:11.853871+00:00,temperature,12.046,4.0,temp_drift,,
2026-07-29T19:27:11.853871+00:00,vibration_rms,,,temp_drift,0.415,
2026-07-29T19:27:13.352235+00:00,temperature,11.717,4.0,temp_drift,,
2026-07-29T19:27:14.596019+00:00,temperature,11.767,4.0,temp_drift,,
2026-07-29T19:27:14.596019+00:00,vibration_rms,,,temp_drift,0.522,
2026-07-29T19:27:16.294040+00:00,temperature,12.316,4.0,temp_drift,,
2026-07-29T19:27:17.541347+00:00,temperature,11.867,4.0,temp_drift,,
2026-07-29T19:27:17.541347+00:00,vibration_rms,,,temp_drift,0.513,
2026-07-29T19:27:18.955950+00:00,temperature,12.257,4.0,temp_drift,,
2026-07-29T19:27:20.240471+00:00,temperature,11.961,4.0,temp_drift,,
2026-07-29T19:27:20.240471+00:00,vibration_rms,,,temp_drift,0.457,
2026-07-29T19:27:21.660754+00:00,temperature,12.176,4.0,temp_drift,,
2026-07-29T19:27:22.863496+00:00,temperature,12.859,4.0,temp_drift,,
2026-07-29T19:27:22.863496+00:00,vibration_rms,,,temp_drift,0.426,
2026-07-29T19:27:24.257778+00:00,temperature,12.036,4.0,temp_drift,,
2026-07-29T19:27:25.519621+00:00,temperature,12.808,4.0,temp_drift,,
2026-07-29T19:27:25.519621+00:00,vibration_rms,,,temp_drift,0.484,
2026-07-29T19:27:26.954439+00:00,temperature,12.624,4.0,temp_drift,,
2026-07-29T19:27:28.194605+00:00,temperature,12.863,4.0,temp_drift,,
2026-07-29T19:27:28.194605+00:00,vibration_rms,,,temp_drift,0.459,
2026-07-29T19:27:29.567152+00:00,temperature,12.985,4.0,temp_drift,,
2026-07-29T19:27:30.786847+00:00,temperature,12.732,4.0,temp_drift,,
2026-07-29T19:27:30.786847+00:00,vibration_rms,,,temp_drift,0.438,
2026-07-29T19:27:32.141952+00:00,temperature,12.66,4.0,temp_drift,,
2026-07-29T19:27:33.354601+00:00,temperature,12.918,4.0,temp_drift,,
2026-07-29T19:27:33.354601+00:00,vibration_rms,,,temp_drift,0.371,
2026-07-29T19:27:34.795836+00:00,temperature,12.949,4.0,temp_drift,,
2026-07-29T19:27:36.020630+00:00,temperature,12.877,4.0,temp_drift,,
2026-07-29T19:27:36.020630+00:00,vibration_rms,,,temp_drift,0.511,
2026-07-29T19:27:37.499538+00:00,temperature,13.41,4.0,temp_drift,,
2026-07-29T19:27:38.774992+00:00,temperature,12.576,4.0,temp_drift,,
2026-07-29T19:27:38.774992+00:00,vibration_rms,,,temp_drift,0.388,
2026-07-29T19:27:40.205598+00:00,temperature,13.318,4.0,temp_drift,,
2026-07-29T19:27:41.440014+00:00,temperature,13.474,4.0,temp_drift,,
2026-07-29T19:27:41.440014+00:00,vibration_rms,,,temp_drift,0.482,
2026-07-29T19:27:41.440014+00:00,door_event,,,temp_drift,,OPEN
2026-07-29T19:27:42.862445+00:00,temperature,14.537,4.0,temp_drift,,
2026-07-29T19:27:44.087595+00:00,temperature,13.447,4.0,temp_drift,,
2026-07-29T19:27:44.087595+00:00,vibration_rms,,,temp_drift,0.503,
2026-07-29T19:27:45.473731+00:00,temperature,13.327,4.0,temp_drift,,
2026-07-29T19:27:46.777505+00:00,temperature,13.826,4.0,temp_drift,,
2026-07-29T19:27:46.777505+00:00,vibration_rms,,,temp_drift,0.371,
2026-07-29T19:27:48.210556+00:00,temperature,13.851,4.0,temp_drift,,
2026-07-29T19:27:48.210556+00:00,door_event,,,temp_drift,,CLOSE
2026-07-29T19:27:49.434556+00:00,temperature,14.082,4.0,temp_drift,,
2026-07-29T19:27:49.434556+00:00,vibration_rms,,,temp_drift,0.494,
2026-07-29T19:27:50.864910+00:00,temperature,13.654,4.0,temp_drift,,
2026-07-29T19:27:52.055117+00:00,temperature,14.375,4.0,temp_drift,,
2026-07-29T19:27:52.055117+00:00,vibration_rms,,,temp_drift,0.455,
2026-07-29T19:27:53.408355+00:00,temperature,14.023,4.0,temp_drift,,
2026-07-29T19:27:54.602007+00:00,temperature,14.738,4.0,temp_drift,,
2026-07-29T19:27:54.602007+00:00,vibration_rms,,,temp_drift,0.472,
2026-07-29T19:27:56.040666+00:00,temperature,14.731,4.0,temp_drift,,
2026-07-29T19:27:57.275712+00:00,temperature,14.302,4.0,temp_drift,,
2026-07-29T19:27:57.275712+00:00,vibration_rms,,,temp_drift,0.448,
2026-07-29T19:27:58.699085+00:00,temperature,14.54,4.0,temp_drift,,
2026-07-29T19:27:59.944119+00:00,temperature,15.111,4.0,temp_drift,,
2026-07-29T19:27:59.944119+00:00,vibration_rms,,,temp_drift,0.499,
2026-07-29T19:27:59.944119+00:00,door_event,,,temp_drift,,OPEN
2026-07-29T19:28:01.352067+00:00,temperature,14.5,4.0,temp_drift,,
2026-07-29T19:28:02.568113+00:00,temperature,14.844,4.0,temp_drift,,
2026-07-29T19:28:02.568113+00:00,vibration_rms,,,temp_drift,0.48,
2026-07-29T19:28:03.907821+00:00,temperature,14.802,4.0,temp_drift,,
2026-07-29T19:28:05.122872+00:00,temperature,14.827,4.0,temp_drift,,
2026-07-29T19:28:05.122872+00:00,vibration_rms,,,temp_drift,0.416,
2026-07-29T19:28:06.510157+00:00,temperature,15.84,4.0,temp_drift,,
2026-07-29T19:28:07.755939+00:00,temperature,15.29,4.0,temp_drift,,
2026-07-29T19:28:07.755939+00:00,vibration_rms,,,temp_drift,0.536,
2026-07-29T19:28:09.183137+00:00,temperature,15.237,4.0,temp_drift,,
2026-07-29T19:28:10.398580+00:00,temperature,15.107,4.0,temp_drift,,
2026-07-29T19:28:10.398580+00:00,vibration_rms,,,temp_drift,0.386,
2026-07-29T19:28:11.791367+00:00,temperature,15.457,4.0,temp_drift,,
2026-07-29T19:28:12.987413+00:00,temperature,15.844,4.0,temp_drift,,
2026-07-29T19:28:12.987413+00:00,vibration_rms,,,temp_drift,0.448,
2026-07-29T19:28:14.390330+00:00,temperature,16.148,4.0,temp_drift,,
2026-07-29T19:28:15.590548+00:00,temperature,15.472,4.0,temp_drift,,
2026-07-29T19:28:15.590548+00:00,vibration_rms,,,temp_drift,0.41,
2026-07-29T19:28:15.590548+00:00,door_event,,,temp_drift,,OPEN
2026-07-29T19:28:17.001964+00:00,temperature,15.578,4.0,temp_drift,,
2026-07-29T19:28:18.233107+00:00,temperature,15.458,4.0,temp_drift,,
2026-07-29T19:28:18.233107+00:00,vibration_rms,,,temp_drift,0.47,
2026-07-29T19:28:19.702999+00:00,temperature,15.92,4.0,temp_drift,,
2026-07-29T19:28:20.900377+00:00,temperature,15.865,4.0,temp_drift,,
2026-07-29T19:28:20.900377+00:00,vibration_rms,,,temp_drift,0.485,
2026-07-29T19:28:22.342670+00:00,temperature,16.175,4.0,temp_drift,,
2026-07-29T19:28:23.565723+00:00,temperature,16.397,4.0,temp_drift,,
2026-07-29T19:28:23.565723+00:00,vibration_rms,,,temp_drift,0.447,
2026-07-29T19:28:24.975604+00:00,temperature,16.309,4.0,temp_drift,,
2026-07-29T19:28:26.198888+00:00,temperature,16.42,4.0,temp_drift,,
2026-07-29T19:28:26.198888+00:00,vibration_rms,,,temp_drift,0.495,
2026-07-29T19:28:27.534801+00:00,temperature,16.174,4.0,temp_drift,,
2026-07-29T19:28:28.768095+00:00,temperature,16.417,4.0,temp_drift,,
2026-07-29T19:28:28.768095+00:00,vibration_rms,,,temp_drift,0.453,
2026-07-29T19:28:30.213538+00:00,temperature,16.611,4.0,temp_drift,,
2026-07-29T19:28:31.454834+00:00,temperature,16.746,4.0,temp_drift,,
2026-07-29T19:28:31.454834+00:00,vibration_rms,,,temp_drift,0.415,
2026-07-29T19:28:32.855051+00:00,temperature,16.994,4.0,temp_drift,,
2026-07-29T19:28:34.087805+00:00,temperature,16.49,4.0,temp_drift,,
2026-07-29T19:28:34.087805+00:00,vibration_rms,,,temp_drift,0.512,
2026-07-29T19:28:35.523617+00:00,temperature,17.338,4.0,temp_drift,,
2026-07-29T19:28:36.757425+00:00,temperature,17.015,4.0,temp_drift,,
2026-07-29T19:28:36.757425+00:00,vibration_rms,,,temp_drift,0.446,
2026-07-29T19:28:38.179041+00:00,temperature,17.167,4.0,temp_drift,,
2026-07-29T19:28:39.422732+00:00,temperature,17.078,4.0,temp_drift,,
2026-07-29T19:28:39.422732+00:00,vibration_rms,,,temp_drift,0.473,
2026-07-29T19:28:40.865439+00:00,temperature,16.586,4.0,temp_drift,,
2026-07-29T19:28:42.068554+00:00,temperature,17.154,4.0,temp_drift,,
2026-07-29T19:28:42.068554+00:00,vibration_rms,,,temp_drift,0.336,
2026-07-29T19:28:43.429808+00:00,temperature,17.48,4.0,temp_drift,,
2026-07-29T19:28:44.633346+00:00,temperature,17.492,4.0,temp_drift,,
2026-07-29T19:28:44.633346+00:00,vibration_rms,,,temp_drift,0.397,
2026-07-29T19:28:44.633346+00:00,door_event,,,temp_drift,,CLOSE
2026-07-29T19:28:45.992491+00:00,temperature,17.813,4.0,temp_drift,,
2026-07-29T19:28:47.190636+00:00,temperature,17.833,4.0,temp_drift,,
2026-07-29T19:28:47.190636+00:00,vibration_rms,,,temp_drift,0.491,
2026-07-29T19:28:48.590828+00:00,temperature,17.578,4.0,temp_drift,,
2026-07-29T19:28:49.799152+00:00,temperature,17.772,4.0,temp_drift,,
2026-07-29T19:28:49.799152+00:00,vibration_rms,,,temp_drift,0.403,
2026-07-29T19:28:51.215425+00:00,temperature,17.541,4.0,temp_drift,,
2026-07-29T19:28:52.422341+00:00,temperature,17.188,4.0,temp_drift,,
2026-07-29T19:28:52.422341+00:00,vibration_rms,,,temp_drift,0.451,
2026-07-29T19:28:53.822400+00:00,temperature,17.866,4.0,temp_drift,,
2026-07-29T19:28:55.010688+00:00,temperature,17.86,4.0,temp_drift,,
2026-07-29T19:28:55.010688+00:00,vibration_rms,,,temp_drift,0.514,
2026-07-29T19:28:56.366557+00:00,temperature,18.388,4.0,temp_drift,,
2026-07-29T19:28:57.533478+00:00,temperature,17.966,4.0,temp_drift,,
2026-07-29T19:28:57.533478+00:00,vibration_rms,,,temp_drift,0.401,
2026-07-29T19:28:58.902967+00:00,temperature,18.312,4.0,temp_drift,,
2026-07-29T19:29:00.112795+00:00,temperature,18.725,4.0,temp_drift,,
2026-07-29T19:29:00.112795+00:00,vibration_rms,,,temp_drift,0.485,
2026-07-29T19:29:01.480709+00:00,temperature,18.457,4.0,temp_drift,,
2026-07-29T19:29:02.680777+00:00,temperature,18.689,4.0,temp_drift,,
2026-07-29T19:29:02.680777+00:00,vibration_rms,,,temp_drift,0.333,
2026-07-29T19:29:04.025904+00:00,temperature,18.483,4.0,temp_drift,,
2026-07-29T19:29:05.324241+00:00,temperature,19.146,4.0,temp_drift,,
2026-07-29T19:29:05.324241+00:00,vibration_rms,,,temp_drift,0.484,
2026-07-29T19:29:06.777936+00:00,temperature,18.827,4.0,temp_drift,,
2026-07-29T19:29:07.967275+00:00,temperature,18.701,4.0,temp_drift,,
2026-07-29T19:29:07.967275+00:00,vibration_rms,,,temp_drift,0.41,
2026-07-29T19:29:09.326166+00:00,temperature,19.465,4.0,temp_drift,,
2026-07-29T19:29:10.558424+00:00,temperature,19.46,4.0,temp_drift,,
2026-07-29T19:29:10.558424+00:00,vibration_rms,,,temp_drift,0.533,
2026-07-29T19:29:11.934784+00:00,temperature,18.829,4.0,temp_drift,,
2026-07-29T19:29:13.157990+00:00,temperature,18.976,4.0,temp_drift,,
2026-07-29T19:29:13.157990+00:00,vibration_rms,,,temp_drift,0.471,
2026-07-29T19:29:13.157990+00:00,door_event,,,temp_drift,,CLOSE
2026-07-29T19:29:14.528639+00:00,temperature,18.916,4.0,temp_drift,,
2026-07-29T19:29:15.767296+00:00,temperature,19.191,4.0,temp_drift,,
2026-07-29T19:29:15.767296+00:00,vibration_rms,,,temp_drift,0.441,
2026-07-29T19:29:17.158387+00:00,temperature,19.046,4.0,temp_drift,,
2026-07-29T19:29:18.348391+00:00,temperature,19.859,4.0,temp_drift,,
2026-07-29T19:29:18.348391+00:00,vibration_rms,,,temp_drift,0.444,
2026-07-29T19:29:19.791858+00:00,temperature,20.153,4.0,temp_drift,,
2026-07-29T19:29:21.027902+00:00,temperature,19.415,4.0,temp_drift,,
2026-07-29T19:29:21.027902+00:00,vibration_rms,,,temp_drift,0.34,
2026-07-29T19:29:22.456807+00:00,temperature,19.519,4.0,temp_drift,,
2026-07-29T19:29:23.702784+00:00,temperature,19.942,4.0,temp_drift,,
2026-07-29T19:29:23.702784+00:00,vibration_rms,,,temp_drift,0.408,
2026-07-29T19:29:25.089730+00:00,temperature,19.77,4.0,temp_drift,,
2026-07-29T19:29:26.282388+00:00,temperature,19.457,4.0,temp_drift,,
2026-07-29T19:29:26.282388+00:00,vibration_rms,,,temp_drift,0.531,
2026-07-29T19:29:27.703626+00:00,temperature,19.925,4.0,temp_drift,,
2026-07-29T19:29:28.945953+00:00,temperature,20.166,4.0,temp_drift,,
2026-07-29T19:29:28.945953+00:00,vibration_rms,,,temp_drift,0.452,
2026-07-29T19:29:30.394329+00:00,temperature,20.157,4.0,temp_drift,,
2026-07-29T19:29:31.606730+00:00,temperature,20.623,4.0,temp_drift,,
2026-07-29T19:29:31.606730+00:00,vibration_rms,,,temp_drift,0.442,
2026-07-29T19:29:32.981641+00:00,temperature,20.544,4.0,temp_drift,,
2026-07-29T19:29:34.172104+00:00,temperature,20.107,4.0,temp_drift,,
2026-07-29T19:29:34.172104+00:00,vibration_rms,,,temp_drift,0.476,
2026-07-29T19:29:35.580179+00:00,temperature,20.505,4.0,temp_drift,,
2026-07-29T19:29:36.794024+00:00,temperature,20.706,4.0,temp_drift,,
2026-07-29T19:29:36.794024+00:00,vibration_rms,,,temp_drift,0.429,
2026-07-29T19:29:38.216450+00:00,temperature,20.563,4.0,temp_drift,,
2026-07-29T19:29:39.468816+00:00,temperature,19.963,4.0,temp_drift,,
2026-07-29T19:29:39.468816+00:00,vibration_rms,,,temp_drift,0.408,
2026-07-29T19:29:40.891928+00:00,temperature,20.647,4.0,temp_drift,,
2026-07-29T19:29:42.080939+00:00,temperature,20.347,4.0,temp_drift,,
2026-07-29T19:29:42.080939+00:00,vibration_rms,,,temp_drift,0.384,
2026-07-29T19:29:43.459149+00:00,temperature,21.169,4.0,temp_drift,,
2026-07-29T19:29:44.672658+00:00,temperature,20.887,4.0,temp_drift,,
2026-07-29T19:29:44.672658+00:00,vibration_rms,,,temp_drift,0.402,
2026-07-29T19:29:46.061667+00:00,temperature,21.058,4.0,temp_drift,,
2026-07-29T19:29:46.061667+00:00,door_event,,,temp_drift,,OPEN
2026-07-29T19:29:47.274487+00:00,temperature,21.286,4.0,temp_drift,,
2026-07-29T19:29:47.274487+00:00,vibration_rms,,,temp_drift,0.486,
2026-07-29T19:29:48.649835+00:00,temperature,21.575,4.0,temp_drift,,
2026-07-29T19:29:49.872500+00:00,temperature,21.14,4.0,temp_drift,,
2026-07-29T19:29:49.872500+00:00,vibration_rms,,,temp_drift,0.529,
2026-07-29T19:29:51.265480+00:00,temperature,21.254,4.0,temp_drift,,
2026-07-29T19:29:52.506996+00:00,temperature,21.165,4.0,temp_drift,,
2026-07-29T19:29:52.506996+00:00,vibration_rms,,,temp_drift,0.522,
2026-07-29T19:29:53.859674+00:00,temperature,21.9,4.0,temp_drift,,
2026-07-29T19:29:55.017505+00:00,temperature,21.838,4.0,temp_drift,,
2026-07-29T19:29:55.017505+00:00,vibration_rms,,,temp_drift,0.475,
2026-07-29T19:29:55.017505+00:00,door_event,,,temp_drift,,OPEN
2026-07-29T19:29:56.493144+00:00,temperature,21.416,4.0,temp_drift,,
2026-07-29T19:29:57.705609+00:00,temperature,22.419,4.0,temp_drift,,
2026-07-29T19:29:57.705609+00:00,vibration_rms,,,temp_drift,0.4,
2026-07-29T19:29:59.151697+00:00,temperature,22.362,4.0,temp_drift,,
2026-07-29T19:30:00.347860+00:00,temperature,21.838,4.0,temp_drift,,
2026-07-29T19:30:00.347860+00:00,vibration_rms,,,temp_drift,0.406,
2026-07-29T19:30:01.739882+00:00,temperature,22.038,4.0,temp_drift,,
2026-07-29T19:30:01.739882+00:00,door_event,,,temp_drift,,CLOSE
2026-07-29T19:30:02.960135+00:00,temperature,22.528,4.0,temp_drift,,
2026-07-29T19:30:02.960135+00:00,vibration_rms,,,temp_drift,0.414,
2026-07-29T19:30:04.356407+00:00,temperature,22.235,4.0,temp_drift,,
2026-07-29T19:30:05.561920+00:00,temperature,22.197,4.0,temp_drift,,
2026-07-29T19:30:05.561920+00:00,vibration_rms,,,temp_drift,0.43,
2026-07-29T19:30:06.931132+00:00,temperature,22.359,4.0,temp_drift,,
2026-07-29T19:30:08.162321+00:00,temperature,22.874,4.0,temp_drift,,
2026-07-29T19:30:08.162321+00:00,vibration_rms,,,temp_drift,0.441,
2026-07-29T19:30:09.506331+00:00,temperature,22.668,4.0,temp_drift,,
2026-07-29T19:30:10.693955+00:00,temperature,22.842,4.0,temp_drift,,
2026-07-29T19:30:10.693955+00:00,vibration_rms,,,temp_drift,0.382,
2026-07-29T19:30:12.095043+00:00,temperature,22.192,4.0,temp_drift,,
2026-07-29T19:30:13.296725+00:00,temperature,22.293,4.0,temp_drift,,
2026-07-29T19:30:13.296725+00:00,vibration_rms,,,temp_drift,0.522,
2026-07-29T19:30:14.739597+00:00,temperature,23.225,4.0,temp_drift,,
2026-07-29T19:30:15.904191+00:00,temperature,22.3,4.0,temp_drift,,
2026-07-29T19:30:15.904191+00:00,vibration_rms,,,temp_drift,0.408,
2026-07-29T19:30:17.293205+00:00,temperature,23.587,4.0,temp_drift,,
2026-07-29T19:30:18.507370+00:00,temperature,23.046,4.0,temp_drift,,
2026-07-29T19:30:18.507370+00:00,vibration_rms,,,temp_drift,0.434,
2026-07-29T19:30:19.878983+00:00,temperature,23.424,4.0,temp_drift,,
2026-07-29T19:30:21.141972+00:00,temperature,23.219,4.0,temp_drift,,
2026-07-29T19:30:21.141972+00:00,vibration_rms,,,temp_drift,0.453,
2026-07-29T19:30:22.567736+00:00,temperature,23.096,4.0,temp_drift,,
2026-07-29T19:30:23.774859+00:00,temperature,23.148,4.0,temp_drift,,
2026-07-29T19:30:23.774859+00:00,vibration_rms,,,temp_drift,0.571,
2026-07-29T19:30:25.126614+00:00,temperature,23.69,4.0,temp_drift,,
2026-07-29T19:30:26.337854+00:00,temperature,24.139,4.0,temp_drift,,
2026-07-29T19:30:26.337854+00:00,vibration_rms,,,temp_drift,0.498,
2026-07-29T19:30:27.758482+00:00,temperature,23.685,4.0,temp_drift,,
2026-07-29T19:30:28.957681+00:00,temperature,23.649,4.0,temp_drift,,
2026-07-29T19:30:28.957681+00:00,vibration_rms,,,temp_drift,0.456,
2026-07-29T19:30:30.327019+00:00,temperature,24.296,4.0,temp_drift,,
2026-07-29T19:30:31.550158+00:00,temperature,23.592,4.0,temp_drift,,
2026-07-29T19:30:31.550158+00:00,vibration_rms,,,temp_drift,0.443,
2026-07-29T19:30:32.928499+00:00,temperature,24.228,4.0,temp_drift,,
2026-07-29T19:30:34.138520+00:00,temperature,24.055,4.0,temp_drift,,
2026-07-29T19:30:34.138520+00:00,vibration_rms,,,temp_drift,0.434,
2026-07-29T19:30:35.525881+00:00,temperature,24.328,4.0,temp_drift,,
2026-07-29T19:30:36.705192+00:00,temperature,24.442,4.0,temp_drift,,
2026-07-29T19:30:36.705192+00:00,vibration_rms,,,temp_drift,0.468,
2026-07-29T19:30:38.138424+00:00,temperature,24.033,4.0,temp_drift,,
2026-07-29T19:30:39.372831+00:00,temperature,24.184,4.0,temp_drift,,
2026-07-29T19:30:39.372831+00:00,vibration_rms,,,temp_drift,0.4,
2026-07-29T19:30:40.769333+00:00,temperature,24.226,4.0,temp_drift,,
2026-07-29T19:30:41.994662+00:00,temperature,24.232,4.0,temp_drift,,
2026-07-29T19:30:41.994662+00:00,vibration_rms,,,temp_drift,0.41,
2026-07-29T19:30:43.446786+00:00,temperature,24.32,4.0,temp_drift,,
2026-07-29T19:30:44.673760+00:00,temperature,24.971,4.0,temp_drift,,
2026-07-29T19:30:44.673760+00:00,vibration_rms,,,temp_drift,0.505,
2026-07-29T19:30:46.053220+00:00,temperature,24.794,4.0,temp_drift,,
2026-07-29T19:30:47.306020+00:00,temperature,24.453,4.0,temp_drift,,
2026-07-29T19:30:47.306020+00:00,vibration_rms,,,temp_drift,0.442,
2026-07-29T19:30:48.692025+00:00,temperature,25.276,4.0,temp_drift,,
2026-07-29T19:30:49.875809+00:00,temperature,25.335,4.0,temp_drift,,
2026-07-29T19:30:49.875809+00:00,vibration_rms,,,temp_drift,0.371,
2026-07-29T19:30:51.236633+00:00,temperature,24.868,4.0,temp_drift,,
2026-07-29T19:30:52.462897+00:00,temperature,25.341,4.0,temp_drift,,
2026-07-29T19:30:52.462897+00:00,vibration_rms,,,temp_drift,0.443,
2026-07-29T19:30:53.856056+00:00,temperature,25.736,4.0,temp_drift,,
2026-07-29T19:30:55.072382+00:00,temperature,24.932,4.0,temp_drift,,
2026-07-29T19:30:55.072382+00:00,vibration_rms,,,temp_drift,0.439,
2026-07-29T19:30:56.450701+00:00,temperature,25.364,4.0,temp_drift,,
2026-07-29T19:30:57.696683+00:00,temperature,25.747,4.0,temp_drift,,
2026-07-29T19:30:57.696683+00:00,vibration_rms,,,temp_drift,0.57,
2026-07-29T19:30:59.071094+00:00,temperature,25.216,4.0,temp_drift,,
2026-07-29T19:31:00.260407+00:00,temperature,26.186,4.0,temp_drift,,
2026-07-29T19:31:00.260407+00:00,vibration_rms,,,temp_drift,0.5,
2026-07-29T19:31:01.628819+00:00,temperature,26.272,4.0,temp_drift,,
2026-07-29T19:31:02.838526+00:00,temperature,26.19,4.0,temp_drift,,
2026-07-29T19:31:02.838526+00:00,vibration_rms,,,temp_drift,0.446,
2026-07-29T19:31:04.242126+00:00,temperature,26.223,4.0,temp_drift,,
2026-07-29T19:31:05.440764+00:00,temperature,26.245,4.0,temp_drift,,
2026-07-29T19:31:05.440764+00:00,vibration_rms,,,temp_drift,0.506,
2026-07-29T19:31:06.807702+00:00,temperature,26.228,4.0,temp_drift,,
2026-07-29T19:31:06.807702+00:00,door_event,,,temp_drift,,OPEN
2026-07-29T19:31:08.078258+00:00,temperature,26.261,4.0,temp_drift,,
2026-07-29T19:31:08.078258+00:00,vibration_rms,,,temp_drift,0.469,
2026-07-29T19:31:09.493712+00:00,temperature,25.741,4.0,temp_drift,,
2026-07-29T19:31:10.722830+00:00,temperature,26.532,4.0,temp_drift,,
2026-07-29T19:31:10.722830+00:00,vibration_rms,,,temp_drift,0.437,
2026-07-29T19:31:12.150738+00:00,temperature,26.897,4.0,temp_drift,,
2026-07-29T19:31:13.383230+00:00,temperature,27.313,4.0,temp_drift,,
2026-07-29T19:31:13.383230+00:00,vibration_rms,,,temp_drift,0.443,
2026-07-29T19:31:14.793449+00:00,temperature,26.148,4.0,temp_drift,,
2026-07-29T19:31:16.008057+00:00,temperature,26.38,4.0,temp_drift,,
2026-07-29T19:31:16.008057+00:00,vibration_rms,,,temp_drift,0.504,
2026-07-29T19:31:17.432015+00:00,temperature,26.224,4.0,temp_drift,,
2026-07-29T19:31:18.657933+00:00,temperature,27.295,4.0,temp_drift,,
2026-07-29T19:31:18.657933+00:00,vibration_rms,,,temp_drift,0.477,
2026-07-29T19:31:20.031931+00:00,temperature,27.492,4.0,temp_drift,,
2026-07-29T19:31:21.238843+00:00,temperature,26.94,4.0,temp_drift,,
2026-07-29T19:31:21.238843+00:00,vibration_rms,,,temp_drift,0.488,
2026-07-29T19:31:22.660550+00:00,temperature,27.151,4.0,temp_drift,,
2026-07-29T19:31:23.850922+00:00,temperature,27.408,4.0,temp_drift,,
2026-07-29T19:31:23.850922+00:00,vibration_rms,,,temp_drift,0.408,
2026-07-29T19:31:25.265755+00:00,temperature,26.916,4.0,temp_drift,,
2026-07-29T19:31:26.531713+00:00,temperature,27.366,4.0,temp_drift,,
2026-07-29T19:31:26.531713+00:00,vibration_rms,,,temp_drift,0.384,
2026-07-29T19:31:28.023774+00:00,temperature,27.395,4.0,temp_drift,,
2026-07-29T19:31:29.241263+00:00,temperature,27.054,4.0,temp_drift,,
2026-07-29T19:31:29.241263+00:00,vibration_rms,,,temp_drift,0.48,
2026-07-29T19:31:30.628681+00:00,temperature,27.777,4.0,temp_drift,,
2026-07-29T19:31:31.805527+00:00,temperature,27.758,4.0,temp_drift,,
2026-07-29T19:31:31.805527+00:00,vibration_rms,,,temp_drift,0.51,
2026-07-29T19:31:33.282165+00:00,temperature,27.574,4.0,temp_drift,,
2026-07-29T19:31:34.516997+00:00,temperature,27.944,4.0,temp_drift,,
2026-07-29T19:31:34.516997+00:00,vibration_rms,,,temp_drift,0.319,
2026-07-29T19:31:35.916668+00:00,temperature,27.733,4.0,temp_drift,,
2026-07-29T19:31:37.125967+00:00,temperature,27.531,4.0,temp_drift,,
2026-07-29T19:31:37.125967+00:00,vibration_rms,,,temp_drift,0.542,
2026-07-29T19:31:38.511649+00:00,temperature,27.857,4.0,temp_drift,,
2026-07-29T19:31:39.751419+00:00,temperature,27.905,4.0,temp_drift,,
2026-07-29T19:31:39.751419+00:00,vibration_rms,,,temp_drift,0.406,
2026-07-29T19:31:41.151173+00:00,temperature,28.718,4.0,temp_drift,,
2026-07-29T19:31:42.376460+00:00,temperature,29.144,4.0,temp_drift,,
2026-07-29T19:31:42.376460+00:00,vibration_rms,,,temp_drift,0.499,
2026-07-29T19:31:43.817688+00:00,temperature,28.48,4.0,temp_drift,,
2026-07-29T19:31:45.042472+00:00,temperature,27.653,4.0,temp_drift,,
2026-07-29T19:31:45.042472+00:00,vibration_rms,,,temp_drift,0.497,
2026-07-29T19:31:46.485255+00:00,temperature,28.318,4.0,temp_drift,,
2026-07-29T19:31:47.688745+00:00,temperature,28.029,4.0,temp_drift,,
2026-07-29T19:31:47.688745+00:00,vibration_rms,,,temp_drift,0.424,
2026-07-29T19:31:49.100177+00:00,temperature,28.463,4.0,temp_drift,,
2026-07-29T19:31:50.309073+00:00,temperature,28.708,4.0,temp_drift,,
2026-07-29T19:31:50.309073+00:00,vibration_rms,,,temp_drift,0.461,
2026-07-29T19:31:51.656419+00:00,temperature,28.713,4.0,temp_drift,,
2026-07-29T19:31:52.877032+00:00,temperature,28.667,4.0,temp_drift,,
2026-07-29T19:31:52.877032+00:00,vibration_rms,,,temp_drift,0.429,
2026-07-29T19:31:54.320805+00:00,temperature,29.072,4.0,temp_drift,,
2026-07-29T19:31:55.520901+00:00,temperature,28.618,4.0,temp_drift,,
2026-07-29T19:31:55.520901+00:00,vibration_rms,,,temp_drift,0.473,
2026-07-29T19:31:56.909571+00:00,temperature,28.67,4.0,temp_drift,,
2026-07-29T19:31:58.111367+00:00,temperature,29.257,4.0,temp_drift,,
2026-07-29T19:31:58.111367+00:00,vibration_rms,,,temp_drift,0.383,
2026-07-29T19:31:59.613386+00:00,temperature,29.31,4.0,temp_drift,,
2026-07-29T19:32:00.841724+00:00,temperature,29.492,4.0,temp_drift,,
2026-07-29T19:32:00.841724+00:00,vibration_rms,,,temp_drift,0.455,
2026-07-29T19:32:02.200068+00:00,temperature,29.439,4.0,temp_drift,,
2026-07-29T19:32:03.410271+00:00,temperature,29.841,4.0,temp_drift,,
2026-07-29T19:32:03.410271+00:00,vibration_rms,,,temp_drift,0.305,
2026-07-29T19:32:04.763056+00:00,temperature,29.526,4.0,temp_drift,,
2026-07-29T19:32:05.952262+00:00,temperature,29.907,4.0,temp_drift,,
2026-07-29T19:32:05.952262+00:00,vibration_rms,,,temp_drift,0.433,
2026-07-29T19:32:07.322496+00:00,temperature,29.47,4.0,temp_drift,,
2026-07-29T19:32:08.507614+00:00,temperature,29.436,4.0,temp_drift,,
2026-07-29T19:32:08.507614+00:00,vibration_rms,,,temp_drift,0.422,
2026-07-29T19:32:08.507614+00:00,door_event,,,temp_drift,,OPEN
2026-07-29T19:32:09.908637+00:00,temperature,30.321,4.0,temp_drift,,
2026-07-29T19:32:11.210741+00:00,temperature,30.188,4.0,temp_drift,,
2026-07-29T19:32:11.210741+00:00,vibration_rms,,,temp_drift,0.453,
2026-07-29T19:32:12.686341+00:00,temperature,30.298,4.0,temp_drift,,
2026-07-29T19:32:12.686341+00:00,door_event,,,temp_drift,,OPEN
2026-07-29T19:32:13.919625+00:00,temperature,30.075,4.0,temp_drift,,
2026-07-29T19:32:13.919625+00:00,vibration_rms,,,temp_drift,0.418,
2026-07-29T19:32:15.387526+00:00,temperature,29.818,4.0,temp_drift,,
2026-07-29T19:32:16.659171+00:00,temperature,30.1,4.0,temp_drift,,
2026-07-29T19:32:16.659171+00:00,vibration_rms,,,temp_drift,0.431,
2026-07-29T19:32:18.122807+00:00,temperature,30.469,4.0,temp_drift,,
2026-07-29T19:32:19.333686+00:00,temperature,30.497,4.0,temp_drift,,
2026-07-29T19:32:19.333686+00:00,vibration_rms,,,temp_drift,0.449,
2026-07-29T19:32:20.708424+00:00,temperature,30.606,4.0,temp_drift,,
2026-07-29T19:32:21.969678+00:00,temperature,30.273,4.0,temp_drift,,
2026-07-29T19:32:21.969678+00:00,vibration_rms,,,temp_drift,0.488,
2026-07-29T19:32:23.545651+00:00,temperature,30.986,4.0,temp_drift,,
2026-07-29T19:32:24.767302+00:00,temperature,30.646,4.0,temp_drift,,
2026-07-29T19:32:24.767302+00:00,vibration_rms,,,temp_drift,0.454,
2026-07-29T19:32:26.154938+00:00,temperature,30.603,4.0,temp_drift,,
2026-07-29T19:32:27.343341+00:00,temperature,31.244,4.0,temp_drift,,
2026-07-29T19:32:27.343341+00:00,vibration_rms,,,temp_drift,0.379,
2026-07-29T19:32:28.789164+00:00,temperature,31.206,4.0,temp_drift,,
2026-07-29T19:32:30.506204+00:00,temperature,31.398,4.0,temp_drift,,
2026-07-29T19:32:30.506204+00:00,vibration_rms,,,temp_drift,0.48,
2026-07-29T19:32:32.597247+00:00,temperature,31.127,4.0,temp_drift,,
2026-07-29T19:32:34.037787+00:00,temperature,31.976,4.0,temp_drift,,
2026-07-29T19:32:34.037787+00:00,vibration_rms,,,temp_drift,0.474,
2026-07-29T19:32:35.711138+00:00,temperature,31.397,4.0,temp_drift,,
2026-07-29T19:32:36.934558+00:00,temperature,31.401,4.0,temp_drift,,
2026-07-29T19:32:36.934558+00:00,vibration_rms,,,temp_drift,0.442,
2026-07-29T19:32:38.332240+00:00,temperature,31.26,4.0,temp_drift,,
2026-07-29T19:32:39.611582+00:00,temperature,30.773,4.0,temp_drift,,
2026-07-29T19:32:39.611582+00:00,vibration_rms,,,temp_drift,0.467,
2026-07-29T19:32:41.214748+00:00,temperature,31.923,4.0,temp_drift,,
2026-07-29T19:32:42.598507+00:00,temperature,31.89,4.0,temp_drift,,
2026-07-29T19:32:42.598507+00:00,vibration_rms,,,temp_drift,0.478,
2026-07-29T19:32:44.054323+00:00,temperature,32.216,4.0,temp_drift,,
2026-07-29T19:32:44.054323+00:00,door_event,,,temp_drift,,OPEN
2026-07-29T19:32:45.313454+00:00,temperature,31.861,4.0,temp_drift,,
2026-07-29T19:32:45.313454+00:00,vibration_rms,,,temp_drift,0.449,
2026-07-29T19:32:46.801529+00:00,temperature,31.83,4.0,temp_drift,,
2026-07-29T19:32:48.071525+00:00,temperature,32.091,4.0,temp_drift,,
2026-07-29T19:32:48.071525+00:00,vibration_rms,,,temp_drift,0.473,
2026-07-29T19:32:49.488152+00:00,temperature,32.521,4.0,temp_drift,,
2026-07-29T19:32:50.760497+00:00,temperature,32.142,4.0,temp_drift,,
2026-07-29T19:32:50.760497+00:00,vibration_rms,,,temp_drift,0.441,
2026-07-29T19:32:52.243201+00:00,temperature,32.037,4.0,temp_drift,,
2026-07-29T19:32:53.516808+00:00,temperature,32.528,4.0,temp_drift,,
2026-07-29T19:32:53.516808+00:00,vibration_rms,,,temp_drift,0.472,
2026-07-29T19:32:55.043683+00:00,temperature,32.267,4.0,temp_drift,,
2026-07-29T19:32:56.247013+00:00,temperature,32.927,4.0,temp_drift,,
2026-07-29T19:32:56.247013+00:00,vibration_rms,,,temp_drift,0.478,
2026-07-29T19:32:57.803843+00:00,temperature,32.917,4.0,temp_drift,,
2026-07-29T19:32:59.300300+00:00,temperature,32.874,4.0,temp_drift,,
2026-07-29T19:32:59.300300+00:00,vibration_rms,,,temp_drift,0.528,
2026-07-29T19:33:00.814182+00:00,temperature,32.279,4.0,temp_drift,,
2026-07-29T19:33:00.814182+00:00,door_event,,,temp_drift,,CLOSE
2026-07-29T19:33:02.076631+00:00,temperature,32.705,4.0,temp_drift,,
2026-07-29T19:33:02.076631+00:00,vibration_rms,,,temp_drift,0.391,
2026-07-29T19:33:03.456105+00:00,temperature,32.991,4.0,temp_drift,,
2026-07-29T19:33:04.644764+00:00,temperature,33.09,4.0,temp_drift,,
2026-07-29T19:33:04.644764+00:00,vibration_rms,,,temp_drift,0.477,
2026-07-29T19:33:05.970749+00:00,temperature,33.119,4.0,temp_drift,,
2026-07-29T19:33:07.166929+00:00,temperature,33.334,4.0,temp_drift,,
2026-07-29T19:33:07.166929+00:00,vibration_rms,,,temp_drift,0.42,
2026-07-29T19:33:08.547117+00:00,temperature,33.279,4.0,temp_drift,,
2026-07-29T19:33:09.736546+00:00,temperature,32.815,4.0,temp_drift,,
2026-07-29T19:33:09.736546+00:00,vibration_rms,,,temp_drift,0.429,
2026-07-29T19:33:11.115901+00:00,temperature,33.606,4.0,temp_drift,,
2026-07-29T19:33:12.358486+00:00,temperature,33.546,4.0,temp_drift,,
2026-07-29T19:33:12.358486+00:00,vibration_rms,,,temp_drift,0.415,
2026-07-29T19:33:13.733911+00:00,temperature,34.004,4.0,temp_drift,,
2026-07-29T19:33:14.935285+00:00,temperature,33.747,4.0,temp_drift,,
2026-07-29T19:33:14.935285+00:00,vibration_rms,,,temp_drift,0.451,
2026-07-29T19:33:16.332640+00:00,temperature,33.788,4.0,temp_drift,,
2026-07-29T19:33:17.523016+00:00,temperature,34.001,4.0,temp_drift,,
2026-07-29T19:33:17.523016+00:00,vibration_rms,,,temp_drift,0.378,
2026-07-29T19:33:18.934361+00:00,temperature,34.19,4.0,temp_drift,,
2026-07-29T19:33:20.136158+00:00,temperature,33.971,4.0,temp_drift,,
2026-07-29T19:33:20.136158+00:00,vibration_rms,,,temp_drift,0.428,
2026-07-29T19:33:21.512504+00:00,temperature,34.561,4.0,temp_drift,,
2026-07-29T19:33:22.703621+00:00,temperature,34.116,4.0,temp_drift,,
2026-07-29T19:33:22.703621+00:00,vibration_rms,,,temp_drift,0.382,
2026-07-29T19:33:24.135524+00:00,temperature,34.127,4.0,temp_drift,,
2026-07-29T19:33:25.324282+00:00,temperature,34.198,4.0,temp_drift,,
2026-07-29T19:33:25.324282+00:00,vibration_rms,,,temp_drift,0.485,
2026-07-29T19:33:26.667182+00:00,temperature,34.692,4.0,temp_drift,,
2026-07-29T19:33:27.881743+00:00,temperature,34.288,4.0,temp_drift,,
2026-07-29T19:33:27.881743+00:00,vibration_rms,,,temp_drift,0.379,
2026-07-29T19:33:29.273824+00:00,temperature,34.609,4.0,temp_drift,,
2026-07-29T19:33:30.471151+00:00,temperature,34.655,4.0,temp_drift,,
2026-07-29T19:33:30.471151+00:00,vibration_rms,,,temp_drift,0.55,
2026-07-29T19:33:31.874092+00:00,temperature,34.531,4.0,temp_drift,,
2026-07-29T19:33:33.101757+00:00,temperature,35.205,4.0,temp_drift,,
2026-07-29T19:33:33.101757+00:00,vibration_rms,,,temp_drift,0.391,
2026-07-29T19:33:34.446863+00:00,temperature,35.167,4.0,temp_drift,,
2026-07-29T19:33:35.639018+00:00,temperature,34.908,4.0,temp_drift,,
2026-07-29T19:33:35.639018+00:00,vibration_rms,,,temp_drift,0.476,
2026-07-29T19:33:37.221418+00:00,temperature,35.407,4.0,temp_drift,,
2026-07-29T19:33:38.446591+00:00,temperature,35.345,4.0,temp_drift,,
2026-07-29T19:33:38.446591+00:00,vibration_rms,,,temp_drift,0.453,
2026-07-29T19:33:39.857492+00:00,temperature,35.108,4.0,temp_drift,,
2026-07-29T19:33:41.058897+00:00,temperature,35.288,4.0,temp_drift,,
2026-07-29T19:33:41.058897+00:00,vibration_rms,,,temp_drift,0.448,
2026-07-29T19:33:42.823530+00:00,temperature,35.166,4.0,temp_drift,,
2026-07-29T19:33:44.040190+00:00,temperature,35.785,4.0,temp_drift,,
2026-07-29T19:33:44.040190+00:00,vibration_rms,,,temp_drift,0.409,
2026-07-29T19:33:45.457312+00:00,temperature,35.358,4.0,temp_drift,,
2026-07-29T19:33:46.653338+00:00,temperature,35.553,4.0,temp_drift,,
2026-07-29T19:33:46.653338+00:00,vibration_rms,,,temp_drift,0.545,
2026-07-29T19:33:48.035297+00:00,temperature,35.514,4.0,temp_drift,,
2026-07-29T19:33:48.035297+00:00,door_event,,,temp_drift,,OPEN
2026-07-29T19:33:49.258550+00:00,temperature,36.226,4.0,temp_drift,,
2026-07-29T19:33:49.258550+00:00,vibration_rms,,,temp_drift,0.479,
2026-07-29T19:33:50.683818+00:00,temperature,35.825,4.0,temp_drift,,
2026-07-29T19:33:51.904925+00:00,temperature,35.826,4.0,temp_drift,,
2026-07-29T19:33:51.904925+00:00,vibration_rms,,,temp_drift,0.454,
2026-07-29T19:33:53.258170+00:00,temperature,36.416,4.0,temp_drift,,
2026-07-29T19:33:54.493247+00:00,temperature,36.373,4.0,temp_drift,,
2026-07-29T19:33:54.493247+00:00,vibration_rms,,,temp_drift,0.498,
2026-07-29T19:33:56.138961+00:00,temperature,36.085,4.0,temp_drift,,
2026-07-29T19:33:57.341651+00:00,temperature,36.437,4.0,temp_drift,,
2026-07-29T19:33:57.341651+00:00,vibration_rms,,,temp_drift,0.514,
2026-07-29T19:33:58.805674+00:00,temperature,36.171,4.0,temp_drift,,
2026-07-29T19:34:00.130657+00:00,temperature,36.73,4.0,temp_drift,,
2026-07-29T19:34:00.130657+00:00,vibration_rms,,,temp_drift,0.45,
2026-07-29T19:34:01.864897+00:00,temperature,36.958,4.0,temp_drift,,
2026-07-29T19:34:03.051274+00:00,temperature,36.42,4.0,temp_drift,,
2026-07-29T19:34:03.051274+00:00,vibration_rms,,,temp_drift,0.392,
2026-07-29T19:34:04.447094+00:00,temperature,37.281,4.0,temp_drift,,
2026-07-29T19:34:05.669827+00:00,temperature,37.031,4.0,temp_drift,,
2026-07-29T19:34:05.669827+00:00,vibration_rms,,,temp_drift,0.521,
2026-07-29T19:34:07.025734+00:00,temperature,36.338,4.0,temp_drift,,
2026-07-29T19:34:08.227933+00:00,temperature,37.235,4.0,temp_drift,,
2026-07-29T19:34:08.227933+00:00,vibration_rms,,,temp_drift,0.437,
2026-07-29T19:34:09.628339+00:00,temperature,36.962,4.0,temp_drift,,
2026-07-29T19:34:10.825541+00:00,temperature,36.522,4.0,temp_drift,,
2026-07-29T19:34:10.825541+00:00,vibration_rms,,,temp_drift,0.425,
2026-07-29T19:34:12.229128+00:00,temperature,37.436,4.0,temp_drift,,
2026-07-29T19:34:13.470322+00:00,temperature,37.381,4.0,temp_drift,,
2026-07-29T19:34:13.470322+00:00,vibration_rms,,,temp_drift,0.556,
2026-07-29T19:34:15.014149+00:00,temperature,37.619,4.0,temp_drift,,
2026-07-29T19:34:15.014149+00:00,door_event,,,temp_drift,,OPEN
2026-07-29T19:34:16.274859+00:00,temperature,37.694,4.0,temp_drift,,
2026-07-29T19:34:16.274859+00:00,vibration_rms,,,temp_drift,0.528,
2026-07-29T19:34:17.778105+00:00,temperature,37.57,4.0,temp_drift,,
2026-07-29T19:34:18.987305+00:00,temperature,37.44,4.0,temp_drift,,
2026-07-29T19:34:18.987305+00:00,vibration_rms,,,temp_drift,0.436,
2026-07-29T19:34:20.351231+00:00,temperature,37.019,4.0,temp_drift,,
2026-07-29T19:34:21.622496+00:00,temperature,37.947,4.0,temp_drift,,
2026-07-29T19:34:21.622496+00:00,vibration_rms,,,temp_drift,0.342,
2026-07-29T19:34:23.092936+00:00,temperature,37.685,4.0,temp_drift,,
2026-07-29T19:34:24.330947+00:00,temperature,37.744,4.0,temp_drift,,
2026-07-29T19:34:24.330947+00:00,vibration_rms,,,temp_drift,0.347,
2026-07-29T19:34:25.792991+00:00,temperature,38.296,4.0,temp_drift,,
2026-07-29T19:34:27.020973+00:00,temperature,37.47,4.0,temp_drift,,
2026-07-29T19:34:27.020973+00:00,vibration_rms,,,temp_drift,0.346,
2026-07-29T19:34:28.521812+00:00,temperature,38.049,4.0,temp_drift,,
2026-07-29T19:34:29.768313+00:00,temperature,37.9,4.0,temp_drift,,
2026-07-29T19:34:29.768313+00:00,vibration_rms,,,temp_drift,0.445,
2026-07-29T19:34:31.197849+00:00,temperature,38.044,4.0,temp_drift,,
2026-07-29T19:34:32.527189+00:00,temperature,38.093,4.0,temp_drift,,
2026-07-29T19:34:32.527189+00:00,vibration_rms,,,temp_drift,0.481,
2026-07-29T19:34:34.033270+00:00,temperature,38.15,4.0,temp_drift,,
2026-07-29T19:34:35.238499+00:00,temperature,38.92,4.0,temp_drift,,
2026-07-29T19:34:35.238499+00:00,vibration_rms,,,temp_drift,0.453,
2026-07-29T19:34:36.631335+00:00,temperature,38.56,4.0,temp_drift,,
2026-07-29T19:34:37.846362+00:00,temperature,38.968,4.0,temp_drift,,
2026-07-29T19:34:37.846362+00:00,vibration_rms,,,temp_drift,0.521,
2026-07-29T19:34:39.240513+00:00,temperature,39.075,4.0,temp_drift,,
2026-07-29T19:34:40.418299+00:00,temperature,38.935,4.0,temp_drift,,
2026-07-29T19:34:40.418299+00:00,vibration_rms,,,temp_drift,0.484,
2026-07-29T19:34:41.855599+00:00,temperature,38.817,4.0,temp_drift,,
2026-07-29T19:34:43.075519+00:00,temperature,38.833,4.0,temp_drift,,
2026-07-29T19:34:43.075519+00:00,vibration_rms,,,temp_drift,0.461,
2026-07-29T19:34:44.473933+00:00,temperature,39.205,4.0,temp_drift,,
2026-07-29T19:34:45.697880+00:00,temperature,39.124,4.0,temp_drift,,
2026-07-29T19:34:45.697880+00:00,vibration_rms,,,temp_drift,0.447,
2026-07-29T19:34:47.111461+00:00,temperature,38.89,4.0,temp_drift,,
2026-07-29T19:34:48.331861+00:00,temperature,39.071,4.0,temp_drift,,
2026-07-29T19:34:48.331861+00:00,vibration_rms,,,temp_drift,0.49,
2026-07-29T19:34:49.719315+00:00,temperature,40.074,4.0,temp_drift,,
2026-07-29T19:34:50.988905+00:00,temperature,39.432,4.0,temp_drift,,
2026-07-29T19:34:50.988905+00:00,vibration_rms,,,temp_drift,0.333,
2026-07-29T19:34:52.732270+00:00,temperature,39.974,4.0,temp_drift,,
2026-07-29T19:34:54.141935+00:00,temperature,39.31,4.0,temp_drift,,
2026-07-29T19:34:54.141935+00:00,vibration_rms,,,temp_drift,0.394,
2026-07-29T19:34:55.564200+00:00,temperature,39.765,4.0,temp_drift,,
2026-07-29T19:34:56.764361+00:00,temperature,39.258,4.0,temp_drift,,
2026-07-29T19:34:56.764361+00:00,vibration_rms,,,temp_drift,0.496,
2026-07-29T19:34:58.177528+00:00,temperature,39.493,4.0,temp_drift,,
2026-07-29T19:34:59.399445+00:00,temperature,39.721,4.0,temp_drift,,
2026-07-29T19:34:59.399445+00:00,vibration_rms,,,temp_drift,0.383,
2026-07-29T19:35:00.792795+00:00,temperature,39.83,4.0,temp_drift,,
2026-07-29T19:35:02.009068+00:00,temperature,40.059,4.0,temp_drift,,
2026-07-29T19:35:02.009068+00:00,vibration_rms,,,temp_drift,0.436,
2026-07-29T19:35:03.412921+00:00,temperature,39.898,4.0,temp_drift,,
2026-07-29T19:35:04.597830+00:00,temperature,40.22,4.0,temp_drift,,
2026-07-29T19:35:04.597830+00:00,vibration_rms,,,temp_drift,0.463,
2026-07-29T19:35:06.050409+00:00,temperature,40.563,4.0,temp_drift,,
2026-07-29T19:35:07.244206+00:00,temperature,39.938,4.0,temp_drift,,
2026-07-29T19:35:07.244206+00:00,vibration_rms,,,temp_drift,0.399,
2026-07-29T19:35:08.684297+00:00,temperature,40.414,4.0,temp_drift,,
2026-07-29T19:35:09.891586+00:00,temperature,40.69,4.0,temp_drift,,
2026-07-29T19:35:09.891586+00:00,vibration_rms,,,temp_drift,0.501,
2026-07-29T19:35:11.262536+00:00,temperature,40.836,4.0,temp_drift,,
2026-07-29T19:35:12.454049+00:00,temperature,40.738,4.0,temp_drift,,
2026-07-29T19:35:12.454049+00:00,vibration_rms,,,temp_drift,0.416,
2026-07-29T19:35:13.888781+00:00,temperature,40.741,4.0,temp_drift,,
2026-07-29T19:35:15.085524+00:00,temperature,41.099,4.0,temp_drift,,
2026-07-29T19:35:15.085524+00:00,vibration_rms,,,temp_drift,0.396,
2026-07-29T19:35:16.480682+00:00,temperature,40.489,4.0,temp_drift,,
2026-07-29T19:35:17.667021+00:00,temperature,40.826,4.0,temp_drift,,
2026-07-29T19:35:17.667021+00:00,vibration_rms,,,temp_drift,0.514,
2026-07-29T19:35:19.056063+00:00,temperature,41.245,4.0,temp_drift,,
2026-07-29T19:35:20.254947+00:00,temperature,40.915,4.0,temp_drift,,
2026-07-29T19:35:20.254947+00:00,vibration_rms,,,temp_drift,0.418,
2026-07-29T19:35:21.648265+00:00,temperature,41.928,4.0,temp_drift,,
2026-07-29T19:35:22.825044+00:00,temperature,41.633,4.0,temp_drift,,
2026-07-29T19:35:22.825044+00:00,vibration_rms,,,temp_drift,0.393,
2026-07-29T19:35:24.221340+00:00,temperature,41.082,4.0,temp_drift,,
2026-07-29T19:35:25.421762+00:00,temperature,41.65,4.0,temp_drift,,
2026-07-29T19:35:25.421762+00:00,vibration_rms,,,temp_drift,0.442,
2026-07-29T19:35:26.797689+00:00,temperature,41.764,4.0,temp_drift,,
2026-07-29T19:35:27.976962+00:00,temperature,41.622,4.0,temp_drift,,
2026-07-29T19:35:27.976962+00:00,vibration_rms,,,temp_drift,0.474,
2026-07-29T19:35:29.388287+00:00,temperature,41.355,4.0,temp_drift,,
2026-07-29T19:35:30.610872+00:00,temperature,41.717,4.0,temp_drift,,
2026-07-29T19:35:30.610872+00:00,vibration_rms,,,temp_drift,0.49,
2026-07-29T19:35:32.134114+00:00,temperature,41.709,4.0,temp_drift,,
2026-07-29T19:35:33.320529+00:00,temperature,41.438,4.0,temp_drift,,
2026-07-29T19:35:33.320529+00:00,vibration_rms,,,temp_drift,0.359,
2026-07-29T19:35:34.723763+00:00,temperature,41.859,4.0,temp_drift,,
2026-07-29T19:35:35.932534+00:00,temperature,42.145,4.0,temp_drift,,
2026-07-29T19:35:35.932534+00:00,vibration_rms,,,temp_drift,0.391,
2026-07-29T19:35:37.287768+00:00,temperature,41.933,4.0,temp_drift,,
2026-07-29T19:35:38.476436+00:00,temperature,42.227,4.0,temp_drift,,
2026-07-29T19:35:38.476436+00:00,vibration_rms,,,temp_drift,0.431,
2026-07-29T19:35:39.864964+00:00,temperature,42.695,4.0,temp_drift,,
2026-07-29T19:35:41.077864+00:00,temperature,42.132,4.0,temp_drift,,
2026-07-29T19:35:41.077864+00:00,vibration_rms,,,temp_drift,0.398,
2026-07-29T19:35:42.452955+00:00,temperature,42.023,4.0,temp_drift,,
2026-07-29T19:35:43.680030+00:00,temperature,42.199,4.0,temp_drift,,
2026-07-29T19:35:43.680030+00:00,vibration_rms,,,temp_drift,0.307,
2026-07-29T19:35:45.087313+00:00,temperature,42.537,4.0,temp_drift,,
2026-07-29T19:35:46.298041+00:00,temperature,42.834,4.0,temp_drift,,
2026-07-29T19:35:46.298041+00:00,vibration_rms,,,temp_drift,0.426,
2026-07-29T19:35:47.714086+00:00,temperature,43.011,4.0,temp_drift,,
2026-07-29T19:35:48.901251+00:00,temperature,42.978,4.0,temp_drift,,
2026-07-29T19:35:48.901251+00:00,vibration_rms,,,temp_drift,0.515,
2026-07-29T19:35:50.278583+00:00,temperature,43.294,4.0,temp_drift,,
2026-07-29T19:35:51.498619+00:00,temperature,42.719,4.0,temp_drift,,
2026-07-29T19:35:51.498619+00:00,vibration_rms,,,temp_drift,0.45,
2026-07-29T19:35:52.887015+00:00,temperature,43.105,4.0,temp_drift,,
2026-07-29T19:35:54.127161+00:00,temperature,43.272,4.0,temp_drift,,
2026-07-29T19:35:54.127161+00:00,vibration_rms,,,temp_drift,0.498,
2026-07-29T19:35:55.522330+00:00,temperature,43.559,4.0,temp_drift,,
2026-07-29T19:35:56.733830+00:00,temperature,42.615,4.0,temp_drift,,
2026-07-29T19:35:56.733830+00:00,vibration_rms,,,temp_drift,0.444,
2026-07-29T19:35:58.120782+00:00,temperature,43.196,4.0,temp_drift,,
2026-07-29T19:35:59.309927+00:00,temperature,43.874,4.0,temp_drift,,
2026-07-29T19:35:59.309927+00:00,vibration_rms,,,temp_drift,0.44,
2026-07-29T19:36:00.690143+00:00,temperature,43.523,4.0,temp_drift,,
2026-07-29T19:36:01.881817+00:00,temperature,43.88,4.0,temp_drift,,
2026-07-29T19:36:01.881817+00:00,vibration_rms,,,temp_drift,0.437,
2026-07-29T19:36:03.245956+00:00,temperature,44.024,4.0,temp_drift,,
2026-07-29T19:36:04.435721+00:00,temperature,43.778,4.0,temp_drift,,
2026-07-29T19:36:04.435721+00:00,vibration_rms,,,temp_drift,0.545,
2026-07-29T19:36:05.844157+00:00,temperature,44.196,4.0,temp_drift,,
2026-07-29T19:36:07.084744+00:00,temperature,43.924,4.0,temp_drift,,
2026-07-29T19:36:07.084744+00:00,vibration_rms,,,temp_drift,0.526,
2026-07-29T19:36:08.476776+00:00,temperature,44.551,4.0,temp_drift,,
2026-07-29T19:36:09.729278+00:00,temperature,44.14,4.0,temp_drift,,
2026-07-29T19:36:09.729278+00:00,vibration_rms,,,temp_drift,0.416,
2026-07-29T19:36:09.729278+00:00,door_event,,,temp_drift,,CLOSE
2026-07-29T19:36:11.177818+00:00,temperature,44.157,4.0,temp_drift,,
2026-07-29T19:36:12.357007+00:00,temperature,44.541,4.0,temp_drift,,
2026-07-29T19:36:12.357007+00:00,vibration_rms,,,temp_drift,0.41,
2026-07-29T19:36:13.760455+00:00,temperature,44.145,4.0,temp_drift,,
2026-07-29T19:36:14.936160+00:00,temperature,44.323,4.0,temp_drift,,
2026-07-29T19:36:14.936160+00:00,vibration_rms,,,temp_drift,0.464,
2026-07-29T19:36:16.406448+00:00,temperature,44.571,4.0,temp_drift,,
2026-07-29T19:36:17.641073+00:00,temperature,44.501,4.0,temp_drift,,
2026-07-29T19:36:17.641073+00:00,vibration_rms,,,temp_drift,0.311,
2026-07-29T19:36:19.023704+00:00,temperature,45.047,4.0,temp_drift,,
2026-07-29T19:36:20.261304+00:00,temperature,44.075,4.0,temp_drift,,
2026-07-29T19:36:20.261304+00:00,vibration_rms,,,temp_drift,0.409,
2026-07-29T19:36:21.695665+00:00,temperature,44.855,4.0,temp_drift,,
2026-07-29T19:36:22.878063+00:00,temperature,44.817,4.0,temp_drift,,
2026-07-29T19:36:22.878063+00:00,vibration_rms,,,temp_drift,0.496,
2026-07-29T19:36:24.541651+00:00,temperature,45.237,4.0,temp_drift,,
2026-07-29T19:36:25.735545+00:00,temperature,45.17,4.0,temp_drift,,
2026-07-29T19:36:25.735545+00:00,vibration_rms,,,temp_drift,0.403,
2026-07-29T19:36:27.197060+00:00,temperature,45.273,4.0,temp_drift,,
2026-07-29T19:36:28.462801+00:00,temperature,44.931,4.0,temp_drift,,
2026-07-29T19:36:28.462801+00:00,vibration_rms,,,temp_drift,0.471,
2026-07-29T19:36:29.888764+00:00,temperature,45.247,4.0,temp_drift,,
2026-07-29T19:36:31.113973+00:00,temperature,45.747,4.0,temp_drift,,
2026-07-29T19:36:31.113973+00:00,vibration_rms,,,temp_drift,0.519,
2026-07-29T19:36:32.575700+00:00,temperature,44.885,4.0,temp_drift,,
2026-07-29T19:36:33.803811+00:00,temperature,45.637,4.0,temp_drift,,
2026-07-29T19:36:33.803811+00:00,vibration_rms,,,temp_drift,0.518,
2026-07-29T19:36:35.189614+00:00,temperature,45.146,4.0,temp_drift,,
2026-07-29T19:36:36.414954+00:00,temperature,45.78,4.0,temp_drift,,
2026-07-29T19:36:36.414954+00:00,vibration_rms,,,temp_drift,0.464,
2026-07-29T19:36:37.917557+00:00,temperature,46.001,4.0,temp_drift,,
2026-07-29T19:36:39.125554+00:00,temperature,46.061,4.0,temp_drift,,
2026-07-29T19:36:39.125554+00:00,vibration_rms,,,temp_drift,0.467,
2026-07-29T19:36:40.560780+00:00,temperature,45.94,4.0,temp_drift,,
2026-07-29T19:36:41.806991+00:00,temperature,46.403,4.0,temp_drift,,
2026-07-29T19:36:41.806991+00:00,vibration_rms,,,temp_drift,0.436,
2026-07-29T19:36:43.282103+00:00,temperature,46.199,4.0,temp_drift,,
2026-07-29T19:36:44.496007+00:00,temperature,46.211,4.0,temp_drift,,
2026-07-29T19:36:44.496007+00:00,vibration_rms,,,temp_drift,0.53,
2026-07-29T19:36:45.941992+00:00,temperature,45.948,4.0,temp_drift,,
2026-07-29T19:36:47.141351+00:00,temperature,46.162,4.0,temp_drift,,
2026-07-29T19:36:47.141351+00:00,vibration_rms,,,temp_drift,0.337,
2026-07-29T19:36:48.589435+00:00,temperature,46.784,4.0,temp_drift,,
2026-07-29T19:36:49.808887+00:00,temperature,46.312,4.0,temp_drift,,
2026-07-29T19:36:49.808887+00:00,vibration_rms,,,temp_drift,0.47,
2026-07-29T19:36:51.259827+00:00,temperature,46.412,4.0,temp_drift,,
2026-07-29T19:36:52.473468+00:00,temperature,46.502,4.0,temp_drift,,
2026-07-29T19:36:52.473468+00:00,vibration_rms,,,temp_drift,0.527,
2026-07-29T19:36:53.807153+00:00,temperature,46.786,4.0,temp_drift,,
2026-07-29T19:36:54.997442+00:00,temperature,46.171,4.0,temp_drift,,
2026-07-29T19:36:54.997442+00:00,vibration_rms,,,temp_drift,0.395,
2026-07-29T19:36:56.373717+00:00,temperature,46.924,4.0,temp_drift,,
2026-07-29T19:36:57.573979+00:00,temperature,47.455,4.0,temp_drift,,
2026-07-29T19:36:57.573979+00:00,vibration_rms,,,temp_drift,0.517,
2026-07-29T19:36:58.978038+00:00,temperature,46.934,4.0,temp_drift,,
2026-07-29T19:36:58.978038+00:00,door_event,,,temp_drift,,OPEN
2026-07-29T19:37:00.229509+00:00,temperature,47.272,4.0,temp_drift,,
2026-07-29T19:37:00.229509+00:00,vibration_rms,,,temp_drift,0.532,
2026-07-29T19:37:01.596633+00:00,temperature,46.755,4.0,temp_drift,,
2026-07-29T19:37:02.827353+00:00,temperature,47.471,4.0,temp_drift,,
2026-07-29T19:37:02.827353+00:00,vibration_rms,,,temp_drift,0.476,
2026-07-29T19:37:04.249227+00:00,temperature,47.02,4.0,temp_drift,,
2026-07-29T19:37:05.440861+00:00,temperature,47.306,4.0,temp_drift,,
2026-07-29T19:37:05.440861+00:00,vibration_rms,,,temp_drift,0.412,
2026-07-29T19:37:06.863625+00:00,temperature,47.39,4.0,temp_drift,,
2026-07-29T19:37:08.074325+00:00,temperature,48.106,4.0,temp_drift,,
2026-07-29T19:37:08.074325+00:00,vibration_rms,,,temp_drift,0.493,
2026-07-29T19:37:09.461766+00:00,temperature,47.708,4.0,temp_drift,,
2026-07-29T19:37:10.675295+00:00,temperature,47.718,4.0,temp_drift,,
2026-07-29T19:37:10.675295+00:00,vibration_rms,,,temp_drift,0.474,
2026-07-29T19:37:12.082776+00:00,temperature,47.983,4.0,temp_drift,,
2026-07-29T19:37:13.396583+00:00,temperature,47.62,4.0,temp_drift,,
2026-07-29T19:37:13.396583+00:00,vibration_rms,,,temp_drift,0.447,
2026-07-29T19:37:14.995382+00:00,temperature,47.915,4.0,temp_drift,,
2026-07-29T19:37:16.306253+00:00,temperature,48.016,4.0,temp_drift,,
2026-07-29T19:37:16.306253+00:00,vibration_rms,,,temp_drift,0.375,
2026-07-29T19:37:17.894592+00:00,temperature,48.183,4.0,temp_drift,,
2026-07-29T19:37:19.189758+00:00,temperature,49.419,4.0,temp_drift,,
2026-07-29T19:37:19.189758+00:00,vibration_rms,,,temp_drift,0.457,
2026-07-29T19:37:20.777408+00:00,temperature,48.514,4.0,temp_drift,,
2026-07-29T19:37:20.777408+00:00,door_event,,,temp_drift,,OPEN
2026-07-29T19:37:22.062389+00:00,temperature,48.003,4.0,temp_drift,,
2026-07-29T19:37:22.062389+00:00,vibration_rms,,,temp_drift,0.389,
2026-07-29T19:37:23.650533+00:00,temperature,48.267,4.0,temp_drift,,
2026-07-29T19:37:24.954861+00:00,temperature,48.97,4.0,temp_drift,,
2026-07-29T19:37:24.954861+00:00,vibration_rms,,,temp_drift,0.487,
2026-07-29T19:37:26.484719+00:00,temperature,49.043,4.0,temp_drift,,
2026-07-29T19:37:27.778483+00:00,temperature,48.618,4.0,temp_drift,,
2026-07-29T19:37:27.778483+00:00,vibration_rms,,,temp_drift,0.458,
2026-07-29T19:37:29.347744+00:00,temperature,49.05,4.0,temp_drift,,
2026-07-29T19:37:30.637291+00:00,temperature,48.702,4.0,temp_drift,,
2026-07-29T19:37:30.637291+00:00,vibration_rms,,,temp_drift,0.444,
2026-07-29T19:37:32.218324+00:00,temperature,48.881,4.0,temp_drift,,
2026-07-29T19:37:33.499114+00:00,temperature,49.439,4.0,temp_drift,,
2026-07-29T19:37:33.499114+00:00,vibration_rms,,,temp_drift,0.486,
2026-07-29T19:37:35.033271+00:00,temperature,49.665,4.0,temp_drift,,
2026-07-29T19:37:36.595261+00:00,temperature,49.637,4.0,temp_drift,,
2026-07-29T19:37:36.595261+00:00,vibration_rms,,,temp_drift,0.402,
2026-07-29T19:37:38.733412+00:00,temperature,49.079,4.0,temp_drift,,
2026-07-29T19:37:40.320574+00:00,temperature,50.218,4.0,temp_drift,,
2026-07-29T19:37:40.320574+00:00,vibration_rms,,,temp_drift,0.573,
2026-07-29T19:37:42.013475+00:00,temperature,49.62,4.0,temp_drift,,
2026-07-29T19:37:43.256059+00:00,temperature,49.895,4.0,temp_drift,,
2026-07-29T19:37:43.256059+00:00,vibration_rms,,,temp_drift,0.441,
2026-07-29T19:37:44.696535+00:00,temperature,49.539,4.0,temp_drift,,
2026-07-29T19:37:45.888036+00:00,temperature,49.628,4.0,temp_drift,,
2026-07-29T19:37:45.888036+00:00,vibration_rms,,,temp_drift,0.447,
2026-07-29T19:37:47.367426+00:00,temperature,49.817,4.0,temp_drift,,
2026-07-29T19:37:48.618718+00:00,temperature,50.048,4.0,temp_drift,,
2026-07-29T19:37:48.618718+00:00,vibration_rms,,,temp_drift,0.406,
2026-07-29T19:37:50.218586+00:00,temperature,50.119,4.0,temp_drift,,
2026-07-29T19:37:51.485482+00:00,temperature,50.313,4.0,temp_drift,,
2026-07-29T19:37:51.485482+00:00,vibration_rms,,,temp_drift,0.468,
2026-07-29T19:37:52.996402+00:00,temperature,49.926,4.0,temp_drift,,
2026-07-29T19:37:54.208376+00:00,temperature,50.044,4.0,temp_drift,,
2026-07-29T19:37:54.208376+00:00,vibration_rms,,,temp_drift,0.425,
2026-07-29T19:37:55.642018+00:00,temperature,50.244,4.0,temp_drift,,
2026-07-29T19:37:56.821768+00:00,temperature,50.783,4.0,temp_drift,,
2026-07-29T19:37:56.821768+00:00,vibration_rms,,,temp_drift,0.5,
2026-07-29T19:37:58.224016+00:00,temperature,50.406,4.0,temp_drift,,
2026-07-29T19:37:59.477379+00:00,temperature,50.347,4.0,temp_drift,,
2026-07-29T19:37:59.477379+00:00,vibration_rms,,,temp_drift,0.442,
2026-07-29T19:38:00.910566+00:00,temperature,50.298,4.0,temp_drift,,
2026-07-29T19:38:02.120235+00:00,temperature,50.902,4.0,temp_drift,,
2026-07-29T19:38:02.120235+00:00,vibration_rms,,,temp_drift,0.441,
2026-07-29T19:38:03.519823+00:00,temperature,51.164,4.0,temp_drift,,
2026-07-29T19:38:04.744478+00:00,temperature,51.048,4.0,temp_drift,,
2026-07-29T19:38:04.744478+00:00,vibration_rms,,,temp_drift,0.536,
2026-07-29T19:38:06.244872+00:00,temperature,50.778,4.0,temp_drift,,
2026-07-29T19:38:07.456271+00:00,temperature,51.226,4.0,temp_drift,,
2026-07-29T19:38:07.456271+00:00,vibration_rms,,,temp_drift,0.461,
2026-07-29T19:38:08.812427+00:00,temperature,51.569,4.0,temp_drift,,
2026-07-29T19:38:10.023049+00:00,temperature,51.069,4.0,temp_drift,,
2026-07-29T19:38:10.023049+00:00,vibration_rms,,,temp_drift,0.51,
2026-07-29T19:38:11.442913+00:00,temperature,50.971,4.0,temp_drift,,
2026-07-29T19:38:12.656005+00:00,temperature,51.33,4.0,temp_drift,,
2026-07-29T19:38:12.656005+00:00,vibration_rms,,,temp_drift,0.443,
2026-07-29T19:38:14.058683+00:00,temperature,51.747,4.0,temp_drift,,
2026-07-29T19:38:15.256595+00:00,temperature,51.046,4.0,temp_drift,,
2026-07-29T19:38:15.256595+00:00,vibration_rms,,,temp_drift,0.434,
2026-07-29T19:38:16.624114+00:00,temperature,51.418,4.0,temp_drift,,
2026-07-29T19:38:17.823832+00:00,temperature,51.765,4.0,temp_drift,,
2026-07-29T19:38:17.823832+00:00,vibration_rms,,,temp_drift,0.35,
2026-07-29T19:38:19.243377+00:00,temperature,52.175,4.0,temp_drift,,
2026-07-29T19:38:20.457770+00:00,temperature,51.717,4.0,temp_drift,,
2026-07-29T19:38:20.457770+00:00,vibration_rms,,,temp_drift,0.447,
2026-07-29T19:38:21.854973+00:00,temperature,52.428,4.0,temp_drift,,
2026-07-29T19:38:23.076458+00:00,temperature,51.863,4.0,temp_drift,,
2026-07-29T19:38:23.076458+00:00,vibration_rms,,,temp_drift,0.41,
2026-07-29T19:38:24.423074+00:00,temperature,51.994,4.0,temp_drift,,
2026-07-29T19:38:25.623101+00:00,temperature,52.138,4.0,temp_drift,,
2026-07-29T19:38:25.623101+00:00,vibration_rms,,,temp_drift,0.388,
2026-07-29T19:38:27.080914+00:00,temperature,52.468,4.0,temp_drift,,
2026-07-29T19:38:28.269162+00:00,temperature,52.503,4.0,temp_drift,,
2026-07-29T19:38:28.269162+00:00,vibration_rms,,,temp_drift,0.435,
2026-07-29T19:38:29.625208+00:00,temperature,52.793,4.0,temp_drift,,
2026-07-29T19:38:30.891367+00:00,temperature,53.099,4.0,temp_drift,,
2026-07-29T19:38:30.891367+00:00,vibration_rms,,,temp_drift,0.459,
2026-07-29T19:38:32.290513+00:00,temperature,52.956,4.0,temp_drift,,
2026-07-29T19:38:33.501565+00:00,temperature,52.67,4.0,temp_drift,,
2026-07-29T19:38:33.501565+00:00,vibration_rms,,,temp_drift,0.363,
2026-07-29T19:38:34.881623+00:00,temperature,53.095,4.0,temp_drift,,
2026-07-29T19:38:36.066817+00:00,temperature,52.848,4.0,temp_drift,,
2026-07-29T19:38:36.066817+00:00,vibration_rms,,,temp_drift,0.382,
2026-07-29T19:38:37.455903+00:00,temperature,52.61,4.0,temp_drift,,
2026-07-29T19:38:38.643988+00:00,temperature,53.113,4.0,temp_drift,,
2026-07-29T19:38:38.643988+00:00,vibration_rms,,,temp_drift,0.46,
2026-07-29T19:38:40.029783+00:00,temperature,53.067,4.0,temp_drift,,
2026-07-29T19:38:41.235802+00:00,temperature,52.997,4.0,temp_drift,,
2026-07-29T19:38:41.235802+00:00,vibration_rms,,,temp_drift,0.549,
2026-07-29T19:38:42.656537+00:00,temperature,53.36,4.0,temp_drift,,
2026-07-29T19:38:42.656537+00:00,door_event,,,temp_drift,,OPEN
2026-07-29T19:38:43.858840+00:00,temperature,53.386,4.0,temp_drift,,
2026-07-29T19:38:43.858840+00:00,vibration_rms,,,temp_drift,0.413,
2026-07-29T19:38:45.246423+00:00,temperature,53.777,4.0,temp_drift,,
2026-07-29T19:38:46.457321+00:00,temperature,53.406,4.0,temp_drift,,
2026-07-29T19:38:46.457321+00:00,vibration_rms,,,temp_drift,0.48,
2026-07-29T19:38:47.878954+00:00,temperature,53.016,4.0,temp_drift,,
2026-07-29T19:38:49.081087+00:00,temperature,53.819,4.0,temp_drift,,
2026-07-29T19:38:49.081087+00:00,vibration_rms,,,temp_drift,0.403,
2026-07-29T19:38:50.503960+00:00,temperature,53.917,4.0,temp_drift,,
2026-07-29T19:38:51.747543+00:00,temperature,54.098,4.0,temp_drift,,
2026-07-29T19:38:51.747543+00:00,vibration_rms,,,temp_drift,0.481,
2026-07-29T19:38:51.747543+00:00,door_event,,,temp_drift,,OPEN
2026-07-29T19:38:53.175689+00:00,temperature,53.942,4.0,temp_drift,,
2026-07-29T19:38:54.389904+00:00,temperature,53.906,4.0,temp_drift,,
2026-07-29T19:38:54.389904+00:00,vibration_rms,,,temp_drift,0.448,
2026-07-29T19:38:55.789886+00:00,temperature,54.214,4.0,temp_drift,,
2026-07-29T19:38:56.992251+00:00,temperature,54.113,4.0,temp_drift,,
2026-07-29T19:38:56.992251+00:00,vibration_rms,,,temp_drift,0.512,
2026-07-29T19:38:58.381065+00:00,temperature,54.637,4.0,temp_drift,,
2026-07-29T19:38:59.570951+00:00,temperature,53.942,4.0,temp_drift,,
2026-07-29T19:38:59.570951+00:00,vibration_rms,,,temp_drift,0.46,
2026-07-29T19:39:00.947571+00:00,temperature,54.518,4.0,temp_drift,,
2026-07-29T19:39:02.158265+00:00,temperature,54.362,4.0,temp_drift,,
2026-07-29T19:39:02.158265+00:00,vibration_rms,,,temp_drift,0.423,
2026-07-29T19:39:03.559551+00:00,temperature,54.476,4.0,temp_drift,,
2026-07-29T19:39:04.834375+00:00,temperature,54.476,4.0,temp_drift,,
2026-07-29T19:39:04.834375+00:00,vibration_rms,,,temp_drift,0.444,
2026-07-29T19:39:06.258681+00:00,temperature,54.656,4.0,temp_drift,,
2026-07-29T19:39:07.503600+00:00,temperature,55.177,4.0,temp_drift,,
2026-07-29T19:39:07.503600+00:00,vibration_rms,,,temp_drift,0.509,
2026-07-29T19:39:09.092718+00:00,temperature,55.046,4.0,temp_drift,,
2026-07-29T19:39:10.315764+00:00,temperature,55.121,4.0,temp_drift,,
2026-07-29T19:39:10.315764+00:00,vibration_rms,,,temp_drift,0.459,
2026-07-29T19:39:11.757273+00:00,temperature,54.896,4.0,temp_drift,,
2026-07-29T19:39:12.981016+00:00,temperature,54.41,4.0,temp_drift,,
2026-07-29T19:39:12.981016+00:00,vibration_rms,,,temp_drift,0.457,
2026-07-29T19:39:14.380438+00:00,temperature,55.538,4.0,temp_drift,,
2026-07-29T19:39:15.595219+00:00,temperature,55.262,4.0,temp_drift,,
2026-07-29T19:39:15.595219+00:00,vibration_rms,,,temp_drift,0.461,
2026-07-29T19:39:16.979201+00:00,temperature,55.186,4.0,temp_drift,,
2026-07-29T19:39:18.204109+00:00,temperature,55.29,4.0,temp_drift,,
2026-07-29T19:39:18.204109+00:00,vibration_rms,,,temp_drift,0.421,
2026-07-29T19:39:19.635645+00:00,temperature,55.646,4.0,temp_drift,,
2026-07-29T19:39:20.826305+00:00,temperature,55.397,4.0,temp_drift,,
2026-07-29T19:39:20.826305+00:00,vibration_rms,,,temp_drift,0.488,
2026-07-29T19:39:22.195229+00:00,temperature,55.261,4.0,temp_drift,,
2026-07-29T19:39:23.415828+00:00,temperature,55.815,4.0,temp_drift,,
2026-07-29T19:39:23.415828+00:00,vibration_rms,,,temp_drift,0.409,
2026-07-29T19:39:24.881537+00:00,temperature,55.884,4.0,temp_drift,,
2026-07-29T19:39:26.115689+00:00,temperature,55.738,4.0,temp_drift,,
2026-07-29T19:39:26.115689+00:00,vibration_rms,,,temp_drift,0.434,
2026-07-29T19:39:27.557485+00:00,temperature,55.92,4.0,temp_drift,,
2026-07-29T19:39:28.784829+00:00,temperature,55.886,4.0,temp_drift,,
2026-07-29T19:39:28.784829+00:00,vibration_rms,,,temp_drift,0.495,
2026-07-29T19:39:30.212957+00:00,temperature,56.225,4.0,temp_drift,,
2026-07-29T19:39:31.426896+00:00,temperature,56.234,4.0,temp_drift,,
2026-07-29T19:39:31.426896+00:00,vibration_rms,,,temp_drift,0.41,
2026-07-29T19:39:32.824038+00:00,temperature,56.785,4.0,temp_drift,,
2026-07-29T19:39:34.047094+00:00,temperature,57.008,4.0,temp_drift,,
2026-07-29T19:39:34.047094+00:00,vibration_rms,,,temp_drift,0.466,
2026-07-29T19:39:34.047094+00:00,door_event,,,temp_drift,,CLOSE
2026-07-29T19:39:35.470455+00:00,temperature,56.396,4.0,temp_drift,,
2026-07-29T19:39:36.657471+00:00,temperature,56.758,4.0,temp_drift,,
2026-07-29T19:39:36.657471+00:00,vibration_rms,,,temp_drift,0.438,
2026-07-29T19:39:38.099748+00:00,temperature,56.883,4.0,temp_drift,,
2026-07-29T19:39:39.318944+00:00,temperature,56.654,4.0,temp_drift,,
2026-07-29T19:39:39.318944+00:00,vibration_rms,,,temp_drift,0.45,
2026-07-29T19:39:40.749778+00:00,temperature,56.623,4.0,temp_drift,,
2026-07-29T19:39:41.947326+00:00,temperature,57.253,4.0,temp_drift,,
2026-07-29T19:39:41.947326+00:00,vibration_rms,,,temp_drift,0.39,
2026-07-29T19:39:43.337503+00:00,temperature,56.801,4.0,temp_drift,,
2026-07-29T19:39:44.572616+00:00,temperature,57.334,4.0,temp_drift,,
2026-07-29T19:39:44.572616+00:00,vibration_rms,,,temp_drift,0.48,
2026-07-29T19:39:46.036965+00:00,temperature,56.892,4.0,temp_drift,,
2026-07-29T19:39:47.261988+00:00,temperature,57.384,4.0,temp_drift,,
2026-07-29T19:39:47.261988+00:00,vibration_rms,,,temp_drift,0.506,
2026-07-29T19:39:48.637902+00:00,temperature,57.139,4.0,temp_drift,,
2026-07-29T19:39:49.872606+00:00,temperature,57.959,4.0,temp_drift,,
2026-07-29T19:39:49.872606+00:00,vibration_rms,,,temp_drift,0.465,
2026-07-29T19:39:49.872606+00:00,door_event,,,temp_drift,,OPEN
2026-07-29T19:39:51.316655+00:00,temperature,57.388,4.0,temp_drift,,
2026-07-29T19:39:52.550448+00:00,temperature,57.541,4.0,temp_drift,,
2026-07-29T19:39:52.550448+00:00,vibration_rms,,,temp_drift,0.474,
2026-07-29T19:39:53.959331+00:00,temperature,57.713,4.0,temp_drift,,
2026-07-29T19:39:55.194819+00:00,temperature,57.388,4.0,temp_drift,,
2026-07-29T19:39:55.194819+00:00,vibration_rms,,,temp_drift,0.377,
2026-07-29T19:39:56.617330+00:00,temperature,57.658,4.0,temp_drift,,
2026-07-29T19:39:57.827274+00:00,temperature,57.519,4.0,temp_drift,,
2026-07-29T19:39:57.827274+00:00,vibration_rms,,,temp_drift,0.458,
2026-07-29T19:39:59.229915+00:00,temperature,58.207,4.0,temp_drift,,
2026-07-29T19:40:00.451330+00:00,temperature,57.941,4.0,temp_drift,,
2026-07-29T19:40:00.451330+00:00,vibration_rms,,,temp_drift,0.471,
2026-07-29T19:40:01.860642+00:00,temperature,58.126,4.0,temp_drift,,
2026-07-29T19:40:03.045060+00:00,temperature,58.723,4.0,temp_drift,,
2026-07-29T19:40:03.045060+00:00,vibration_rms,,,temp_drift,0.42,
2026-07-29T19:40:04.465684+00:00,temperature,58.205,4.0,temp_drift,,
2026-07-29T19:40:05.685837+00:00,temperature,58.314,4.0,temp_drift,,
2026-07-29T19:40:05.685837+00:00,vibration_rms,,,temp_drift,0.468,
2026-07-29T19:40:07.092098+00:00,temperature,58.506,4.0,temp_drift,,
2026-07-29T19:40:08.318496+00:00,temperature,58.502,4.0,temp_drift,,
2026-07-29T19:40:08.318496+00:00,vibration_rms,,,temp_drift,0.463,
2026-07-29T19:40:09.715498+00:00,temperature,58.617,4.0,temp_drift,,
2026-07-29T19:40:10.954079+00:00,temperature,58.737,4.0,temp_drift,,
2026-07-29T19:40:10.954079+00:00,vibration_rms,,,temp_drift,0.504,
2026-07-29T19:40:12.371539+00:00,temperature,58.724,4.0,temp_drift,,
2026-07-29T19:40:13.573951+00:00,temperature,58.761,4.0,temp_drift,,
2026-07-29T19:40:13.573951+00:00,vibration_rms,,,temp_drift,0.521,
2026-07-29T19:40:15.074670+00:00,temperature,59.461,4.0,temp_drift,,
2026-07-29T19:40:16.285556+00:00,temperature,59.186,4.0,temp_drift,,
2026-07-29T19:40:16.285556+00:00,vibration_rms,,,temp_drift,0.445,
2026-07-29T19:40:17.731175+00:00,temperature,59.044,4.0,temp_drift,,
2026-07-29T19:40:18.952347+00:00,temperature,58.829,4.0,temp_drift,,
2026-07-29T19:40:18.952347+00:00,vibration_rms,,,temp_drift,0.347,
2026-07-29T19:40:20.371909+00:00,temperature,59.17,4.0,temp_drift,,
2026-07-29T19:40:21.575397+00:00,temperature,59.485,4.0,temp_drift,,
2026-07-29T19:40:21.575397+00:00,vibration_rms,,,temp_drift,0.472,
2026-07-29T19:40:22.986411+00:00,temperature,59.824,4.0,temp_drift,,
2026-07-29T19:40:24.196693+00:00,temperature,59.473,4.0,temp_drift,,
2026-07-29T19:40:24.196693+00:00,vibration_rms,,,temp_drift,0.532,
2026-07-29T19:40:25.574791+00:00,temperature,59.209,4.0,temp_drift,,
2026-07-29T19:40:26.785540+00:00,temperature,59.519,4.0,temp_drift,,
2026-07-29T19:40:26.785540+00:00,vibration_rms,,,temp_drift,0.455,
2026-07-29T19:40:28.205674+00:00,temperature,59.205,4.0,temp_drift,,
2026-07-29T19:40:29.464242+00:00,temperature,59.722,4.0,temp_drift,,
2026-07-29T19:40:29.464242+00:00,vibration_rms,,,temp_drift,0.439,
2026-07-29T19:40:30.861409+00:00,temperature,60.128,4.0,temp_drift,,
2026-07-29T19:40:32.075610+00:00,temperature,60.344,4.0,temp_drift,,
2026-07-29T19:40:32.075610+00:00,vibration_rms,,,temp_drift,0.443,
2026-07-29T19:40:33.519288+00:00,temperature,60.049,4.0,temp_drift,,
2026-07-29T19:40:34.754959+00:00,temperature,59.868,4.0,temp_drift,,
2026-07-29T19:40:34.754959+00:00,vibration_rms,,,temp_drift,0.361,
2026-07-29T19:40:36.180499+00:00,temperature,60.325,4.0,temp_drift,,
2026-07-29T19:40:37.408865+00:00,temperature,60.035,4.0,temp_drift,,
2026-07-29T19:40:37.408865+00:00,vibration_rms,,,temp_drift,0.476,
2026-07-29T19:40:38.887816+00:00,temperature,60.063,4.0,temp_drift,,
2026-07-29T19:40:40.131666+00:00,temperature,60.194,4.0,temp_drift,,
2026-07-29T19:40:40.131666+00:00,vibration_rms,,,temp_drift,0.467,
2026-07-29T19:40:41.608386+00:00,temperature,60.832,4.0,temp_drift,,
2026-07-29T19:40:42.819977+00:00,temperature,61.04,4.0,temp_drift,,
2026-07-29T19:40:42.819977+00:00,vibration_rms,,,temp_drift,0.383,
2026-07-29T19:40:44.228712+00:00,temperature,60.362,4.0,temp_drift,,
2026-07-29T19:40:45.475613+00:00,temperature,60.483,4.0,temp_drift,,
2026-07-29T19:40:45.475613+00:00,vibration_rms,,,temp_drift,0.454,
2026-07-29T19:40:47.074630+00:00,temperature,60.725,4.0,temp_drift,,
2026-07-29T19:40:48.287994+00:00,temperature,61.06,4.0,temp_drift,,
2026-07-29T19:40:48.287994+00:00,vibration_rms,,,temp_drift,0.385,
2026-07-29T19:40:48.287994+00:00,door_event,,,temp_drift,,CLOSE
2026-07-29T19:40:49.737514+00:00,temperature,60.737,4.0,temp_drift,,
2026-07-29T19:40:49.737514+00:00,door_event,,,temp_drift,,CLOSE
2026-07-29T19:40:50.966825+00:00,temperature,60.834,4.0,temp_drift,,
2026-07-29T19:40:50.966825+00:00,vibration_rms,,,temp_drift,0.469,
2026-07-29T19:40:52.349518+00:00,temperature,60.497,4.0,temp_drift,,
2026-07-29T19:40:53.597805+00:00,temperature,61.187,4.0,temp_drift,,
2026-07-29T19:40:53.597805+00:00,vibration_rms,,,temp_drift,0.433,
2026-07-29T19:40:54.987855+00:00,temperature,61.15,4.0,temp_drift,,
2026-07-29T19:40:56.184258+00:00,temperature,61.104,4.0,temp_drift,,
2026-07-29T19:40:56.184258+00:00,vibration_rms,,,temp_drift,0.421,
2026-07-29T19:40:57.608221+00:00,temperature,61.012,4.0,temp_drift,,
2026-07-29T19:40:58.817828+00:00,temperature,61.395,4.0,temp_drift,,
2026-07-29T19:40:58.817828+00:00,vibration_rms,,,temp_drift,0.479,
2026-07-29T19:41:00.273494+00:00,temperature,61.833,4.0,temp_drift,,
2026-07-29T19:41:01.476865+00:00,temperature,60.988,4.0,temp_drift,,
2026-07-29T19:41:01.476865+00:00,vibration_rms,,,temp_drift,0.494,
2026-07-29T19:41:02.865839+00:00,temperature,62.062,4.0,temp_drift,,
2026-07-29T19:41:04.074118+00:00,temperature,62.327,4.0,temp_drift,,
2026-07-29T19:41:04.074118+00:00,vibration_rms,,,temp_drift,0.403,
2026-07-29T19:41:05.459972+00:00,temperature,61.945,4.0,temp_drift,,
2026-07-29T19:41:06.716242+00:00,temperature,61.847,4.0,temp_drift,,
2026-07-29T19:41:06.716242+00:00,vibration_rms,,,temp_drift,0.362,
2026-07-29T19:41:08.167766+00:00,temperature,61.684,4.0,temp_drift,,
2026-07-29T19:41:09.388785+00:00,temperature,61.889,4.0,temp_drift,,
2026-07-29T19:41:09.388785+00:00,vibration_rms,,,temp_drift,0.397,
2026-07-29T19:41:10.780251+00:00,temperature,62.002,4.0,temp_drift,,
2026-07-29T19:41:11.977799+00:00,temperature,62.275,4.0,temp_drift,,
2026-07-29T19:41:11.977799+00:00,vibration_rms,,,temp_drift,0.448,
2026-07-29T19:41:13.374805+00:00,temperature,62.897,4.0,temp_drift,,
2026-07-29T19:41:14.588971+00:00,temperature,62.77,4.0,temp_drift,,
2026-07-29T19:41:14.588971+00:00,vibration_rms,,,temp_drift,0.404,
2026-07-29T19:41:15.975992+00:00,temperature,62.447,4.0,temp_drift,,
2026-07-29T19:41:17.225173+00:00,temperature,63.057,4.0,temp_drift,,
2026-07-29T19:41:17.225173+00:00,vibration_rms,,,temp_drift,0.401,
2026-07-29T19:41:18.658647+00:00,temperature,62.932,4.0,temp_drift,,
2026-07-29T19:41:19.864582+00:00,temperature,63.039,4.0,temp_drift,,
2026-07-29T19:41:19.864582+00:00,vibration_rms,,,temp_drift,0.401,
2026-07-29T19:41:21.243964+00:00,temperature,62.562,4.0,temp_drift,,
2026-07-29T19:41:22.455277+00:00,temperature,63.113,4.0,temp_drift,,
2026-07-29T19:41:22.455277+00:00,vibration_rms,,,temp_drift,0.33,
2026-07-29T19:41:23.922773+00:00,temperature,63.229,4.0,temp_drift,,
2026-07-29T19:41:25.144345+00:00,temperature,63.221,4.0,temp_drift,,
2026-07-29T19:41:25.144345+00:00,vibration_rms,,,temp_drift,0.439,
2026-07-29T19:41:26.533478+00:00,temperature,63.106,4.0,temp_drift,,
2026-07-29T19:41:27.730031+00:00,temperature,63.766,4.0,temp_drift,,
2026-07-29T19:41:27.730031+00:00,vibration_rms,,,temp_drift,0.38,
2026-07-29T19:41:29.140075+00:00,temperature,62.926,4.0,temp_drift,,
2026-07-29T19:41:30.355813+00:00,temperature,63.621,4.0,temp_drift,,
2026-07-29T19:41:30.355813+00:00,vibration_rms,,,temp_drift,0.365,
2026-07-29T19:41:31.746291+00:00,temperature,63.917,4.0,temp_drift,,
2026-07-29T19:41:32.955631+00:00,temperature,62.982,4.0,temp_drift,,
2026-07-29T19:41:32.955631+00:00,vibration_rms,,,temp_drift,0.457,
2026-07-29T19:41:34.347196+00:00,temperature,63.995,4.0,temp_drift,,
2026-07-29T19:41:35.590177+00:00,temperature,63.558,4.0,temp_drift,,
2026-07-29T19:41:35.590177+00:00,vibration_rms,,,temp_drift,0.488,
2026-07-29T19:41:36.944775+00:00,temperature,64.134,4.0,temp_drift,,
2026-07-29T19:41:38.143132+00:00,temperature,64.49,4.0,temp_drift,,
2026-07-29T19:41:38.143132+00:00,vibration_rms,,,temp_drift,0.397,
2026-07-29T19:41:39.557903+00:00,temperature,64.236,4.0,temp_drift,,
2026-07-29T19:41:40.847905+00:00,temperature,64.091,4.0,temp_drift,,
2026-07-29T19:41:40.847905+00:00,vibration_rms,,,temp_drift,0.556,
2026-07-29T19:41:42.263526+00:00,temperature,63.888,4.0,temp_drift,,
2026-07-29T19:41:43.479164+00:00,temperature,64.012,4.0,temp_drift,,
2026-07-29T19:41:43.479164+00:00,vibration_rms,,,temp_drift,0.489,
2026-07-29T19:41:44.898171+00:00,temperature,63.517,4.0,temp_drift,,
2026-07-29T19:41:46.235278+00:00,temperature,64.342,4.0,temp_drift,,
2026-07-29T19:41:46.235278+00:00,vibration_rms,,,temp_drift,0.481,
2026-07-29T19:41:47.654166+00:00,temperature,64.417,4.0,temp_drift,,
2026-07-29T19:41:48.867945+00:00,temperature,64.152,4.0,temp_drift,,
2026-07-29T19:41:48.867945+00:00,vibration_rms,,,temp_drift,0.462,
2026-07-29T19:41:50.310079+00:00,temperature,64.45,4.0,temp_drift,,
2026-07-29T19:41:51.523710+00:00,temperature,64.496,4.0,temp_drift,,
2026-07-29T19:41:51.523710+00:00,vibration_rms,,,temp_drift,0.506,
2026-07-29T19:41:52.900653+00:00,temperature,65.202,4.0,temp_drift,,
2026-07-29T19:41:54.135054+00:00,temperature,64.36,4.0,temp_drift,,
2026-07-29T19:41:54.135054+00:00,vibration_rms,,,temp_drift,0.408,
2026-07-29T19:41:55.532648+00:00,temperature,64.714,4.0,temp_drift,,
2026-07-29T19:41:56.721825+00:00,temperature,64.941,4.0,temp_drift,,
2026-07-29T19:41:56.721825+00:00,vibration_rms,,,temp_drift,0.379,
2026-07-29T19:41:58.101642+00:00,temperature,64.625,4.0,temp_drift,,
2026-07-29T19:41:59.345938+00:00,temperature,65.407,4.0,temp_drift,,
2026-07-29T19:41:59.345938+00:00,vibration_rms,,,temp_drift,0.445,
2026-07-29T19:42:00.722897+00:00,temperature,64.949,4.0,temp_drift,,
2026-07-29T19:42:01.981194+00:00,temperature,65.257,4.0,temp_drift,,
2026-07-29T19:42:01.981194+00:00,vibration_rms,,,temp_drift,0.37,
2026-07-29T19:42:03.399801+00:00,temperature,64.709,4.0,temp_drift,,
2026-07-29T19:42:04.691586+00:00,temperature,65.423,4.0,temp_drift,,
2026-07-29T19:42:04.691586+00:00,vibration_rms,,,temp_drift,0.443,
2026-07-29T19:42:06.133323+00:00,temperature,65.86,4.0,temp_drift,,
2026-07-29T19:42:07.368885+00:00,temperature,65.903,4.0,temp_drift,,
2026-07-29T19:42:07.368885+00:00,vibration_rms,,,temp_drift,0.467,
2026-07-29T19:42:08.811095+00:00,temperature,65.638,4.0,temp_drift,,
2026-07-29T19:42:10.035522+00:00,temperature,65.668,4.0,temp_drift,,
2026-07-29T19:42:10.035522+00:00,vibration_rms,,,temp_drift,0.338,
2026-07-29T19:42:11.481803+00:00,temperature,65.892,4.0,temp_drift,,
2026-07-29T19:42:12.721435+00:00,temperature,66.157,4.0,temp_drift,,
2026-07-29T19:42:12.721435+00:00,vibration_rms,,,temp_drift,0.469,
2026-07-29T19:42:14.132869+00:00,temperature,65.673,4.0,temp_drift,,
2026-07-29T19:42:15.359133+00:00,temperature,66.185,4.0,temp_drift,,
2026-07-29T19:42:15.359133+00:00,vibration_rms,,,temp_drift,0.523,
2026-07-29T19:42:16.777723+00:00,temperature,66.267,4.0,temp_drift,,
2026-07-29T19:42:17.992436+00:00,temperature,66.493,4.0,temp_drift,,
2026-07-29T19:42:17.992436+00:00,vibration_rms,,,temp_drift,0.428,
2026-07-29T19:42:17.992436+00:00,door_event,,,temp_drift,,OPEN
2026-07-29T19:42:19.391056+00:00,temperature,66.49,4.0,temp_drift,,
2026-07-29T19:42:20.614563+00:00,temperature,66.759,4.0,temp_drift,,
2026-07-29T19:42:20.614563+00:00,vibration_rms,,,temp_drift,0.339,
2026-07-29T19:42:22.004379+00:00,temperature,66.692,4.0,temp_drift,,
2026-07-29T19:42:23.244678+00:00,temperature,66.867,4.0,temp_drift,,
2026-07-29T19:42:23.244678+00:00,vibration_rms,,,temp_drift,0.379,
2026-07-29T19:42:24.633574+00:00,temperature,67.074,4.0,temp_drift,,
2026-07-29T19:42:25.904446+00:00,temperature,66.649,4.0,temp_drift,,
2026-07-29T19:42:25.904446+00:00,vibration_rms,,,temp_drift,0.536,
2026-07-29T19:42:27.378451+00:00,temperature,66.462,4.0,temp_drift,,
2026-07-29T19:42:28.557702+00:00,temperature,67.0,4.0,temp_drift,,
2026-07-29T19:42:28.557702+00:00,vibration_rms,,,temp_drift,0.478,
2026-07-29T19:42:30.001501+00:00,temperature,67.646,4.0,temp_drift,,
2026-07-29T19:42:31.178901+00:00,temperature,67.112,4.0,temp_drift,,
2026-07-29T19:42:31.178901+00:00,vibration_rms,,,temp_drift,0.499,
2026-07-29T19:42:32.601463+00:00,temperature,66.62,4.0,temp_drift,,
2026-07-29T19:42:33.812429+00:00,temperature,67.337,4.0,temp_drift,,
2026-07-29T19:42:33.812429+00:00,vibration_rms,,,temp_drift,0.513,
2026-07-29T19:42:35.206282+00:00,temperature,67.545,4.0,temp_drift,,
2026-07-29T19:42:36.436761+00:00,temperature,67.936,4.0,temp_drift,,
2026-07-29T19:42:36.436761+00:00,vibration_rms,,,temp_drift,0.505,
2026-07-29T19:42:37.859370+00:00,temperature,67.659,4.0,temp_drift,,
2026-07-29T19:42:39.058472+00:00,temperature,68.025,4.0,temp_drift,,
2026-07-29T19:42:39.058472+00:00,vibration_rms,,,temp_drift,0.53,
2026-07-29T19:42:40.506364+00:00,temperature,67.419,4.0,temp_drift,,
2026-07-29T19:42:41.726284+00:00,temperature,67.866,4.0,temp_drift,,
2026-07-29T19:42:41.726284+00:00,vibration_rms,,,temp_drift,0.475,
2026-07-29T19:42:43.123547+00:00,temperature,67.966,4.0,temp_drift,,
2026-07-29T19:42:44.343496+00:00,temperature,68.177,4.0,temp_drift,,
2026-07-29T19:42:44.343496+00:00,vibration_rms,,,temp_drift,0.334,
2026-07-29T19:42:45.759368+00:00,temperature,67.477,4.0,temp_drift,,
2026-07-29T19:42:46.957811+00:00,temperature,68.017,4.0,temp_drift,,
2026-07-29T19:42:46.957811+00:00,vibration_rms,,,temp_drift,0.364,
2026-07-29T19:42:48.369084+00:00,temperature,68.098,4.0,temp_drift,,
2026-07-29T19:42:49.537709+00:00,temperature,68.652,4.0,temp_drift,,
2026-07-29T19:42:49.537709+00:00,vibration_rms,,,temp_drift,0.536,
2026-07-29T19:42:50.940292+00:00,temperature,68.136,4.0,temp_drift,,
2026-07-29T19:42:50.940292+00:00,door_event,,,temp_drift,,CLOSE
2026-07-29T19:42:52.173146+00:00,temperature,68.496,4.0,temp_drift,,
2026-07-29T19:42:52.173146+00:00,vibration_rms,,,temp_drift,0.449,
2026-07-29T19:42:53.594398+00:00,temperature,68.324,4.0,temp_drift,,
2026-07-29T19:42:54.821923+00:00,temperature,68.344,4.0,temp_drift,,
2026-07-29T19:42:54.821923+00:00,vibration_rms,,,temp_drift,0.424,
2026-07-29T19:42:54.821923+00:00,door_event,,,temp_drift,,CLOSE
2026-07-29T19:42:56.247512+00:00,temperature,69.243,4.0,temp_drift,,
2026-07-29T19:42:57.494518+00:00,temperature,69.101,4.0,temp_drift,,
2026-07-29T19:42:57.494518+00:00,vibration_rms,,,temp_drift,0.502,
2026-07-29T19:42:58.904421+00:00,temperature,68.926,4.0,temp_drift,,
2026-07-29T19:42:58.904421+00:00,door_event,,,temp_drift,,CLOSE
2026-07-29T19:43:00.093614+00:00,temperature,68.916,4.0,temp_drift,,
2026-07-29T19:43:00.093614+00:00,vibration_rms,,,temp_drift,0.515,
2026-07-29T19:43:01.508995+00:00,temperature,68.369,4.0,temp_drift,,
2026-07-29T19:43:02.716955+00:00,temperature,68.69,4.0,temp_drift,,
2026-07-29T19:43:02.716955+00:00,vibration_rms,,,temp_drift,0.397,
2026-07-29T19:43:04.139632+00:00,temperature,68.826,4.0,temp_drift,,
2026-07-29T19:43:05.383201+00:00,temperature,68.943,4.0,temp_drift,,
2026-07-29T19:43:05.383201+00:00,vibration_rms,,,temp_drift,0.436,
2026-07-29T19:43:06.781634+00:00,temperature,69.187,4.0,temp_drift,,
2026-07-29T19:43:06.781634+00:00,door_event,,,temp_drift,,CLOSE
2026-07-29T19:43:07.995935+00:00,temperature,68.955,4.0,temp_drift,,
2026-07-29T19:43:07.995935+00:00,vibration_rms,,,temp_drift,0.398,
2026-07-29T19:43:09.392527+00:00,temperature,69.371,4.0,temp_drift,,
2026-07-29T19:43:10.589019+00:00,temperature,69.789,4.0,temp_drift,,
2026-07-29T19:43:10.589019+00:00,vibration_rms,,,temp_drift,0.533,
2026-07-29T19:43:12.005925+00:00,temperature,69.126,4.0,temp_drift,,
2026-07-29T19:43:13.217773+00:00,temperature,69.723,4.0,temp_drift,,
2026-07-29T19:43:13.217773+00:00,vibration_rms,,,temp_drift,0.505,
2026-07-29T19:43:14.595626+00:00,temperature,69.909,4.0,temp_drift,,
2026-07-29T19:43:15.817175+00:00,temperature,69.155,4.0,temp_drift,,
2026-07-29T19:43:15.817175+00:00,vibration_rms,,,temp_drift,0.478,
2026-07-29T19:43:17.225743+00:00,temperature,69.718,4.0,temp_drift,,
2026-07-29T19:43:18.453150+00:00,temperature,70.408,4.0,temp_drift,,
2026-07-29T19:43:18.453150+00:00,vibration_rms,,,temp_drift,0.421,
2026-07-29T19:43:19.806691+00:00,temperature,69.943,4.0,temp_drift,,
2026-07-29T19:43:21.017306+00:00,temperature,70.002,4.0,temp_drift,,
2026-07-29T19:43:21.017306+00:00,vibration_rms,,,temp_drift,0.341,
2026-07-29T19:43:22.405998+00:00,temperature,70.239,4.0,temp_drift,,
2026-07-29T19:43:23.640326+00:00,temperature,69.999,4.0,temp_drift,,
2026-07-29T19:43:23.640326+00:00,vibration_rms,,,temp_drift,0.528,
2026-07-29T19:43:25.048317+00:00,temperature,69.753,4.0,temp_drift,,
2026-07-29T19:43:26.251679+00:00,temperature,70.953,4.0,temp_drift,,
2026-07-29T19:43:26.251679+00:00,vibration_rms,,,temp_drift,0.504,
2026-07-29T19:43:27.670361+00:00,temperature,70.857,4.0,temp_drift,,
2026-07-29T19:43:28.903651+00:00,temperature,70.479,4.0,temp_drift,,
2026-07-29T19:43:28.903651+00:00,vibration_rms,,,temp_drift,0.388,
2026-07-29T19:43:30.294461+00:00,temperature,70.162,4.0,temp_drift,,
2026-07-29T19:43:31.485227+00:00,temperature,70.218,4.0,temp_drift,,
2026-07-29T19:43:31.485227+00:00,vibration_rms,,,temp_drift,0.459,
2026-07-29T19:43:32.904414+00:00,temperature,70.911,4.0,temp_drift,,
2026-07-29T19:43:32.904414+00:00,door_event,,,temp_drift,,OPEN
2026-07-29T19:43:34.130721+00:00,temperature,71.027,4.0,temp_drift,,
2026-07-29T19:43:34.130721+00:00,vibration_rms,,,temp_drift,0.553,
2026-07-29T19:43:35.522023+00:00,temperature,70.766,4.0,temp_drift,,
2026-07-29T19:43:36.729824+00:00,temperature,71.381,4.0,temp_drift,,
2026-07-29T19:43:36.729824+00:00,vibration_rms,,,temp_drift,0.446,
2026-07-29T19:43:38.144291+00:00,temperature,70.929,4.0,temp_drift,,
2026-07-29T19:43:39.360991+00:00,temperature,70.982,4.0,temp_drift,,
2026-07-29T19:43:39.360991+00:00,vibration_rms,,,temp_drift,0.423,
2026-07-29T19:43:40.794217+00:00,temperature,71.633,4.0,temp_drift,,
2026-07-29T19:43:40.794217+00:00,door_event,,,temp_drift,,OPEN
2026-07-29T19:43:41.997939+00:00,temperature,71.242,4.0,temp_drift,,
2026-07-29T19:43:41.997939+00:00,vibration_rms,,,temp_drift,0.505,
2026-07-29T19:43:43.408231+00:00,temperature,72.066,4.0,temp_drift,,
2026-07-29T19:43:44.641842+00:00,temperature,71.521,4.0,temp_drift,,
2026-07-29T19:43:44.641842+00:00,vibration_rms,,,temp_drift,0.445,
2026-07-29T19:43:46.119702+00:00,temperature,71.867,4.0,temp_drift,,
2026-07-29T19:43:47.327627+00:00,temperature,72.063,4.0,temp_drift,,
2026-07-29T19:43:47.327627+00:00,vibration_rms,,,temp_drift,0.525,
2026-07-29T19:43:48.761450+00:00,temperature,72.529,4.0,temp_drift,,
2026-07-29T19:43:49.963820+00:00,temperature,72.377,4.0,temp_drift,,
2026-07-29T19:43:49.963820+00:00,vibration_rms,,,temp_drift,0.423,
2026-07-29T19:43:51.351788+00:00,temperature,71.584,4.0,temp_drift,,
2026-07-29T19:43:52.583256+00:00,temperature,71.981,4.0,temp_drift,,
2026-07-29T19:43:52.583256+00:00,vibration_rms,,,temp_drift,0.478,
2026-07-29T19:43:53.972762+00:00,temperature,72.485,4.0,temp_drift,,
2026-07-29T19:43:55.220226+00:00,temperature,72.198,4.0,temp_drift,,
2026-07-29T19:43:55.220226+00:00,vibration_rms,,,temp_drift,0.374,
2026-07-29T19:43:56.631961+00:00,temperature,72.642,4.0,temp_drift,,
2026-07-29T19:43:57.839664+00:00,temperature,72.207,4.0,temp_drift,,
2026-07-29T19:43:57.839664+00:00,vibration_rms,,,temp_drift,0.455,
2026-07-29T19:43:59.250216+00:00,temperature,72.5,4.0,temp_drift,,
2026-07-29T19:44:00.463911+00:00,temperature,72.41,4.0,temp_drift,,
2026-07-29T19:44:00.463911+00:00,vibration_rms,,,temp_drift,0.507,
2026-07-29T19:44:01.872872+00:00,temperature,72.276,4.0,temp_drift,,
2026-07-29T19:44:03.083281+00:00,temperature,72.619,4.0,temp_drift,,
2026-07-29T19:44:03.083281+00:00,vibration_rms,,,temp_drift,0.487,
2026-07-29T19:44:04.475479+00:00,temperature,72.86,4.0,temp_drift,,
2026-07-29T19:44:05.651657+00:00,temperature,72.012,4.0,temp_drift,,
2026-07-29T19:44:05.651657+00:00,vibration_rms,,,temp_drift,0.422,
2026-07-29T19:44:07.064646+00:00,temperature,73.062,4.0,temp_drift,,
2026-07-29T19:44:08.265045+00:00,temperature,73.229,4.0,temp_drift,,
2026-07-29T19:44:08.265045+00:00,vibration_rms,,,temp_drift,0.416,
2026-07-29T19:44:09.674273+00:00,temperature,73.0,4.0,temp_drift,,
2026-07-29T19:44:10.898557+00:00,temperature,72.942,4.0,temp_drift,,
2026-07-29T19:44:10.898557+00:00,vibration_rms,,,temp_drift,0.477,
2026-07-29T19:44:10.898557+00:00,door_event,,,temp_drift,,CLOSE
2026-07-29T19:44:12.285219+00:00,temperature,73.036,4.0,temp_drift,,
2026-07-29T19:44:13.486818+00:00,temperature,72.843,4.0,temp_drift,,
2026-07-29T19:44:13.486818+00:00,vibration_rms,,,temp_drift,0.398,
2026-07-29T19:44:14.896742+00:00,temperature,73.23,4.0,temp_drift,,
2026-07-29T19:44:16.121934+00:00,temperature,72.955,4.0,temp_drift,,
2026-07-29T19:44:16.121934+00:00,vibration_rms,,,temp_drift,0.503,
2026-07-29T19:44:17.503405+00:00,temperature,73.687,4.0,temp_drift,,
2026-07-29T19:44:18.709059+00:00,temperature,73.371,4.0,temp_drift,,
2026-07-29T19:44:18.709059+00:00,vibration_rms,,,temp_drift,0.447,
2026-07-29T19:44:20.089612+00:00,temperature,73.785,4.0,temp_drift,,
2026-07-29T19:44:21.321147+00:00,temperature,73.494,4.0,temp_drift,,
2026-07-29T19:44:21.321147+00:00,vibration_rms,,,temp_drift,0.457,
2026-07-29T19:44:22.718428+00:00,temperature,73.692,4.0,temp_drift,,
2026-07-29T19:44:23.954485+00:00,temperature,73.532,4.0,temp_drift,,
2026-07-29T19:44:23.954485+00:00,vibration_rms,,,temp_drift,0.374,
2026-07-29T19:44:25.374410+00:00,temperature,74.364,4.0,temp_drift,,
2026-07-29T19:44:26.598603+00:00,temperature,74.58,4.0,temp_drift,,
2026-07-29T19:44:26.598603+00:00,vibration_rms,,,temp_drift,0.323,
2026-07-29T19:44:27.985261+00:00,temperature,74.101,4.0,temp_drift,,
2026-07-29T19:44:29.210207+00:00,temperature,74.552,4.0,temp_drift,,
2026-07-29T19:44:29.210207+00:00,vibration_rms,,,temp_drift,0.446,
2026-07-29T19:44:30.618051+00:00,temperature,74.586,4.0,temp_drift,,
2026-07-29T19:44:31.842219+00:00,temperature,75.107,4.0,temp_drift,,
2026-07-29T19:44:31.842219+00:00,vibration_rms,,,temp_drift,0.572,
2026-07-29T19:44:33.241778+00:00,temperature,74.332,4.0,temp_drift,,
2026-07-29T19:44:34.474913+00:00,temperature,74.95,4.0,temp_drift,,
2026-07-29T19:44:34.474913+00:00,vibration_rms,,,temp_drift,0.469,
2026-07-29T19:44:35.930899+00:00,temperature,74.329,4.0,temp_drift,,
2026-07-29T19:44:37.130928+00:00,temperature,74.803,4.0,temp_drift,,
2026-07-29T19:44:37.130928+00:00,vibration_rms,,,temp_drift,0.405,
2026-07-29T19:44:38.532990+00:00,temperature,74.383,4.0,temp_drift,,
2026-07-29T19:44:39.755868+00:00,temperature,74.758,4.0,temp_drift,,
2026-07-29T19:44:39.755868+00:00,vibration_rms,,,temp_drift,0.45,
2026-07-29T19:44:41.144890+00:00,temperature,75.386,4.0,temp_drift,,
2026-07-29T19:44:42.355799+00:00,temperature,74.788,4.0,temp_drift,,
2026-07-29T19:44:42.355799+00:00,vibration_rms,,,temp_drift,0.475,
2026-07-29T19:44:43.753706+00:00,temperature,75.675,4.0,temp_drift,,
2026-07-29T19:44:44.967472+00:00,temperature,75.179,4.0,temp_drift,,
2026-07-29T19:44:44.967472+00:00,vibration_rms,,,temp_drift,0.473,
2026-07-29T19:44:46.458918+00:00,temperature,75.385,4.0,temp_drift,,
2026-07-29T19:44:47.652843+00:00,temperature,75.339,4.0,temp_drift,,
2026-07-29T19:44:47.652843+00:00,vibration_rms,,,temp_drift,0.455,
2026-07-29T19:44:49.053849+00:00,temperature,75.353,4.0,temp_drift,,
2026-07-29T19:44:49.053849+00:00,door_event,,,temp_drift,,OPEN
2026-07-29T19:44:50.269059+00:00,temperature,75.712,4.0,temp_drift,,
2026-07-29T19:44:50.269059+00:00,vibration_rms,,,temp_drift,0.39,
2026-07-29T19:44:51.736705+00:00,temperature,75.752,4.0,temp_drift,,
2026-07-29T19:44:52.953967+00:00,temperature,75.276,4.0,temp_drift,,
2026-07-29T19:44:52.953967+00:00,vibration_rms,,,temp_drift,0.538,
2026-07-29T19:44:54.300911+00:00,temperature,75.573,4.0,temp_drift,,
2026-07-29T19:44:55.553930+00:00,temperature,75.545,4.0,temp_drift,,
2026-07-29T19:44:55.553930+00:00,vibration_rms,,,temp_drift,0.376,
2026-07-29T19:44:56.976412+00:00,temperature,76.105,4.0,temp_drift,,
2026-07-29T19:44:58.242345+00:00,temperature,75.547,4.0,temp_drift,,
2026-07-29T19:44:58.242345+00:00,vibration_rms,,,temp_drift,0.484,
2026-07-29T19:44:59.663779+00:00,temperature,75.995,4.0,temp_drift,,
2026-07-29T19:45:00.866145+00:00,temperature,76.323,4.0,temp_drift,,
2026-07-29T19:45:00.866145+00:00,vibration_rms,,,temp_drift,0.484,
2026-07-29T19:45:00.866145+00:00,door_event,,,temp_drift,,OPEN
2026-07-29T19:45:02.351434+00:00,temperature,76.734,4.0,temp_drift,,
2026-07-29T19:45:03.601642+00:00,temperature,76.247,4.0,temp_drift,,
2026-07-29T19:45:03.601642+00:00,vibration_rms,,,temp_drift,0.428,
2026-07-29T19:45:05.056867+00:00,temperature,76.388,4.0,temp_drift,,
2026-07-29T19:45:06.290508+00:00,temperature,76.956,4.0,temp_drift,,
2026-07-29T19:45:06.290508+00:00,vibration_rms,,,temp_drift,0.465,
2026-07-29T19:45:07.731455+00:00,temperature,76.256,4.0,temp_drift,,
2026-07-29T19:45:08.953980+00:00,temperature,76.987,4.0,temp_drift,,
2026-07-29T19:45:08.953980+00:00,vibration_rms,,,temp_drift,0.471,
2026-07-29T19:45:10.412465+00:00,temperature,77.094,4.0,temp_drift,,
2026-07-29T19:45:11.657776+00:00,temperature,76.639,4.0,temp_drift,,
2026-07-29T19:45:11.657776+00:00,vibration_rms,,,temp_drift,0.348,
2026-07-29T19:45:13.065230+00:00,temperature,77.413,4.0,temp_drift,,
2026-07-29T19:45:14.279684+00:00,temperature,76.876,4.0,temp_drift,,
2026-07-29T19:45:14.279684+00:00,vibration_rms,,,temp_drift,0.393,
2026-07-29T19:45:15.635861+00:00,temperature,77.576,4.0,temp_drift,,
2026-07-29T19:45:16.833180+00:00,temperature,77.516,4.0,temp_drift,,
2026-07-29T19:45:16.833180+00:00,vibration_rms,,,temp_drift,0.47,
2026-07-29T19:45:18.255769+00:00,temperature,77.719,4.0,temp_drift,,
2026-07-29T19:45:19.479932+00:00,temperature,77.682,4.0,temp_drift,,
2026-07-29T19:45:19.479932+00:00,vibration_rms,,,temp_drift,0.456,
2026-07-29T19:45:19.479932+00:00,door_event,,,temp_drift,,CLOSE
2026-07-29T19:45:20.869060+00:00,temperature,76.963,4.0,temp_drift,,
2026-07-29T19:45:22.088566+00:00,temperature,77.454,4.0,temp_drift,,
2026-07-29T19:45:22.088566+00:00,vibration_rms,,,temp_drift,0.435,
2026-07-29T19:45:23.501181+00:00,temperature,77.319,4.0,temp_drift,,
2026-07-29T19:45:24.710969+00:00,temperature,77.486,4.0,temp_drift,,
2026-07-29T19:45:24.710969+00:00,vibration_rms,,,temp_drift,0.438,
2026-07-29T19:45:26.100634+00:00,temperature,77.341,4.0,temp_drift,,
2026-07-29T19:45:27.291418+00:00,temperature,77.629,4.0,temp_drift,,
2026-07-29T19:45:27.291418+00:00,vibration_rms,,,temp_drift,0.43,
2026-07-29T19:45:28.723886+00:00,temperature,78.238,4.0,temp_drift,,
2026-07-29T19:45:29.933754+00:00,temperature,77.911,4.0,temp_drift,,
2026-07-29T19:45:29.933754+00:00,vibration_rms,,,temp_drift,0.463,
2026-07-29T19:45:31.454928+00:00,temperature,77.645,4.0,temp_drift,,
2026-07-29T19:45:32.692343+00:00,temperature,77.571,4.0,temp_drift,,
2026-07-29T19:45:32.692343+00:00,vibration_rms,,,temp_drift,0.392,
2026-07-29T19:45:34.123116+00:00,temperature,78.541,4.0,temp_drift,,
2026-07-29T19:45:35.313933+00:00,temperature,78.291,4.0,temp_drift,,
2026-07-29T19:45:35.313933+00:00,vibration_rms,,,temp_drift,0.378,
2026-07-29T19:45:36.692358+00:00,temperature,78.505,4.0,temp_drift,,
2026-07-29T19:45:37.933335+00:00,temperature,78.595,4.0,temp_drift,,
2026-07-29T19:45:37.933335+00:00,vibration_rms,,,temp_drift,0.452,
2026-07-29T19:45:39.378807+00:00,temperature,78.201,4.0,temp_drift,,
2026-07-29T19:45:40.612037+00:00,temperature,78.662,4.0,temp_drift,,
2026-07-29T19:45:40.612037+00:00,vibration_rms,,,temp_drift,0.468,
2026-07-29T19:45:42.001632+00:00,temperature,78.689,4.0,temp_drift,,
2026-07-29T19:45:43.214650+00:00,temperature,78.688,4.0,temp_drift,,
2026-07-29T19:45:43.214650+00:00,vibration_rms,,,temp_drift,0.493,
2026-07-29T19:45:44.633894+00:00,temperature,78.963,4.0,temp_drift,,
2026-07-29T19:45:45.847906+00:00,temperature,79.422,4.0,temp_drift,,
2026-07-29T19:45:45.847906+00:00,vibration_rms,,,temp_drift,0.383,
2026-07-29T19:45:47.246419+00:00,temperature,78.821,4.0,temp_drift,,
2026-07-29T19:45:48.504020+00:00,temperature,79.764,4.0,temp_drift,,
2026-07-29T19:45:48.504020+00:00,vibration_rms,,,temp_drift,0.437,
2026-07-29T19:45:49.970725+00:00,temperature,79.21,4.0,temp_drift,,
2026-07-29T19:45:51.178942+00:00,temperature,79.185,4.0,temp_drift,,
2026-07-29T19:45:51.178942+00:00,vibration_rms,,,temp_drift,0.411,
2026-07-29T19:45:52.591488+00:00,temperature,78.9,4.0,temp_drift,,
2026-07-29T19:45:53.781535+00:00,temperature,79.668,4.0,temp_drift,,
2026-07-29T19:45:53.781535+00:00,vibration_rms,,,temp_drift,0.494,
2026-07-29T19:45:55.223221+00:00,temperature,78.759,4.0,temp_drift,,
2026-07-29T19:45:56.415826+00:00,temperature,79.471,4.0,temp_drift,,
2026-07-29T19:45:56.415826+00:00,vibration_rms,,,temp_drift,0.436,
2026-07-29T19:45:57.879415+00:00,temperature,79.761,4.0,temp_drift,,
2026-07-29T19:45:57.879415+00:00,door_event,,,temp_drift,,CLOSE
2026-07-29T19:45:59.113868+00:00,temperature,79.972,4.0,temp_drift,,
2026-07-29T19:45:59.113868+00:00,vibration_rms,,,temp_drift,0.427,
2026-07-29T19:46:00.491131+00:00,temperature,79.972,4.0,temp_drift,,
2026-07-29T19:46:01.704420+00:00,temperature,79.888,4.0,temp_drift,,
2026-07-29T19:46:01.704420+00:00,vibration_rms,,,temp_drift,0.413,
2026-07-29T19:46:03.124538+00:00,temperature,79.794,4.0,temp_drift,,
2026-07-29T19:46:04.345528+00:00,temperature,80.051,4.0,temp_drift,,
2026-07-29T19:46:04.345528+00:00,vibration_rms,,,temp_drift,0.508,
2026-07-29T19:46:05.782358+00:00,temperature,80.025,4.0,temp_drift,,
2026-07-29T19:46:07.014070+00:00,temperature,80.378,4.0,temp_drift,,
2026-07-29T19:46:07.014070+00:00,vibration_rms,,,temp_drift,0.566,
2026-07-29T19:46:07.014070+00:00,door_event,,,temp_drift,,OPEN
2026-07-29T19:46:08.440510+00:00,temperature,80.254,4.0,temp_drift,,
2026-07-29T19:46:09.658722+00:00,temperature,80.249,4.0,temp_drift,,
2026-07-29T19:46:09.658722+00:00,vibration_rms,,,temp_drift,0.414,
2026-07-29T19:46:11.087993+00:00,temperature,80.197,4.0,temp_drift,,
2026-07-29T19:46:12.280759+00:00,temperature,80.563,4.0,temp_drift,,
2026-07-29T19:46:12.280759+00:00,vibration_rms,,,temp_drift,0.457,
2026-07-29T19:46:13.727220+00:00,temperature,80.78,4.0,temp_drift,,
2026-07-29T19:46:14.979721+00:00,temperature,80.351,4.0,temp_drift,,
2026-07-29T19:46:14.979721+00:00,vibration_rms,,,temp_drift,0.438,
2026-07-29T19:46:16.405062+00:00,temperature,80.643,4.0,temp_drift,,
2026-07-29T19:46:17.659496+00:00,temperature,81.056,4.0,temp_drift,,
2026-07-29T19:46:17.659496+00:00,vibration_rms,,,temp_drift,0.384,
2026-07-29T19:46:19.059121+00:00,temperature,80.795,4.0,temp_drift,,
2026-07-29T19:46:20.272339+00:00,temperature,80.797,4.0,temp_drift,,
2026-07-29T19:46:20.272339+00:00,vibration_rms,,,temp_drift,0.454,
2026-07-29T19:46:21.705731+00:00,temperature,80.983,4.0,temp_drift,,
2026-07-29T19:46:22.894473+00:00,temperature,81.019,4.0,temp_drift,,
2026-07-29T19:46:22.894473+00:00,vibration_rms,,,temp_drift,0.434,
2026-07-29T19:46:24.304554+00:00,temperature,81.547,4.0,temp_drift,,
2026-07-29T19:46:25.516451+00:00,temperature,81.937,4.0,temp_drift,,
2026-07-29T19:46:25.516451+00:00,vibration_rms,,,temp_drift,0.458,
2026-07-29T19:46:26.936012+00:00,temperature,81.077,4.0,temp_drift,,
2026-07-29T19:46:28.149541+00:00,temperature,81.536,4.0,temp_drift,,
2026-07-29T19:46:28.149541+00:00,vibration_rms,,,temp_drift,0.42,
2026-07-29T19:46:29.549871+00:00,temperature,81.527,4.0,temp_drift,,
2026-07-29T19:46:30.750592+00:00,temperature,81.797,4.0,temp_drift,,
2026-07-29T19:46:30.750592+00:00,vibration_rms,,,temp_drift,0.398,
2026-07-29T19:46:32.117645+00:00,temperature,81.133,4.0,temp_drift,,
2026-07-29T19:46:33.369104+00:00,temperature,81.677,4.0,temp_drift,,
2026-07-29T19:46:33.369104+00:00,vibration_rms,,,temp_drift,0.406,
2026-07-29T19:46:34.882637+00:00,temperature,82.329,4.0,temp_drift,,
2026-07-29T19:46:36.136955+00:00,temperature,81.248,4.0,temp_drift,,
2026-07-29T19:46:36.136955+00:00,vibration_rms,,,temp_drift,0.517,
2026-07-29T19:46:37.615792+00:00,temperature,81.996,4.0,temp_drift,,
2026-07-29T19:46:38.839644+00:00,temperature,81.815,4.0,temp_drift,,
2026-07-29T19:46:38.839644+00:00,vibration_rms,,,temp_drift,0.547,
2026-07-29T19:46:40.259149+00:00,temperature,82.279,4.0,temp_drift,,
2026-07-29T19:46:41.484182+00:00,temperature,82.235,4.0,temp_drift,,
2026-07-29T19:46:41.484182+00:00,vibration_rms,,,temp_drift,0.392,
2026-07-29T19:46:42.917649+00:00,temperature,82.401,4.0,temp_drift,,
2026-07-29T19:46:44.107628+00:00,temperature,82.987,4.0,temp_drift,,
2026-07-29T19:46:44.107628+00:00,vibration_rms,,,temp_drift,0.441,
2026-07-29T19:46:45.549040+00:00,temperature,82.387,4.0,temp_drift,,
2026-07-29T19:46:46.782433+00:00,temperature,83.121,4.0,temp_drift,,
2026-07-29T19:46:46.782433+00:00,vibration_rms,,,temp_drift,0.417,
2026-07-29T19:46:48.183022+00:00,temperature,83.273,4.0,temp_drift,,
2026-07-29T19:46:49.395418+00:00,temperature,83.097,4.0,temp_drift,,
2026-07-29T19:46:49.395418+00:00,vibration_rms,,,temp_drift,0.481,
2026-07-29T19:46:50.838247+00:00,temperature,83.051,4.0,temp_drift,,
2026-07-29T19:46:52.063046+00:00,temperature,83.109,4.0,temp_drift,,
2026-07-29T19:46:52.063046+00:00,vibration_rms,,,temp_drift,0.474,
2026-07-29T19:46:53.445469+00:00,temperature,83.093,4.0,temp_drift,,
2026-07-29T19:46:53.445469+00:00,door_event,,,temp_drift,,CLOSE
2026-07-29T19:46:54.676749+00:00,temperature,83.518,4.0,temp_drift,,
2026-07-29T19:46:54.676749+00:00,vibration_rms,,,temp_drift,0.466,
2026-07-29T19:46:56.081517+00:00,temperature,83.197,4.0,temp_drift,,
2026-07-29T19:46:57.295276+00:00,temperature,83.073,4.0,temp_drift,,
2026-07-29T19:46:57.295276+00:00,vibration_rms,,,temp_drift,0.435,
2026-07-29T19:46:58.676185+00:00,temperature,83.647,4.0,temp_drift,,
2026-07-29T19:46:59.896557+00:00,temperature,83.408,4.0,temp_drift,,
2026-07-29T19:46:59.896557+00:00,vibration_rms,,,temp_drift,0.434,
2026-07-29T19:47:01.276515+00:00,temperature,83.487,4.0,temp_drift,,
2026-07-29T19:47:02.496010+00:00,temperature,83.597,4.0,temp_drift,,
2026-07-29T19:47:02.496010+00:00,vibration_rms,,,temp_drift,0.471,
2026-07-29T19:47:03.943184+00:00,temperature,83.849,4.0,temp_drift,,
2026-07-29T19:47:03.943184+00:00,door_event,,,temp_drift,,OPEN
2026-07-29T19:47:05.142444+00:00,temperature,83.769,4.0,temp_drift,,
2026-07-29T19:47:05.142444+00:00,vibration_rms,,,temp_drift,0.389,
2026-07-29T19:47:06.516776+00:00,temperature,83.482,4.0,temp_drift,,
2026-07-29T19:47:07.718668+00:00,temperature,83.847,4.0,temp_drift,,
2026-07-29T19:47:07.718668+00:00,vibration_rms,,,temp_drift,0.495,
2026-07-29T19:47:09.149515+00:00,temperature,83.956,4.0,temp_drift,,
2026-07-29T19:47:10.349052+00:00,temperature,83.729,4.0,temp_drift,,
2026-07-29T19:47:10.349052+00:00,vibration_rms,,,temp_drift,0.38,
2026-07-29T19:47:11.766929+00:00,temperature,83.608,4.0,temp_drift,,
2026-07-29T19:47:11.766929+00:00,door_event,,,temp_drift,,OPEN
2026-07-29T19:47:13.021395+00:00,temperature,84.197,4.0,temp_drift,,
2026-07-29T19:47:13.021395+00:00,vibration_rms,,,temp_drift,0.512,
2026-07-29T19:47:14.494047+00:00,temperature,84.181,4.0,temp_drift,,
2026-07-29T19:47:15.708519+00:00,temperature,84.094,4.0,temp_drift,,
2026-07-29T19:47:15.708519+00:00,vibration_rms,,,temp_drift,0.399,
2026-07-29T19:47:17.107283+00:00,temperature,84.33,4.0,temp_drift,,
2026-07-29T19:47:18.319701+00:00,temperature,84.744,4.0,temp_drift,,
2026-07-29T19:47:18.319701+00:00,vibration_rms,,,temp_drift,0.447,
2026-07-29T19:47:19.739020+00:00,temperature,84.938,4.0,temp_drift,,
2026-07-29T19:47:20.956620+00:00,temperature,84.246,4.0,temp_drift,,
2026-07-29T19:47:20.956620+00:00,vibration_rms,,,temp_drift,0.407,
2026-07-29T19:47:22.373462+00:00,temperature,84.851,4.0,temp_drift,,
2026-07-29T19:47:23.609240+00:00,temperature,85.654,4.0,temp_drift,,
2026-07-29T19:47:23.609240+00:00,vibration_rms,,,temp_drift,0.49,
2026-07-29T19:47:25.064886+00:00,temperature,85.293,4.0,temp_drift,,
2026-07-29T19:47:26.276034+00:00,temperature,85.016,4.0,temp_drift,,
2026-07-29T19:47:26.276034+00:00,vibration_rms,,,temp_drift,0.435,
2026-07-29T19:47:27.677739+00:00,temperature,85.33,4.0,temp_drift,,
2026-07-29T19:47:28.909879+00:00,temperature,85.442,4.0,temp_drift,,
2026-07-29T19:47:28.909879+00:00,vibration_rms,,,temp_drift,0.458,
2026-07-29T19:47:30.319957+00:00,temperature,85.213,4.0,temp_drift,,
2026-07-29T19:47:31.563428+00:00,temperature,85.805,4.0,temp_drift,,
2026-07-29T19:47:31.563428+00:00,vibration_rms,,,temp_drift,0.434,
2026-07-29T19:47:32.986266+00:00,temperature,85.676,4.0,temp_drift,,
2026-07-29T19:47:34.198459+00:00,temperature,85.342,4.0,temp_drift,,
2026-07-29T19:47:34.198459+00:00,vibration_rms,,,temp_drift,0.382,
2026-07-29T19:47:35.598987+00:00,temperature,85.694,4.0,temp_drift,,
2026-07-29T19:47:36.787869+00:00,temperature,85.4,4.0,temp_drift,,
2026-07-29T19:47:36.787869+00:00,vibration_rms,,,temp_drift,0.452,
2026-07-29T19:47:38.165537+00:00,temperature,85.946,4.0,temp_drift,,
2026-07-29T19:47:39.387691+00:00,temperature,85.67,4.0,temp_drift,,
2026-07-29T19:47:39.387691+00:00,vibration_rms,,,temp_drift,0.494,
2026-07-29T19:47:40.785771+00:00,temperature,85.876,4.0,temp_drift,,
2026-07-29T19:47:41.985405+00:00,temperature,85.985,4.0,temp_drift,,
2026-07-29T19:47:41.985405+00:00,vibration_rms,,,temp_drift,0.561,
2026-07-29T19:47:41.985405+00:00,door_event,,,temp_drift,,OPEN
2026-07-29T19:47:43.382395+00:00,temperature,86.525,4.0,temp_drift,,
2026-07-29T19:47:44.574512+00:00,temperature,86.048,4.0,temp_drift,,
2026-07-29T19:47:44.574512+00:00,vibration_rms,,,temp_drift,0.49,
2026-07-29T19:47:45.979303+00:00,temperature,85.992,4.0,temp_drift,,
2026-07-29T19:47:47.210588+00:00,temperature,86.757,4.0,temp_drift,,
2026-07-29T19:47:47.210588+00:00,vibration_rms,,,temp_drift,0.424,
2026-07-29T19:47:48.631111+00:00,temperature,86.35,4.0,temp_drift,,
2026-07-29T19:47:49.832773+00:00,temperature,85.938,4.0,temp_drift,,
2026-07-29T19:47:49.832773+00:00,vibration_rms,,,temp_drift,0.457,
2026-07-29T19:47:51.242270+00:00,temperature,86.247,4.0,temp_drift,,
2026-07-29T19:47:52.518298+00:00,temperature,86.906,4.0,temp_drift,,
2026-07-29T19:47:52.518298+00:00,vibration_rms,,,temp_drift,0.398,
2026-07-29T19:47:53.922812+00:00,temperature,86.677,4.0,temp_drift,,
2026-07-29T19:47:55.144057+00:00,temperature,86.628,4.0,temp_drift,,
2026-07-29T19:47:55.144057+00:00,vibration_rms,,,temp_drift,0.449,
2026-07-29T19:47:56.541970+00:00,temperature,87.143,4.0,temp_drift,,
2026-07-29T19:47:57.732680+00:00,temperature,86.987,4.0,temp_drift,,
2026-07-29T19:47:57.732680+00:00,vibration_rms,,,temp_drift,0.412,
2026-07-29T19:47:59.163312+00:00,temperature,86.85,4.0,temp_drift,,
2026-07-29T19:48:00.366918+00:00,temperature,87.604,4.0,temp_drift,,
2026-07-29T19:48:00.366918+00:00,vibration_rms,,,temp_drift,0.514,
2026-07-29T19:48:01.766817+00:00,temperature,87.084,4.0,temp_drift,,
2026-07-29T19:48:02.955221+00:00,temperature,86.867,4.0,temp_drift,,
2026-07-29T19:48:02.955221+00:00,vibration_rms,,,temp_drift,0.356,
2026-07-29T19:48:04.324389+00:00,temperature,87.511,4.0,temp_drift,,
2026-07-29T19:48:05.600655+00:00,temperature,88.116,4.0,temp_drift,,
2026-07-29T19:48:05.600655+00:00,vibration_rms,,,temp_drift,0.462,
2026-07-29T19:48:07.008541+00:00,temperature,87.74,4.0,temp_drift,,
2026-07-29T19:48:07.008541+00:00,door_event,,,temp_drift,,OPEN
2026-07-29T19:48:08.231890+00:00,temperature,87.476,4.0,temp_drift,,
2026-07-29T19:48:08.231890+00:00,vibration_rms,,,temp_drift,0.423,
2026-07-29T19:48:09.615072+00:00,temperature,87.889,4.0,temp_drift,,
2026-07-29T19:48:10.813156+00:00,temperature,87.9,4.0,temp_drift,,
2026-07-29T19:48:10.813156+00:00,vibration_rms,,,temp_drift,0.455,
2026-07-29T19:48:12.261383+00:00,temperature,88.13,4.0,temp_drift,,
2026-07-29T19:48:13.467261+00:00,temperature,87.798,4.0,temp_drift,,
2026-07-29T19:48:13.467261+00:00,vibration_rms,,,temp_drift,0.443,
2026-07-29T19:48:14.878887+00:00,temperature,88.039,4.0,temp_drift,,
2026-07-29T19:48:16.141840+00:00,temperature,87.854,4.0,temp_drift,,
2026-07-29T19:48:16.141840+00:00,vibration_rms,,,temp_drift,0.514,
2026-07-29T19:48:17.567292+00:00,temperature,88.325,4.0,temp_drift,,
2026-07-29T19:48:18.789877+00:00,temperature,87.921,4.0,temp_drift,,
2026-07-29T19:48:18.789877+00:00,vibration_rms,,,temp_drift,0.443,
2026-07-29T19:48:20.199479+00:00,temperature,87.899,4.0,temp_drift,,
2026-07-29T19:48:21.400769+00:00,temperature,88.15,4.0,temp_drift,,
2026-07-29T19:48:21.400769+00:00,vibration_rms,,,temp_drift,0.376,
2026-07-29T19:48:22.832322+00:00,temperature,87.927,4.0,temp_drift,,
2026-07-29T19:48:24.045547+00:00,temperature,88.523,4.0,temp_drift,,
2026-07-29T19:48:24.045547+00:00,vibration_rms,,,temp_drift,0.418,
2026-07-29T19:48:25.443925+00:00,temperature,88.762,4.0,temp_drift,,
2026-07-29T19:48:26.686912+00:00,temperature,88.52,4.0,temp_drift,,
2026-07-29T19:48:26.686912+00:00,vibration_rms,,,temp_drift,0.435,
2026-07-29T19:48:26.686912+00:00,door_event,,,temp_drift,,OPEN
2026-07-29T19:48:28.110161+00:00,temperature,88.813,4.0,temp_drift,,
2026-07-29T19:48:29.335349+00:00,temperature,88.648,4.0,temp_drift,,
2026-07-29T19:48:29.335349+00:00,vibration_rms,,,temp_drift,0.435,
2026-07-29T19:48:30.800993+00:00,temperature,88.606,4.0,temp_drift,,
2026-07-29T19:48:32.010156+00:00,temperature,89.594,4.0,temp_drift,,
2026-07-29T19:48:32.010156+00:00,vibration_rms,,,temp_drift,0.408,
2026-07-29T19:48:33.446861+00:00,temperature,89.078,4.0,temp_drift,,
2026-07-29T19:48:34.657248+00:00,temperature,89.005,4.0,temp_drift,,
2026-07-29T19:48:34.657248+00:00,vibration_rms,,,temp_drift,0.418,
2026-07-29T19:48:36.046783+00:00,temperature,89.535,4.0,temp_drift,,
2026-07-29T19:48:37.268531+00:00,temperature,89.603,4.0,temp_drift,,
2026-07-29T19:48:37.268531+00:00,vibration_rms,,,temp_drift,0.476,
2026-07-29T19:48:38.657970+00:00,temperature,88.966,4.0,temp_drift,,
2026-07-29T19:48:39.869974+00:00,temperature,89.52,4.0,temp_drift,,
2026-07-29T19:48:39.869974+00:00,vibration_rms,,,temp_drift,0.474,
2026-07-29T19:48:41.357381+00:00,temperature,89.804,4.0,temp_drift,,
2026-07-29T19:48:42.568056+00:00,temperature,89.749,4.0,temp_drift,,
2026-07-29T19:48:42.568056+00:00,vibration_rms,,,temp_drift,0.504,
2026-07-29T19:48:43.946475+00:00,temperature,89.783,4.0,temp_drift,,
2026-07-29T19:48:45.180652+00:00,temperature,89.565,4.0,temp_drift,,
2026-07-29T19:48:45.180652+00:00,vibration_rms,,,temp_drift,0.502,
2026-07-29T19:48:46.647598+00:00,temperature,89.568,4.0,temp_drift,,
2026-07-29T19:48:47.869554+00:00,temperature,90.115,4.0,temp_drift,,
2026-07-29T19:48:47.869554+00:00,vibration_rms,,,temp_drift,0.481,
2026-07-29T19:48:49.258291+00:00,temperature,89.853,4.0,temp_drift,,
2026-07-29T19:48:50.469177+00:00,temperature,90.139,4.0,temp_drift,,
2026-07-29T19:48:50.469177+00:00,vibration_rms,,,temp_drift,0.502,
2026-07-29T19:48:51.845492+00:00,temperature,90.194,4.0,temp_drift,,
2026-07-29T19:48:53.069308+00:00,temperature,90.582,4.0,temp_drift,,
2026-07-29T19:48:53.069308+00:00,vibration_rms,,,temp_drift,0.414,
2026-07-29T19:48:54.461062+00:00,temperature,90.301,4.0,temp_drift,,
2026-07-29T19:48:55.668895+00:00,temperature,90.602,4.0,temp_drift,,
2026-07-29T19:48:55.668895+00:00,vibration_rms,,,temp_drift,0.451,
2026-07-29T19:48:57.092395+00:00,temperature,90.768,4.0,temp_drift,,
2026-07-29T19:48:58.333067+00:00,temperature,90.714,4.0,temp_drift,,
2026-07-29T19:48:58.333067+00:00,vibration_rms,,,temp_drift,0.455,
2026-07-29T19:48:59.730376+00:00,temperature,90.8,4.0,temp_drift,,
2026-07-29T19:49:00.947754+00:00,temperature,90.709,4.0,temp_drift,,
2026-07-29T19:49:00.947754+00:00,vibration_rms,,,temp_drift,0.519,
2026-07-29T19:49:00.947754+00:00,door_event,,,temp_drift,,OPEN
2026-07-29T19:49:02.334553+00:00,temperature,90.909,4.0,temp_drift,,
2026-07-29T19:49:03.547279+00:00,temperature,90.899,4.0,temp_drift,,
2026-07-29T19:49:03.547279+00:00,vibration_rms,,,temp_drift,0.47,
2026-07-29T19:49:04.933699+00:00,temperature,91.039,4.0,temp_drift,,
2026-07-29T19:49:06.138222+00:00,temperature,90.627,4.0,temp_drift,,
2026-07-29T19:49:06.138222+00:00,vibration_rms,,,temp_drift,0.407,
2026-07-29T19:49:08.022285+00:00,temperature,91.449,4.0,temp_drift,,
2026-07-29T19:49:09.271136+00:00,temperature,91.003,4.0,temp_drift,,
2026-07-29T19:49:09.271136+00:00,vibration_rms,,,temp_drift,0.376,
2026-07-29T19:49:10.748350+00:00,temperature,91.156,4.0,temp_drift,,
2026-07-29T19:49:11.947629+00:00,temperature,90.875,4.0,temp_drift,,
2026-07-29T19:49:11.947629+00:00,vibration_rms,,,temp_drift,0.376,
2026-07-29T19:49:13.371362+00:00,temperature,91.346,4.0,temp_drift,,
2026-07-29T19:49:14.547877+00:00,temperature,91.595,4.0,temp_drift,,
2026-07-29T19:49:14.547877+00:00,vibration_rms,,,temp_drift,0.588,
2026-07-29T19:49:15.973122+00:00,temperature,91.675,4.0,temp_drift,,
2026-07-29T19:49:17.192775+00:00,temperature,91.759,4.0,temp_drift,,
2026-07-29T19:49:17.192775+00:00,vibration_rms,,,temp_drift,0.468,
2026-07-29T19:49:18.627288+00:00,temperature,92.201,4.0,temp_drift,,
2026-07-29T19:49:19.859152+00:00,temperature,91.886,4.0,temp_drift,,
2026-07-29T19:49:19.859152+00:00,vibration_rms,,,temp_drift,0.468,
2026-07-29T19:49:21.238867+00:00,temperature,91.863,4.0,temp_drift,,
2026-07-29T19:49:22.481599+00:00,temperature,92.24,4.0,temp_drift,,
2026-07-29T19:49:22.481599+00:00,vibration_rms,,,temp_drift,0.453,
2026-07-29T19:49:23.916029+00:00,temperature,92.035,4.0,temp_drift,,
2026-07-29T19:49:25.149392+00:00,temperature,92.064,4.0,temp_drift,,
2026-07-29T19:49:25.149392+00:00,vibration_rms,,,temp_drift,0.445,
2026-07-29T19:49:26.556752+00:00,temperature,92.334,4.0,temp_drift,,
2026-07-29T19:49:27.768163+00:00,temperature,91.886,4.0,temp_drift,,
2026-07-29T19:49:27.768163+00:00,vibration_rms,,,temp_drift,0.493,
2026-07-29T19:49:27.768163+00:00,door_event,,,temp_drift,,CLOSE
2026-07-29T19:49:29.173491+00:00,temperature,91.759,4.0,temp_drift,,
2026-07-29T19:49:30.393075+00:00,temperature,92.76,4.0,temp_drift,,
2026-07-29T19:49:30.393075+00:00,vibration_rms,,,temp_drift,0.485,
2026-07-29T19:49:31.782532+00:00,temperature,93.918,4.0,temp_drift,,
2026-07-29T19:49:33.004056+00:00,temperature,92.72,4.0,temp_drift,,
2026-07-29T19:49:33.004056+00:00,vibration_rms,,,temp_drift,0.395,
2026-07-29T19:49:34.412787+00:00,temperature,92.682,4.0,temp_drift,,
2026-07-29T19:49:35.605075+00:00,temperature,92.769,4.0,temp_drift,,
2026-07-29T19:49:35.605075+00:00,vibration_rms,,,temp_drift,0.499,
2026-07-29T19:49:37.032522+00:00,temperature,93.117,4.0,temp_drift,,
2026-07-29T19:49:38.272239+00:00,temperature,93.118,4.0,temp_drift,,
2026-07-29T19:49:38.272239+00:00,vibration_rms,,,temp_drift,0.474,
2026-07-29T19:49:39.716428+00:00,temperature,92.881,4.0,temp_drift,,
2026-07-29T19:49:40.935343+00:00,temperature,93.226,4.0,temp_drift,,
2026-07-29T19:49:40.935343+00:00,vibration_rms,,,temp_drift,0.398,
2026-07-29T19:49:42.550176+00:00,temperature,93.205,4.0,temp_drift,,
2026-07-29T19:49:43.835997+00:00,temperature,92.8,4.0,temp_drift,,
2026-07-29T19:49:43.835997+00:00,vibration_rms,,,temp_drift,0.38,
2026-07-29T19:49:43.835997+00:00,door_event,,,temp_drift,,OPEN
2026-07-29T19:49:45.406869+00:00,temperature,93.657,4.0,temp_drift,,
2026-07-29T19:49:45.406869+00:00,door_event,,,temp_drift,,CLOSE
2026-07-29T19:49:46.593080+00:00,temperature,93.776,4.0,temp_drift,,
2026-07-29T19:49:46.593080+00:00,vibration_rms,,,temp_drift,0.449,
2026-07-29T19:49:48.039037+00:00,temperature,93.568,4.0,temp_drift,,
2026-07-29T19:49:49.283510+00:00,temperature,94.235,4.0,temp_drift,,
2026-07-29T19:49:49.283510+00:00,vibration_rms,,,temp_drift,0.449,
2026-07-29T19:49:50.702738+00:00,temperature,93.982,4.0,temp_drift,,
2026-07-29T19:49:51.950562+00:00,temperature,93.607,4.0,temp_drift,,
2026-07-29T19:49:51.950562+00:00,vibration_rms,,,temp_drift,0.384,
2026-07-29T19:49:53.387133+00:00,temperature,93.562,4.0,temp_drift,,
2026-07-29T19:49:54.606238+00:00,temperature,94.236,4.0,temp_drift,,
2026-07-29T19:49:54.606238+00:00,vibration_rms,,,temp_drift,0.504,
2026-07-29T19:49:56.039678+00:00,temperature,94.212,4.0,temp_drift,,
2026-07-29T19:49:57.228642+00:00,temperature,94.346,4.0,temp_drift,,
2026-07-29T19:49:57.228642+00:00,vibration_rms,,,temp_drift,0.446,
2026-07-29T19:49:58.591924+00:00,temperature,93.979,4.0,temp_drift,,
2026-07-29T19:49:59.839778+00:00,temperature,94.141,4.0,temp_drift,,
2026-07-29T19:49:59.839778+00:00,vibration_rms,,,temp_drift,0.421,
2026-07-29T19:50:01.247703+00:00,temperature,94.509,4.0,temp_drift,,
2026-07-29T19:50:02.472753+00:00,temperature,94.337,4.0,temp_drift,,
2026-07-29T19:50:02.472753+00:00,vibration_rms,,,temp_drift,0.496,
2026-07-29T19:50:03.870709+00:00,temperature,94.642,4.0,temp_drift,,
2026-07-29T19:50:05.129274+00:00,temperature,94.767,4.0,temp_drift,,
2026-07-29T19:50:05.129274+00:00,vibration_rms,,,temp_drift,0.491,
2026-07-29T19:50:06.651146+00:00,temperature,94.57,4.0,temp_drift,,
2026-07-29T19:50:07.851261+00:00,temperature,94.934,4.0,temp_drift,,
2026-07-29T19:50:07.851261+00:00,vibration_rms,,,temp_drift,0.407,
2026-07-29T19:50:09.293706+00:00,temperature,94.898,4.0,temp_drift,,
2026-07-29T19:50:10.567083+00:00,temperature,95.081,4.0,temp_drift,,
2026-07-29T19:50:10.567083+00:00,vibration_rms,,,temp_drift,0.497,
2026-07-29T19:50:11.996182+00:00,temperature,94.93,4.0,temp_drift,,
2026-07-29T19:50:13.207324+00:00,temperature,95.126,4.0,temp_drift,,
2026-07-29T19:50:13.207324+00:00,vibration_rms,,,temp_drift,0.342,
2026-07-29T19:50:14.607654+00:00,temperature,95.105,4.0,temp_drift,,
2026-07-29T19:50:15.829085+00:00,temperature,94.894,4.0,temp_drift,,
2026-07-29T19:50:15.829085+00:00,vibration_rms,,,temp_drift,0.465,
2026-07-29T19:50:17.227043+00:00,temperature,94.945,4.0,temp_drift,,
2026-07-29T19:50:18.440913+00:00,temperature,95.875,4.0,temp_drift,,
2026-07-29T19:50:18.440913+00:00,vibration_rms,,,temp_drift,0.422,
2026-07-29T19:50:19.817076+00:00,temperature,95.069,4.0,temp_drift,,
2026-07-29T19:50:21.040909+00:00,temperature,95.064,4.0,temp_drift,,
2026-07-29T19:50:21.040909+00:00,vibration_rms,,,temp_drift,0.572,
2026-07-29T19:50:22.471911+00:00,temperature,95.308,4.0,temp_drift,,
2026-07-29T19:50:23.684863+00:00,temperature,95.876,4.0,temp_drift,,
2026-07-29T19:50:23.684863+00:00,vibration_rms,,,temp_drift,0.458,
2026-07-29T19:50:23.684863+00:00,door_event,,,temp_drift,,OPEN
2026-07-29T19:50:25.094994+00:00,temperature,95.671,4.0,temp_drift,,
2026-07-29T19:50:26.295735+00:00,temperature,95.8,4.0,temp_drift,,
2026-07-29T19:50:26.295735+00:00,vibration_rms,,,temp_drift,0.438,
2026-07-29T19:50:27.705328+00:00,temperature,96.227,4.0,temp_drift,,
2026-07-29T19:50:28.941233+00:00,temperature,95.633,4.0,temp_drift,,
2026-07-29T19:50:28.941233+00:00,vibration_rms,,,temp_drift,0.533,
2026-07-29T19:50:30.364287+00:00,temperature,95.944,4.0,temp_drift,,
2026-07-29T19:50:31.619785+00:00,temperature,96.388,4.0,temp_drift,,
2026-07-29T19:50:31.619785+00:00,vibration_rms,,,temp_drift,0.483,
2026-07-29T19:50:33.085882+00:00,temperature,96.196,4.0,temp_drift,,
2026-07-29T19:50:34.340719+00:00,temperature,96.142,4.0,temp_drift,,
2026-07-29T19:50:34.340719+00:00,vibration_rms,,,temp_drift,0.424,
2026-07-29T19:50:35.775095+00:00,temperature,96.136,4.0,temp_drift,,
2026-07-29T19:50:35.775095+00:00,door_event,,,temp_drift,,CLOSE
2026-07-29T19:50:36.977263+00:00,temperature,96.762,4.0,temp_drift,,
2026-07-29T19:50:36.977263+00:00,vibration_rms,,,temp_drift,0.469,
2026-07-29T19:50:38.419877+00:00,temperature,96.619,4.0,temp_drift,,
2026-07-29T19:50:39.652061+00:00,temperature,97.051,4.0,temp_drift,,
2026-07-29T19:50:39.652061+00:00,vibration_rms,,,temp_drift,0.492,
2026-07-29T19:50:41.094499+00:00,temperature,96.901,4.0,temp_drift,,
2026-07-29T19:50:42.319843+00:00,temperature,96.782,4.0,temp_drift,,
2026-07-29T19:50:42.319843+00:00,vibration_rms,,,temp_drift,0.403,
2026-07-29T19:50:43.706668+00:00,temperature,96.898,4.0,temp_drift,,
2026-07-29T19:50:44.930850+00:00,temperature,97.33,4.0,temp_drift,,
2026-07-29T19:50:44.930850+00:00,vibration_rms,,,temp_drift,0.379,
2026-07-29T19:50:46.317717+00:00,temperature,97.551,4.0,temp_drift,,
2026-07-29T19:50:47.541867+00:00,temperature,97.445,4.0,temp_drift,,
2026-07-29T19:50:47.541867+00:00,vibration_rms,,,temp_drift,0.477,
2026-07-29T19:50:47.541867+00:00,door_event,,,temp_drift,,OPEN
2026-07-29T19:50:48.921173+00:00,temperature,97.928,4.0,temp_drift,,
2026-07-29T19:50:50.143092+00:00,temperature,97.118,4.0,temp_drift,,
2026-07-29T19:50:50.143092+00:00,vibration_rms,,,temp_drift,0.526,
2026-07-29T19:50:51.567719+00:00,temperature,97.166,4.0,temp_drift,,
2026-07-29T19:50:51.567719+00:00,door_event,,,temp_drift,,CLOSE
2026-07-29T19:50:52.766274+00:00,temperature,97.834,4.0,temp_drift,,
2026-07-29T19:50:52.766274+00:00,vibration_rms,,,temp_drift,0.344,
2026-07-29T19:50:54.131048+00:00,temperature,97.474,4.0,temp_drift,,
2026-07-29T19:50:55.342421+00:00,temperature,98.054,4.0,temp_drift,,
2026-07-29T19:50:55.342421+00:00,vibration_rms,,,temp_drift,0.425,
2026-07-29T19:50:56.864771+00:00,temperature,97.237,4.0,temp_drift,,
2026-07-29T19:50:58.083142+00:00,temperature,97.543,4.0,temp_drift,,
2026-07-29T19:50:58.083142+00:00,vibration_rms,,,temp_drift,0.479,
2026-07-29T19:50:59.476250+00:00,temperature,98.002,4.0,temp_drift,,
2026-07-29T19:51:00.701644+00:00,temperature,97.852,4.0,temp_drift,,
2026-07-29T19:51:00.701644+00:00,vibration_rms,,,temp_drift,0.415,
2026-07-29T19:51:02.240066+00:00,temperature,97.478,4.0,temp_drift,,
2026-07-29T19:51:03.484864+00:00,temperature,97.887,4.0,temp_drift,,
2026-07-29T19:51:03.484864+00:00,vibration_rms,,,temp_drift,0.411,
2026-07-29T19:51:04.962343+00:00,temperature,98.356,4.0,temp_drift,,
2026-07-29T19:51:06.221887+00:00,temperature,98.406,4.0,temp_drift,,
2026-07-29T19:51:06.221887+00:00,vibration_rms,,,temp_drift,0.51,
2026-07-29T19:51:07.799251+00:00,temperature,97.998,4.0,temp_drift,,
2026-07-29T19:51:09.006915+00:00,temperature,98.598,4.0,temp_drift,,
2026-07-29T19:51:09.006915+00:00,vibration_rms,,,temp_drift,0.464,
2026-07-29T19:51:11.066990+00:00,temperature,99.014,4.0,temp_drift,,
2026-07-29T19:51:11.066990+00:00,door_event,,,temp_drift,,OPEN
2026-07-29T19:51:12.574886+00:00,temperature,98.634,4.0,temp_drift,,
2026-07-29T19:51:12.574886+00:00,vibration_rms,,,temp_drift,0.464,
2026-07-29T19:51:14.099390+00:00,temperature,98.801,4.0,temp_drift,,
2026-07-29T19:51:15.310212+00:00,temperature,98.923,4.0,temp_drift,,
2026-07-29T19:51:15.310212+00:00,vibration_rms,,,temp_drift,0.438,
2026-07-29T19:51:16.730146+00:00,temperature,99.138,4.0,temp_drift,,
2026-07-29T19:51:17.966040+00:00,temperature,98.793,4.0,temp_drift,,
2026-07-29T19:51:17.966040+00:00,vibration_rms,,,temp_drift,0.503,
2026-07-29T19:51:19.353002+00:00,temperature,99.199,4.0,temp_drift,,
2026-07-29T19:51:20.530047+00:00,temperature,99.719,4.0,temp_drift,,
2026-07-29T19:51:20.530047+00:00,vibration_rms,,,temp_drift,0.461,
2026-07-29T19:51:20.530047+00:00,door_event,,,temp_drift,,OPEN
2026-07-29T19:51:21.926386+00:00,temperature,99.33,4.0,temp_drift,,
2026-07-29T19:51:23.141791+00:00,temperature,99.27,4.0,temp_drift,,
2026-07-29T19:51:23.141791+00:00,vibration_rms,,,temp_drift,0.456,
2026-07-29T19:51:24.564249+00:00,temperature,99.503,4.0,temp_drift,,
2026-07-29T19:51:25.801249+00:00,temperature,99.526,4.0,temp_drift,,
2026-07-29T19:51:25.801249+00:00,vibration_rms,,,temp_drift,0.458,
2026-07-29T19:51:27.266951+00:00,temperature,99.165,4.0,temp_drift,,
2026-07-29T19:51:28.488567+00:00,temperature,99.96,4.0,temp_drift,,
2026-07-29T19:51:28.488567+00:00,vibration_rms,,,temp_drift,0.502,
2026-07-29T19:51:29.991845+00:00,temperature,99.269,4.0,temp_drift,,
2026-07-29T19:51:31.200147+00:00,temperature,99.959,4.0,temp_drift,,
2026-07-29T19:51:31.200147+00:00,vibration_rms,,,temp_drift,0.446,
2026-07-29T19:51:32.612708+00:00,temperature,99.568,4.0,temp_drift,,
2026-07-29T19:51:33.811495+00:00,temperature,99.96,4.0,temp_drift,,
2026-07-29T19:51:33.811495+00:00,vibration_rms,,,temp_drift,0.425,
2026-07-29T19:51:35.197525+00:00,temperature,100.348,4.0,temp_drift,,
2026-07-29T19:51:36.478693+00:00,temperature,100.363,4.0,temp_drift,,
2026-07-29T19:51:36.478693+00:00,vibration_rms,,,temp_drift,0.385,
2026-07-29T19:51:37.866991+00:00,temperature,100.018,4.0,temp_drift,,
2026-07-29T19:51:39.100427+00:00,temperature,100.116,4.0,temp_drift,,
2026-07-29T19:51:39.100427+00:00,vibration_rms,,,temp_drift,0.369,
2026-07-29T19:51:40.619691+00:00,temperature,100.339,4.0,temp_drift,,
2026-07-29T19:51:41.809802+00:00,temperature,100.565,4.0,temp_drift,,
2026-07-29T19:51:41.809802+00:00,vibration_rms,,,temp_drift,0.536,
2026-07-29T19:51:43.243218+00:00,temperature,100.416,4.0,temp_drift,,
2026-07-29T19:51:44.489548+00:00,temperature,100.168,4.0,temp_drift,,
2026-07-29T19:51:44.489548+00:00,vibration_rms,,,temp_drift,0.481,
2026-07-29T19:51:45.920727+00:00,temperature,100.686,4.0,temp_drift,,
2026-07-29T19:51:47.224972+00:00,temperature,100.782,4.0,temp_drift,,
2026-07-29T19:51:47.224972+00:00,vibration_rms,,,temp_drift,0.516,
2026-07-29T19:51:47.224972+00:00,door_event,,,temp_drift,,OPEN
2026-07-29T19:51:48.635914+00:00,temperature,100.863,4.0,temp_drift,,
2026-07-29T19:51:49.845552+00:00,temperature,100.899,4.0,temp_drift,,
2026-07-29T19:51:49.845552+00:00,vibration_rms,,,temp_drift,0.505,
2026-07-29T19:51:51.246221+00:00,temperature,100.949,4.0,temp_drift,,
2026-07-29T19:51:52.435026+00:00,temperature,100.965,4.0,temp_drift,,
2026-07-29T19:51:52.435026+00:00,vibration_rms,,,temp_drift,0.431,
2026-07-29T19:51:53.887842+00:00,temperature,100.704,4.0,temp_drift,,
2026-07-29T19:51:55.101553+00:00,temperature,101.392,4.0,temp_drift,,
2026-07-29T19:51:55.101553+00:00,vibration_rms,,,temp_drift,0.48,
2026-07-29T19:51:56.532618+00:00,temperature,101.545,4.0,temp_drift,,
2026-07-29T19:51:57.745837+00:00,temperature,101.206,4.0,temp_drift,,
2026-07-29T19:51:57.745837+00:00,vibration_rms,,,temp_drift,0.487,
2026-07-29T19:51:59.154944+00:00,temperature,101.276,4.0,temp_drift,,
2026-07-29T19:51:59.154944+00:00,door_event,,,temp_drift,,OPEN
2026-07-29T19:52:00.380384+00:00,temperature,101.196,4.0,temp_drift,,
2026-07-29T19:52:00.380384+00:00,vibration_rms,,,temp_drift,0.452,
2026-07-29T19:52:01.787648+00:00,temperature,101.528,4.0,temp_drift,,
2026-07-29T19:52:02.958299+00:00,temperature,101.343,4.0,temp_drift,,
2026-07-29T19:52:02.958299+00:00,vibration_rms,,,temp_drift,0.41,
2026-07-29T19:52:04.346496+00:00,temperature,101.696,4.0,temp_drift,,
2026-07-29T19:52:05.580015+00:00,temperature,101.782,4.0,temp_drift,,
2026-07-29T19:52:05.580015+00:00,vibration_rms,,,temp_drift,0.504,
2026-07-29T19:52:06.946233+00:00,temperature,102.064,4.0,temp_drift,,
2026-07-29T19:52:08.180914+00:00,temperature,101.958,4.0,temp_drift,,
2026-07-29T19:52:08.180914+00:00,vibration_rms,,,temp_drift,0.42,
2026-07-29T19:52:09.599832+00:00,temperature,101.676,4.0,temp_drift,,
2026-07-29T19:52:10.824498+00:00,temperature,101.952,4.0,temp_drift,,
2026-07-29T19:52:10.824498+00:00,vibration_rms,,,temp_drift,0.516,
2026-07-29T19:52:12.254826+00:00,temperature,102.113,4.0,temp_drift,,
2026-07-29T19:52:13.446297+00:00,temperature,102.516,4.0,temp_drift,,
2026-07-29T19:52:13.446297+00:00,vibration_rms,,,temp_drift,0.424,
2026-07-29T19:52:14.814262+00:00,temperature,102.341,4.0,temp_drift,,
2026-07-29T19:52:16.025386+00:00,temperature,102.886,4.0,temp_drift,,
2026-07-29T19:52:16.025386+00:00,vibration_rms,,,temp_drift,0.579,
2026-07-29T19:52:17.458254+00:00,temperature,102.64,4.0,temp_drift,,
2026-07-29T19:52:18.691771+00:00,temperature,102.949,4.0,temp_drift,,
2026-07-29T19:52:18.691771+00:00,vibration_rms,,,temp_drift,0.558,
2026-07-29T19:52:20.189461+00:00,temperature,102.343,4.0,temp_drift,,
2026-07-29T19:52:21.403944+00:00,temperature,103.287,4.0,temp_drift,,
2026-07-29T19:52:21.403944+00:00,vibration_rms,,,temp_drift,0.443,
2026-07-29T19:52:22.848526+00:00,temperature,102.432,4.0,temp_drift,,
2026-07-29T19:52:24.025505+00:00,temperature,102.527,4.0,temp_drift,,
2026-07-29T19:52:24.025505+00:00,vibration_rms,,,temp_drift,0.443,
2026-07-29T19:52:25.416456+00:00,temperature,103.366,4.0,temp_drift,,
2026-07-29T19:52:26.636708+00:00,temperature,102.9,4.0,temp_drift,,
2026-07-29T19:52:26.636708+00:00,vibration_rms,,,temp_drift,0.38,
2026-07-29T19:52:28.114241+00:00,temperature,103.484,4.0,temp_drift,,
2026-07-29T19:52:29.314890+00:00,temperature,103.747,4.0,temp_drift,,
2026-07-29T19:52:29.314890+00:00,vibration_rms,,,temp_drift,0.275,
2026-07-29T19:52:30.670236+00:00,temperature,103.613,4.0,temp_drift,,
2026-07-29T19:52:31.892730+00:00,temperature,103.368,4.0,temp_drift,,
2026-07-29T19:52:31.892730+00:00,vibration_rms,,,temp_drift,0.413,
2026-07-29T19:52:33.325529+00:00,temperature,103.559,4.0,temp_drift,,
2026-07-29T19:52:34.525900+00:00,temperature,103.966,4.0,temp_drift,,
2026-07-29T19:52:34.525900+00:00,vibration_rms,,,temp_drift,0.456,
2026-07-29T19:52:35.903976+00:00,temperature,104.324,4.0,temp_drift,,
2026-07-29T19:52:37.137166+00:00,temperature,103.045,4.0,temp_drift,,
2026-07-29T19:52:37.137166+00:00,vibration_rms,,,temp_drift,0.453,
2026-07-29T19:52:38.570102+00:00,temperature,103.298,4.0,temp_drift,,
2026-07-29T19:52:39.815141+00:00,temperature,104.068,4.0,temp_drift,,
2026-07-29T19:52:39.815141+00:00,vibration_rms,,,temp_drift,0.473,
2026-07-29T19:52:41.200911+00:00,temperature,103.993,4.0,temp_drift,,
2026-07-29T19:52:41.200911+00:00,door_event,,,temp_drift,,OPEN
2026-07-29T19:52:42.404801+00:00,temperature,104.021,4.0,temp_drift,,
2026-07-29T19:52:42.404801+00:00,vibration_rms,,,temp_drift,0.387,
2026-07-29T19:52:43.822931+00:00,temperature,104.093,4.0,temp_drift,,
2026-07-29T19:52:45.026763+00:00,temperature,104.288,4.0,temp_drift,,
2026-07-29T19:52:45.026763+00:00,vibration_rms,,,temp_drift,0.411,
2026-07-29T19:52:46.434005+00:00,temperature,104.775,4.0,temp_drift,,
2026-07-29T19:52:47.682111+00:00,temperature,104.364,4.0,temp_drift,,
2026-07-29T19:52:47.682111+00:00,vibration_rms,,,temp_drift,0.464,
2026-07-29T19:52:49.159877+00:00,temperature,104.125,4.0,temp_drift,,
2026-07-29T19:52:50.393361+00:00,temperature,104.643,4.0,temp_drift,,
2026-07-29T19:52:50.393361+00:00,vibration_rms,,,temp_drift,0.34,
2026-07-29T19:52:51.824087+00:00,temperature,104.984,4.0,temp_drift,,
2026-07-29T19:52:53.048141+00:00,temperature,104.715,4.0,temp_drift,,
2026-07-29T19:52:53.048141+00:00,vibration_rms,,,temp_drift,0.451,
2026-07-29T19:52:54.468817+00:00,temperature,104.688,4.0,temp_drift,,
2026-07-29T19:52:55.682383+00:00,temperature,105.311,4.0,temp_drift,,
2026-07-29T19:52:55.682383+00:00,vibration_rms,,,temp_drift,0.463,
2026-07-29T19:52:57.029172+00:00,temperature,105.047,4.0,temp_drift,,
2026-07-29T19:52:58.282568+00:00,temperature,105.078,4.0,temp_drift,,
2026-07-29T19:52:58.282568+00:00,vibration_rms,,,temp_drift,0.422,
2026-07-29T19:52:59.701988+00:00,temperature,105.441,4.0,temp_drift,,
2026-07-29T19:53:00.916718+00:00,temperature,105.417,4.0,temp_drift,,
2026-07-29T19:53:00.916718+00:00,vibration_rms,,,temp_drift,0.472,
2026-07-29T19:53:02.326955+00:00,temperature,105.586,4.0,temp_drift,,
2026-07-29T19:53:03.571706+00:00,temperature,105.186,4.0,temp_drift,,
2026-07-29T19:53:03.571706+00:00,vibration_rms,,,temp_drift,0.519,
2026-07-29T19:53:05.015842+00:00,temperature,105.262,4.0,temp_drift,,
2026-07-29T19:53:06.216818+00:00,temperature,105.289,4.0,temp_drift,,
2026-07-29T19:53:06.216818+00:00,vibration_rms,,,temp_drift,0.43,
2026-07-29T19:53:07.605370+00:00,temperature,105.855,4.0,temp_drift,,
2026-07-29T19:53:08.814916+00:00,temperature,105.796,4.0,temp_drift,,
2026-07-29T19:53:08.814916+00:00,vibration_rms,,,temp_drift,0.454,
2026-07-29T19:53:10.258328+00:00,temperature,105.851,4.0,temp_drift,,
2026-07-29T19:53:10.258328+00:00,door_event,,,temp_drift,,OPEN
2026-07-29T19:53:11.484834+00:00,temperature,105.998,4.0,temp_drift,,
2026-07-29T19:53:11.484834+00:00,vibration_rms,,,temp_drift,0.492,
2026-07-29T19:53:12.913532+00:00,temperature,105.766,4.0,temp_drift,,
2026-07-29T19:53:14.140439+00:00,temperature,106.226,4.0,temp_drift,,
2026-07-29T19:53:14.140439+00:00,vibration_rms,,,temp_drift,0.446,
2026-07-29T19:53:15.569262+00:00,temperature,105.68,4.0,temp_drift,,
2026-07-29T19:53:16.783656+00:00,temperature,106.291,4.0,temp_drift,,
2026-07-29T19:53:16.783656+00:00,vibration_rms,,,temp_drift,0.509,
2026-07-29T19:53:18.225624+00:00,temperature,106.1,4.0,temp_drift,,
2026-07-29T19:53:19.474249+00:00,temperature,106.355,4.0,temp_drift,,
2026-07-29T19:53:19.474249+00:00,vibration_rms,,,temp_drift,0.461,
2026-07-29T19:53:20.903837+00:00,temperature,106.634,4.0,temp_drift,,
2026-07-29T19:53:22.129256+00:00,temperature,106.696,4.0,temp_drift,,
2026-07-29T19:53:22.129256+00:00,vibration_rms,,,temp_drift,0.453,
2026-07-29T19:53:23.548272+00:00,temperature,106.208,4.0,temp_drift,,
2026-07-29T19:53:24.772564+00:00,temperature,106.852,4.0,temp_drift,,
2026-07-29T19:53:24.772564+00:00,vibration_rms,,,temp_drift,0.435,
2026-07-29T19:53:24.772564+00:00,door_event,,,temp_drift,,OPEN
2026-07-29T19:53:26.252136+00:00,temperature,106.512,4.0,temp_drift,,
2026-07-29T19:53:27.429706+00:00,temperature,107.326,4.0,temp_drift,,
2026-07-29T19:53:27.429706+00:00,vibration_rms,,,temp_drift,0.481,
2026-07-29T19:53:28.873812+00:00,temperature,107.513,4.0,temp_drift,,
2026-07-29T19:53:30.096096+00:00,temperature,107.521,4.0,temp_drift,,
2026-07-29T19:53:30.096096+00:00,vibration_rms,,,temp_drift,0.44,
2026-07-29T19:53:31.542734+00:00,temperature,106.925,4.0,temp_drift,,
2026-07-29T19:53:32.772997+00:00,temperature,107.325,4.0,temp_drift,,
2026-07-29T19:53:32.772997+00:00,vibration_rms,,,temp_drift,0.429,
2026-07-29T19:53:34.195558+00:00,temperature,107.027,4.0,temp_drift,,
2026-07-29T19:53:35.418127+00:00,temperature,107.06,4.0,temp_drift,,
2026-07-29T19:53:35.418127+00:00,vibration_rms,,,temp_drift,0.462,
2026-07-29T19:53:36.848852+00:00,temperature,107.301,4.0,temp_drift,,
2026-07-29T19:53:38.051998+00:00,temperature,107.246,4.0,temp_drift,,
2026-07-29T19:53:38.051998+00:00,vibration_rms,,,temp_drift,0.433,
2026-07-29T19:53:38.051998+00:00,door_event,,,temp_drift,,OPEN
2026-07-29T19:53:39.459989+00:00,temperature,107.73,4.0,temp_drift,,
2026-07-29T19:53:40.682461+00:00,temperature,107.299,4.0,temp_drift,,
2026-07-29T19:53:40.682461+00:00,vibration_rms,,,temp_drift,0.47,
2026-07-29T19:53:42.094251+00:00,temperature,107.893,4.0,temp_drift,,
2026-07-29T19:53:43.307451+00:00,temperature,107.677,4.0,temp_drift,,
2026-07-29T19:53:43.307451+00:00,vibration_rms,,,temp_drift,0.368,
2026-07-29T19:53:44.685612+00:00,temperature,107.929,4.0,temp_drift,,
2026-07-29T19:53:45.896448+00:00,temperature,107.655,4.0,temp_drift,,
2026-07-29T19:53:45.896448+00:00,vibration_rms,,,temp_drift,0.469,
2026-07-29T19:53:47.359444+00:00,temperature,107.976,4.0,temp_drift,,
2026-07-29T19:53:48.607588+00:00,temperature,107.911,4.0,temp_drift,,
2026-07-29T19:53:48.607588+00:00,vibration_rms,,,temp_drift,0.377,
2026-07-29T19:53:50.019875+00:00,temperature,107.576,4.0,temp_drift,,
2026-07-29T19:53:51.262897+00:00,temperature,108.769,4.0,temp_drift,,
2026-07-29T19:53:51.262897+00:00,vibration_rms,,,temp_drift,0.4,
2026-07-29T19:53:52.715750+00:00,temperature,108.172,4.0,temp_drift,,
2026-07-29T19:53:53.927678+00:00,temperature,108.652,4.0,temp_drift,,
2026-07-29T19:53:53.927678+00:00,vibration_rms,,,temp_drift,0.475,
2026-07-29T19:53:55.284308+00:00,temperature,108.425,4.0,temp_drift,,
2026-07-29T19:53:56.508783+00:00,temperature,108.54,4.0,temp_drift,,
2026-07-29T19:53:56.508783+00:00,vibration_rms,,,temp_drift,0.414,
2026-07-29T19:53:57.964577+00:00,temperature,108.747,4.0,temp_drift,,
2026-07-29T19:53:59.174221+00:00,temperature,108.388,4.0,temp_drift,,
2026-07-29T19:53:59.174221+00:00,vibration_rms,,,temp_drift,0.475,
2026-07-29T19:54:00.572632+00:00,temperature,108.943,4.0,temp_drift,,
2026-07-29T19:54:01.808905+00:00,temperature,108.848,4.0,temp_drift,,
2026-07-29T19:54:01.808905+00:00,vibration_rms,,,temp_drift,0.47,
2026-07-29T19:54:03.165398+00:00,temperature,109.336,4.0,temp_drift,,
2026-07-29T19:54:04.396867+00:00,temperature,108.732,4.0,temp_drift,,
2026-07-29T19:54:04.396867+00:00,vibration_rms,,,temp_drift,0.464,
2026-07-29T19:54:05.794057+00:00,temperature,108.7,4.0,temp_drift,,
2026-07-29T19:54:07.006448+00:00,temperature,109.5,4.0,temp_drift,,
2026-07-29T19:54:07.006448+00:00,vibration_rms,,,temp_drift,0.448,
2026-07-29T19:54:08.405333+00:00,temperature,108.81,4.0,temp_drift,,
2026-07-29T19:54:09.663311+00:00,temperature,108.588,4.0,temp_drift,,
2026-07-29T19:54:09.663311+00:00,vibration_rms,,,temp_drift,0.437,
2026-07-29T19:54:11.077018+00:00,temperature,109.958,4.0,temp_drift,,
2026-07-29T19:54:12.286461+00:00,temperature,109.798,4.0,temp_drift,,
2026-07-29T19:54:12.286461+00:00,vibration_rms,,,temp_drift,0.516,
2026-07-29T19:54:13.674889+00:00,temperature,109.838,4.0,temp_drift,,
2026-07-29T19:54:14.886667+00:00,temperature,109.585,4.0,temp_drift,,
2026-07-29T19:54:14.886667+00:00,vibration_rms,,,temp_drift,0.535,
2026-07-29T19:54:16.242976+00:00,temperature,109.639,4.0,temp_drift,,
2026-07-29T19:54:17.464503+00:00,temperature,109.863,4.0,temp_drift,,
2026-07-29T19:54:17.464503+00:00,vibration_rms,,,temp_drift,0.45,
2026-07-29T19:54:18.850794+00:00,temperature,110.048,4.0,temp_drift,,
2026-07-29T19:54:20.051478+00:00,temperature,109.678,4.0,temp_drift,,
2026-07-29T19:54:20.051478+00:00,vibration_rms,,,temp_drift,0.433,
2026-07-29T19:54:21.455528+00:00,temperature,110.691,4.0,temp_drift,,
2026-07-29T19:54:22.731405+00:00,temperature,110.282,4.0,temp_drift,,
2026-07-29T19:54:22.731405+00:00,vibration_rms,,,temp_drift,0.501,
2026-07-29T19:54:24.198371+00:00,temperature,110.48,4.0,temp_drift,,
2026-07-29T19:54:25.409537+00:00,temperature,110.04,4.0,temp_drift,,
2026-07-29T19:54:25.409537+00:00,vibration_rms,,,temp_drift,0.382,
2026-07-29T19:54:25.409537+00:00,door_event,,,temp_drift,,CLOSE
2026-07-29T19:54:26.864449+00:00,temperature,111.135,4.0,temp_drift,,
2026-07-29T19:54:28.098636+00:00,temperature,110.635,4.0,temp_drift,,
2026-07-29T19:54:28.098636+00:00,vibration_rms,,,temp_drift,0.538,
2026-07-29T19:54:29.506874+00:00,temperature,110.631,4.0,temp_drift,,
2026-07-29T19:54:29.506874+00:00,door_event,,,temp_drift,,CLOSE
2026-07-29T19:54:30.708994+00:00,temperature,110.859,4.0,temp_drift,,
2026-07-29T19:54:30.708994+00:00,vibration_rms,,,temp_drift,0.384,
2026-07-29T19:54:32.107307+00:00,temperature,110.731,4.0,temp_drift,,
2026-07-29T19:54:32.107307+00:00,door_event,,,temp_drift,,OPEN
2026-07-29T19:54:33.285789+00:00,temperature,111.169,4.0,temp_drift,,
2026-07-29T19:54:33.285789+00:00,vibration_rms,,,temp_drift,0.491,
2026-07-29T19:54:34.696163+00:00,temperature,111.229,4.0,temp_drift,,
2026-07-29T19:54:35.926785+00:00,temperature,110.865,4.0,temp_drift,,
2026-07-29T19:54:35.926785+00:00,vibration_rms,,,temp_drift,0.539,
2026-07-29T19:54:37.340141+00:00,temperature,110.342,4.0,temp_drift,,
2026-07-29T19:54:38.532301+00:00,temperature,111.456,4.0,temp_drift,,
2026-07-29T19:54:38.532301+00:00,vibration_rms,,,temp_drift,0.505,
2026-07-29T19:54:39.932092+00:00,temperature,111.342,4.0,temp_drift,,
2026-07-29T19:54:39.932092+00:00,door_event,,,temp_drift,,CLOSE
2026-07-29T19:54:41.134268+00:00,temperature,111.23,4.0,temp_drift,,
2026-07-29T19:54:41.134268+00:00,vibration_rms,,,temp_drift,0.551,
2026-07-29T19:54:42.535166+00:00,temperature,111.513,4.0,temp_drift,,
2026-07-29T19:54:43.754993+00:00,temperature,111.382,4.0,temp_drift,,
2026-07-29T19:54:43.754993+00:00,vibration_rms,,,temp_drift,0.54,
2026-07-29T19:54:45.154044+00:00,temperature,111.534,4.0,temp_drift,,
2026-07-29T19:54:46.378469+00:00,temperature,111.057,4.0,temp_drift,,
2026-07-29T19:54:46.378469+00:00,vibration_rms,,,temp_drift,0.385,
2026-07-29T19:54:47.808513+00:00,temperature,111.605,4.0,temp_drift,,
2026-07-29T19:54:49.033203+00:00,temperature,112.134,4.0,temp_drift,,
2026-07-29T19:54:49.033203+00:00,vibration_rms,,,temp_drift,0.451,
2026-07-29T19:54:50.402265+00:00,temperature,111.204,4.0,temp_drift,,
2026-07-29T19:54:51.644061+00:00,temperature,111.856,4.0,temp_drift,,
2026-07-29T19:54:51.644061+00:00,vibration_rms,,,temp_drift,0.492,
2026-07-29T19:54:53.052837+00:00,temperature,112.865,4.0,temp_drift,,
2026-07-29T19:54:54.273821+00:00,temperature,112.414,4.0,temp_drift,,
2026-07-29T19:54:54.273821+00:00,vibration_rms,,,temp_drift,0.491,
2026-07-29T19:54:55.689052+00:00,temperature,112.268,4.0,temp_drift,,
2026-07-29T19:54:56.926057+00:00,temperature,112.397,4.0,temp_drift,,
2026-07-29T19:54:56.926057+00:00,vibration_rms,,,temp_drift,0.544,
2026-07-29T19:54:58.344906+00:00,temperature,112.071,4.0,temp_drift,,
2026-07-29T19:54:59.543364+00:00,temperature,112.855,4.0,temp_drift,,
2026-07-29T19:54:59.543364+00:00,vibration_rms,,,temp_drift,0.452,
2026-07-29T19:55:00.924773+00:00,temperature,112.794,4.0,temp_drift,,
