timestamp,sensor,value_c,setpoint_c,anomaly_mode,value_g,event
2026-08-08T16:23:49.951933+00:00,temperature,4.482,4.0,temp_drift,,
2026-08-08T16:23:51.486819+00:00,temperature,3.968,4.0,temp_drift,,
2026-08-08T16:23:51.486819+00:00,vibration_rms,,,temp_drift,0.351,
2026-08-08T16:23:54.292033+00:00,temperature,4.302,4.0,temp_drift,,
2026-08-08T16:23:54.292033+00:00,door_event,,,temp_drift,,CLOSE
2026-08-08T16:23:55.616819+00:00,temperature,4.086,4.0,temp_drift,,
2026-08-08T16:23:55.616819+00:00,vibration_rms,,,temp_drift,0.445,
2026-08-08T16:23:57.214724+00:00,temperature,4.449,4.0,temp_drift,,
2026-08-08T16:23:58.454104+00:00,temperature,4.634,4.0,temp_drift,,
2026-08-08T16:23:58.454104+00:00,vibration_rms,,,temp_drift,0.527,
2026-08-08T16:23:59.904663+00:00,temperature,4.3,4.0,temp_drift,,
2026-08-08T16:24:01.215228+00:00,temperature,4.695,4.0,temp_drift,,
2026-08-08T16:24:01.215228+00:00,vibration_rms,,,temp_drift,0.468,
2026-08-08T16:24:03.049027+00:00,temperature,4.496,4.0,temp_drift,,
2026-08-08T16:24:04.613461+00:00,temperature,4.495,4.0,temp_drift,,
2026-08-08T16:24:04.613461+00:00,vibration_rms,,,temp_drift,0.443,
2026-08-08T16:24:06.577260+00:00,temperature,5.114,4.0,temp_drift,,
2026-08-08T16:24:08.094856+00:00,temperature,4.636,4.0,temp_drift,,
2026-08-08T16:24:08.094856+00:00,vibration_rms,,,temp_drift,0.484,
2026-08-08T16:24:10.460639+00:00,temperature,4.869,4.0,temp_drift,,
2026-08-08T16:24:12.173187+00:00,temperature,4.943,4.0,temp_drift,,
2026-08-08T16:24:12.173187+00:00,vibration_rms,,,temp_drift,0.334,
2026-08-08T16:24:14.427998+00:00,temperature,5.225,4.0,temp_drift,,
2026-08-08T16:24:15.968977+00:00,temperature,4.811,4.0,temp_drift,,
2026-08-08T16:24:15.968977+00:00,vibration_rms,,,temp_drift,0.422,
2026-08-08T16:24:18.015936+00:00,temperature,4.849,4.0,temp_drift,,
2026-08-08T16:24:19.683077+00:00,temperature,5.492,4.0,temp_drift,,
2026-08-08T16:24:19.683077+00:00,vibration_rms,,,temp_drift,0.518,
2026-08-08T16:24:23.650420+00:00,temperature,5.427,4.0,temp_drift,,
2026-08-08T16:24:25.272198+00:00,temperature,5.808,4.0,temp_drift,,
2026-08-08T16:24:25.272198+00:00,vibration_rms,,,temp_drift,0.423,
2026-08-08T16:24:27.222942+00:00,temperature,5.59,4.0,temp_drift,,
2026-08-08T16:24:28.693926+00:00,temperature,6.187,4.0,temp_drift,,
2026-08-08T16:24:28.693926+00:00,vibration_rms,,,temp_drift,0.474,
2026-08-08T16:24:32.974742+00:00,temperature,5.571,4.0,temp_drift,,
2026-08-08T16:24:34.508915+00:00,temperature,5.477,4.0,temp_drift,,
2026-08-08T16:24:34.508915+00:00,vibration_rms,,,temp_drift,0.452,
2026-08-08T16:24:36.553174+00:00,temperature,6.281,4.0,temp_drift,,
2026-08-08T16:24:37.973190+00:00,temperature,6.25,4.0,temp_drift,,
2026-08-08T16:24:37.973190+00:00,vibration_rms,,,temp_drift,0.459,
2026-08-08T16:24:39.895349+00:00,temperature,6.16,4.0,temp_drift,,
2026-08-08T16:24:41.484151+00:00,temperature,6.467,4.0,temp_drift,,
2026-08-08T16:24:41.484151+00:00,vibration_rms,,,temp_drift,0.371,
2026-08-08T16:24:43.496913+00:00,temperature,6.14,4.0,temp_drift,,
2026-08-08T16:24:44.958288+00:00,temperature,5.74,4.0,temp_drift,,
2026-08-08T16:24:44.958288+00:00,vibration_rms,,,temp_drift,0.414,
2026-08-08T16:24:46.794606+00:00,temperature,6.499,4.0,temp_drift,,
2026-08-08T16:24:48.195961+00:00,temperature,6.814,4.0,temp_drift,,
2026-08-08T16:24:48.195961+00:00,vibration_rms,,,temp_drift,0.401,
2026-08-08T16:24:50.040125+00:00,temperature,6.418,4.0,temp_drift,,
2026-08-08T16:24:51.386057+00:00,temperature,6.536,4.0,temp_drift,,
2026-08-08T16:24:51.386057+00:00,vibration_rms,,,temp_drift,0.468,
2026-08-08T16:24:53.017258+00:00,temperature,5.937,4.0,temp_drift,,
2026-08-08T16:24:54.406146+00:00,temperature,6.266,4.0,temp_drift,,
2026-08-08T16:24:54.406146+00:00,vibration_rms,,,temp_drift,0.491,
2026-08-08T16:24:56.149510+00:00,temperature,7.102,4.0,temp_drift,,
2026-08-08T16:24:57.810383+00:00,temperature,6.869,4.0,temp_drift,,
2026-08-08T16:24:57.810383+00:00,vibration_rms,,,temp_drift,0.415,
2026-08-08T16:24:59.463784+00:00,temperature,7.534,4.0,temp_drift,,
2026-08-08T16:25:00.762943+00:00,temperature,7.259,4.0,temp_drift,,
2026-08-08T16:25:00.762943+00:00,vibration_rms,,,temp_drift,0.48,
2026-08-08T16:25:02.531379+00:00,temperature,7.275,4.0,temp_drift,,
2026-08-08T16:25:03.856607+00:00,temperature,7.886,4.0,temp_drift,,
2026-08-08T16:25:03.856607+00:00,vibration_rms,,,temp_drift,0.408,
2026-08-08T16:25:06.169652+00:00,temperature,7.803,4.0,temp_drift,,
2026-08-08T16:25:07.985935+00:00,temperature,7.155,4.0,temp_drift,,
2026-08-08T16:25:07.985935+00:00,vibration_rms,,,temp_drift,0.463,
2026-08-08T16:25:10.664497+00:00,temperature,7.408,4.0,temp_drift,,
2026-08-08T16:25:12.018545+00:00,temperature,6.915,4.0,temp_drift,,
2026-08-08T16:25:12.018545+00:00,vibration_rms,,,temp_drift,0.449,
2026-08-08T16:25:13.646641+00:00,temperature,8.306,4.0,temp_drift,,
2026-08-08T16:25:15.029233+00:00,temperature,7.827,4.0,temp_drift,,
2026-08-08T16:25:15.029233+00:00,vibration_rms,,,temp_drift,0.436,
2026-08-08T16:25:16.794132+00:00,temperature,8.079,4.0,temp_drift,,
2026-08-08T16:25:18.285632+00:00,temperature,8.145,4.0,temp_drift,,
2026-08-08T16:25:18.285632+00:00,vibration_rms,,,temp_drift,0.493,
2026-08-08T16:25:20.471546+00:00,temperature,8.044,4.0,temp_drift,,
2026-08-08T16:25:22.020321+00:00,temperature,8.153,4.0,temp_drift,,
2026-08-08T16:25:22.020321+00:00,vibration_rms,,,temp_drift,0.46,
2026-08-08T16:25:24.657833+00:00,temperature,8.243,4.0,temp_drift,,
2026-08-08T16:25:26.554272+00:00,temperature,8.662,4.0,temp_drift,,
2026-08-08T16:25:26.554272+00:00,vibration_rms,,,temp_drift,0.381,
2026-08-08T16:25:29.590813+00:00,temperature,8.263,4.0,temp_drift,,
2026-08-08T16:25:31.124373+00:00,temperature,8.915,4.0,temp_drift,,
2026-08-08T16:25:31.124373+00:00,vibration_rms,,,temp_drift,0.441,
2026-08-08T16:25:33.051229+00:00,temperature,8.046,4.0,temp_drift,,
2026-08-08T16:25:34.569786+00:00,temperature,8.526,4.0,temp_drift,,
2026-08-08T16:25:34.569786+00:00,vibration_rms,,,temp_drift,0.434,
2026-08-08T16:25:36.557235+00:00,temperature,9.239,4.0,temp_drift,,
2026-08-08T16:25:37.981347+00:00,temperature,9.139,4.0,temp_drift,,
2026-08-08T16:25:37.981347+00:00,vibration_rms,,,temp_drift,0.529,
2026-08-08T16:25:39.910514+00:00,temperature,8.648,4.0,temp_drift,,
2026-08-08T16:25:41.403425+00:00,temperature,8.718,4.0,temp_drift,,
2026-08-08T16:25:41.403425+00:00,vibration_rms,,,temp_drift,0.398,
2026-08-08T16:25:43.464447+00:00,temperature,9.099,4.0,temp_drift,,
2026-08-08T16:25:44.998049+00:00,temperature,8.37,4.0,temp_drift,,
2026-08-08T16:25:44.998049+00:00,vibration_rms,,,temp_drift,0.477,
2026-08-08T16:25:47.192674+00:00,temperature,9.494,4.0,temp_drift,,
2026-08-08T16:25:49.030890+00:00,temperature,9.084,4.0,temp_drift,,
2026-08-08T16:25:49.030890+00:00,vibration_rms,,,temp_drift,0.521,
2026-08-08T16:25:51.012325+00:00,temperature,9.243,4.0,temp_drift,,
2026-08-08T16:25:52.473163+00:00,temperature,9.188,4.0,temp_drift,,
2026-08-08T16:25:52.473163+00:00,vibration_rms,,,temp_drift,0.443,
2026-08-08T16:25:54.253954+00:00,temperature,9.131,4.0,temp_drift,,
2026-08-08T16:25:55.705083+00:00,temperature,9.653,4.0,temp_drift,,
2026-08-08T16:25:55.705083+00:00,vibration_rms,,,temp_drift,0.452,
2026-08-08T16:25:57.495665+00:00,temperature,9.646,4.0,temp_drift,,
2026-08-08T16:25:57.495665+00:00,door_event,,,temp_drift,,CLOSE
2026-08-08T16:25:58.989240+00:00,temperature,9.64,4.0,temp_drift,,
2026-08-08T16:25:58.989240+00:00,vibration_rms,,,temp_drift,0.488,
2026-08-08T16:26:00.842771+00:00,temperature,9.786,4.0,temp_drift,,
2026-08-08T16:26:02.313829+00:00,temperature,10.095,4.0,temp_drift,,
2026-08-08T16:26:02.313829+00:00,vibration_rms,,,temp_drift,0.493,
2026-08-08T16:26:04.336055+00:00,temperature,10.048,4.0,temp_drift,,
2026-08-08T16:26:05.805855+00:00,temperature,9.764,4.0,temp_drift,,
2026-08-08T16:26:05.805855+00:00,vibration_rms,,,temp_drift,0.475,
2026-08-08T16:26:07.678027+00:00,temperature,10.387,4.0,temp_drift,,
2026-08-08T16:26:09.200529+00:00,temperature,9.715,4.0,temp_drift,,
2026-08-08T16:26:09.200529+00:00,vibration_rms,,,temp_drift,0.481,
2026-08-08T16:26:11.200450+00:00,temperature,10.168,4.0,temp_drift,,
2026-08-08T16:26:12.632125+00:00,temperature,10.34,4.0,temp_drift,,
2026-08-08T16:26:12.632125+00:00,vibration_rms,,,temp_drift,0.479,
2026-08-08T16:26:14.686715+00:00,temperature,10.646,4.0,temp_drift,,
2026-08-08T16:26:16.144359+00:00,temperature,10.304,4.0,temp_drift,,
2026-08-08T16:26:16.144359+00:00,vibration_rms,,,temp_drift,0.465,
2026-08-08T16:26:18.066111+00:00,temperature,10.737,4.0,temp_drift,,
2026-08-08T16:26:19.546606+00:00,temperature,10.217,4.0,temp_drift,,
2026-08-08T16:26:19.546606+00:00,vibration_rms,,,temp_drift,0.503,
2026-08-08T16:26:21.600682+00:00,temperature,10.566,4.0,temp_drift,,
2026-08-08T16:26:21.600682+00:00,door_event,,,temp_drift,,CLOSE
2026-08-08T16:26:23.237857+00:00,temperature,11.021,4.0,temp_drift,,
2026-08-08T16:26:23.237857+00:00,vibration_rms,,,temp_drift,0.522,
2026-08-08T16:26:25.149390+00:00,temperature,10.708,4.0,temp_drift,,
2026-08-08T16:26:26.789359+00:00,temperature,10.905,4.0,temp_drift,,
2026-08-08T16:26:26.789359+00:00,vibration_rms,,,temp_drift,0.375,
2026-08-08T16:26:29.106501+00:00,temperature,11.294,4.0,temp_drift,,
2026-08-08T16:26:30.576360+00:00,temperature,11.127,4.0,temp_drift,,
2026-08-08T16:26:30.576360+00:00,vibration_rms,,,temp_drift,0.351,
2026-08-08T16:26:32.728788+00:00,temperature,10.792,4.0,temp_drift,,
2026-08-08T16:26:34.247656+00:00,temperature,10.799,4.0,temp_drift,,
2026-08-08T16:26:34.247656+00:00,vibration_rms,,,temp_drift,0.368,
2026-08-08T16:26:36.238085+00:00,temperature,11.726,4.0,temp_drift,,
2026-08-08T16:26:37.633740+00:00,temperature,10.873,4.0,temp_drift,,
2026-08-08T16:26:37.633740+00:00,vibration_rms,,,temp_drift,0.527,
2026-08-08T16:26:39.262288+00:00,temperature,10.852,4.0,temp_drift,,
2026-08-08T16:26:40.762390+00:00,temperature,11.22,4.0,temp_drift,,
2026-08-08T16:26:40.762390+00:00,vibration_rms,,,temp_drift,0.448,
2026-08-08T16:26:42.598018+00:00,temperature,11.97,4.0,temp_drift,,
2026-08-08T16:26:44.005510+00:00,temperature,11.737,4.0,temp_drift,,
2026-08-08T16:26:44.005510+00:00,vibration_rms,,,temp_drift,0.42,
2026-08-08T16:26:45.753012+00:00,temperature,12.408,4.0,temp_drift,,
2026-08-08T16:26:47.113486+00:00,temperature,11.346,4.0,temp_drift,,
2026-08-08T16:26:47.113486+00:00,vibration_rms,,,temp_drift,0.425,
2026-08-08T16:26:48.933941+00:00,temperature,12.157,4.0,temp_drift,,
2026-08-08T16:26:50.473340+00:00,temperature,11.468,4.0,temp_drift,,
2026-08-08T16:26:50.473340+00:00,vibration_rms,,,temp_drift,0.469,
2026-08-08T16:26:53.112882+00:00,temperature,12.442,4.0,temp_drift,,
2026-08-08T16:26:54.550615+00:00,temperature,11.675,4.0,temp_drift,,
2026-08-08T16:26:54.550615+00:00,vibration_rms,,,temp_drift,0.523,
2026-08-08T16:26:56.514946+00:00,temperature,12.245,4.0,temp_drift,,
2026-08-08T16:26:56.514946+00:00,door_event,,,temp_drift,,OPEN
2026-08-08T16:26:57.991916+00:00,temperature,12.396,4.0,temp_drift,,
2026-08-08T16:26:57.991916+00:00,vibration_rms,,,temp_drift,0.426,
2026-08-08T16:27:00.169626+00:00,temperature,12.418,4.0,temp_drift,,
2026-08-08T16:27:01.581530+00:00,temperature,12.889,4.0,temp_drift,,
2026-08-08T16:27:01.581530+00:00,vibration_rms,,,temp_drift,0.433,
2026-08-08T16:27:03.357694+00:00,temperature,13.052,4.0,temp_drift,,
2026-08-08T16:27:04.691966+00:00,temperature,12.853,4.0,temp_drift,,
2026-08-08T16:27:04.691966+00:00,vibration_rms,,,temp_drift,0.373,
2026-08-08T16:27:04.691966+00:00,door_event,,,temp_drift,,OPEN
2026-08-08T16:27:06.708891+00:00,temperature,12.979,4.0,temp_drift,,
2026-08-08T16:27:08.206707+00:00,temperature,13.528,4.0,temp_drift,,
2026-08-08T16:27:08.206707+00:00,vibration_rms,,,temp_drift,0.483,
2026-08-08T16:27:08.206707+00:00,door_event,,,temp_drift,,CLOSE
2026-08-08T16:27:10.360618+00:00,temperature,12.643,4.0,temp_drift,,
2026-08-08T16:27:11.814083+00:00,temperature,13.304,4.0,temp_drift,,
2026-08-08T16:27:11.814083+00:00,vibration_rms,,,temp_drift,0.429,
2026-08-08T16:27:13.658472+00:00,temperature,13.255,4.0,temp_drift,,
2026-08-08T16:27:15.711149+00:00,temperature,13.066,4.0,temp_drift,,
2026-08-08T16:27:15.711149+00:00,vibration_rms,,,temp_drift,0.42,
2026-08-08T16:27:18.558902+00:00,temperature,13.154,4.0,temp_drift,,
2026-08-08T16:27:20.162906+00:00,temperature,13.161,4.0,temp_drift,,
2026-08-08T16:27:20.162906+00:00,vibration_rms,,,temp_drift,0.442,
2026-08-08T16:27:22.113181+00:00,temperature,13.502,4.0,temp_drift,,
2026-08-08T16:27:23.559837+00:00,temperature,13.132,4.0,temp_drift,,
2026-08-08T16:27:23.559837+00:00,vibration_rms,,,temp_drift,0.486,
2026-08-08T16:27:25.889336+00:00,temperature,13.185,4.0,temp_drift,,
2026-08-08T16:27:27.358215+00:00,temperature,13.587,4.0,temp_drift,,
2026-08-08T16:27:27.358215+00:00,vibration_rms,,,temp_drift,0.475,
2026-08-08T16:27:29.240544+00:00,temperature,14.078,4.0,temp_drift,,
2026-08-08T16:27:30.791821+00:00,temperature,13.643,4.0,temp_drift,,
2026-08-08T16:27:30.791821+00:00,vibration_rms,,,temp_drift,0.488,
2026-08-08T16:27:32.795439+00:00,temperature,13.853,4.0,temp_drift,,
2026-08-08T16:27:32.795439+00:00,door_event,,,temp_drift,,OPEN
2026-08-08T16:27:34.584168+00:00,temperature,13.552,4.0,temp_drift,,
2026-08-08T16:27:34.584168+00:00,vibration_rms,,,temp_drift,0.438,
2026-08-08T16:27:37.103027+00:00,temperature,14.427,4.0,temp_drift,,
2026-08-08T16:27:41.814827+00:00,temperature,14.048,4.0,temp_drift,,
2026-08-08T16:27:41.814827+00:00,vibration_rms,,,temp_drift,0.481,
2026-08-08T16:27:44.059673+00:00,temperature,14.156,4.0,temp_drift,,
2026-08-08T16:27:46.115133+00:00,temperature,14.298,4.0,temp_drift,,
2026-08-08T16:27:46.115133+00:00,vibration_rms,,,temp_drift,0.408,
2026-08-08T16:27:50.272956+00:00,temperature,14.474,4.0,temp_drift,,
2026-08-08T16:27:52.339241+00:00,temperature,14.15,4.0,temp_drift,,
2026-08-08T16:27:52.339241+00:00,vibration_rms,,,temp_drift,0.437,
2026-08-08T16:27:55.596313+00:00,temperature,14.605,4.0,temp_drift,,
2026-08-08T16:27:57.743536+00:00,temperature,14.085,4.0,temp_drift,,
2026-08-08T16:27:57.743536+00:00,vibration_rms,,,temp_drift,0.345,
2026-08-08T16:28:00.733604+00:00,temperature,14.933,4.0,temp_drift,,
2026-08-08T16:28:02.279876+00:00,temperature,14.487,4.0,temp_drift,,
2026-08-08T16:28:02.279876+00:00,vibration_rms,,,temp_drift,0.511,
2026-08-08T16:28:02.279876+00:00,door_event,,,temp_drift,,CLOSE
2026-08-08T16:28:04.298429+00:00,temperature,14.816,4.0,temp_drift,,
2026-08-08T16:28:05.921571+00:00,temperature,15.204,4.0,temp_drift,,
2026-08-08T16:28:05.921571+00:00,vibration_rms,,,temp_drift,0.547,
2026-08-08T16:28:08.075257+00:00,temperature,14.738,4.0,temp_drift,,
2026-08-08T16:28:09.583308+00:00,temperature,14.748,4.0,temp_drift,,
2026-08-08T16:28:09.583308+00:00,vibration_rms,,,temp_drift,0.446,
2026-08-08T16:28:11.634587+00:00,temperature,15.043,4.0,temp_drift,,
2026-08-08T16:28:13.149131+00:00,temperature,15.173,4.0,temp_drift,,
2026-08-08T16:28:13.149131+00:00,vibration_rms,,,temp_drift,0.397,
2026-08-08T16:28:15.554621+00:00,temperature,15.337,4.0,temp_drift,,
2026-08-08T16:28:16.988657+00:00,temperature,15.467,4.0,temp_drift,,
2026-08-08T16:28:16.988657+00:00,vibration_rms,,,temp_drift,0.493,
2026-08-08T16:28:18.830528+00:00,temperature,15.14,4.0,temp_drift,,
2026-08-08T16:28:20.269444+00:00,temperature,15.81,4.0,temp_drift,,
2026-08-08T16:28:20.269444+00:00,vibration_rms,,,temp_drift,0.458,
2026-08-08T16:28:23.386029+00:00,temperature,15.733,4.0,temp_drift,,
2026-08-08T16:28:25.523950+00:00,temperature,15.8,4.0,temp_drift,,
2026-08-08T16:28:25.523950+00:00,vibration_rms,,,temp_drift,0.497,
2026-08-08T16:28:27.762998+00:00,temperature,15.585,4.0,temp_drift,,
2026-08-08T16:28:29.220891+00:00,temperature,15.588,4.0,temp_drift,,
2026-08-08T16:28:29.220891+00:00,vibration_rms,,,temp_drift,0.436,
2026-08-08T16:28:31.016492+00:00,temperature,16.163,4.0,temp_drift,,
2026-08-08T16:28:32.483476+00:00,temperature,16.335,4.0,temp_drift,,
2026-08-08T16:28:32.483476+00:00,vibration_rms,,,temp_drift,0.364,
2026-08-08T16:28:34.652345+00:00,temperature,16.394,4.0,temp_drift,,
2026-08-08T16:28:36.485334+00:00,temperature,16.354,4.0,temp_drift,,
2026-08-08T16:28:36.485334+00:00,vibration_rms,,,temp_drift,0.547,
2026-08-08T16:28:39.591344+00:00,temperature,16.381,4.0,temp_drift,,
2026-08-08T16:28:41.412618+00:00,temperature,16.371,4.0,temp_drift,,
2026-08-08T16:28:41.412618+00:00,vibration_rms,,,temp_drift,0.441,
2026-08-08T16:28:44.112321+00:00,temperature,16.271,4.0,temp_drift,,
2026-08-08T16:28:44.112321+00:00,door_event,,,temp_drift,,OPEN
2026-08-08T16:28:46.061889+00:00,temperature,16.347,4.0,temp_drift,,
2026-08-08T16:28:46.061889+00:00,vibration_rms,,,temp_drift,0.435,
2026-08-08T16:28:52.285873+00:00,temperature,16.242,4.0,temp_drift,,
2026-08-08T16:28:54.917414+00:00,temperature,16.49,4.0,temp_drift,,
2026-08-08T16:28:54.917414+00:00,vibration_rms,,,temp_drift,0.432,
2026-08-08T16:28:58.724223+00:00,temperature,16.583,4.0,temp_drift,,
2026-08-08T16:29:00.708170+00:00,temperature,16.469,4.0,temp_drift,,
2026-08-08T16:29:00.708170+00:00,vibration_rms,,,temp_drift,0.475,
2026-08-08T16:29:03.818977+00:00,temperature,17.442,4.0,temp_drift,,
2026-08-08T16:29:08.735800+00:00,temperature,16.879,4.0,temp_drift,,
2026-08-08T16:29:08.735800+00:00,vibration_rms,,,temp_drift,0.407,
2026-08-08T16:29:12.094217+00:00,temperature,16.696,4.0,temp_drift,,
2026-08-08T16:29:13.655383+00:00,temperature,17.35,4.0,temp_drift,,
2026-08-08T16:29:13.655383+00:00,vibration_rms,,,temp_drift,0.432,
2026-08-08T16:29:15.943552+00:00,temperature,17.031,4.0,temp_drift,,
2026-08-08T16:29:20.011504+00:00,temperature,17.522,4.0,temp_drift,,
2026-08-08T16:29:20.011504+00:00,vibration_rms,,,temp_drift,0.473,
2026-08-08T16:29:26.077782+00:00,temperature,17.341,4.0,temp_drift,,
2026-08-08T16:29:28.002980+00:00,temperature,17.445,4.0,temp_drift,,
2026-08-08T16:29:28.002980+00:00,vibration_rms,,,temp_drift,0.506,
2026-08-08T16:29:30.222676+00:00,temperature,17.683,4.0,temp_drift,,
2026-08-08T16:29:31.705476+00:00,temperature,17.107,4.0,temp_drift,,
2026-08-08T16:29:31.705476+00:00,vibration_rms,,,temp_drift,0.405,
2026-08-08T16:29:31.705476+00:00,door_event,,,temp_drift,,OPEN
2026-08-08T16:29:33.692761+00:00,temperature,18.129,4.0,temp_drift,,
2026-08-08T16:29:35.212049+00:00,temperature,18.162,4.0,temp_drift,,
2026-08-08T16:29:35.212049+00:00,vibration_rms,,,temp_drift,0.457,
2026-08-08T16:29:37.213403+00:00,temperature,17.419,4.0,temp_drift,,
2026-08-08T16:29:37.213403+00:00,door_event,,,temp_drift,,CLOSE
2026-08-08T16:29:38.668914+00:00,temperature,18.127,4.0,temp_drift,,
2026-08-08T16:29:38.668914+00:00,vibration_rms,,,temp_drift,0.48,
2026-08-08T16:29:40.574314+00:00,temperature,18.325,4.0,temp_drift,,
2026-08-08T16:29:42.063433+00:00,temperature,18.069,4.0,temp_drift,,
2026-08-08T16:29:42.063433+00:00,vibration_rms,,,temp_drift,0.439,
2026-08-08T16:29:44.480446+00:00,temperature,18.437,4.0,temp_drift,,
2026-08-08T16:29:46.599403+00:00,temperature,18.528,4.0,temp_drift,,
2026-08-08T16:29:46.599403+00:00,vibration_rms,,,temp_drift,0.354,
2026-08-08T16:29:50.255119+00:00,temperature,17.577,4.0,temp_drift,,
2026-08-08T16:29:54.771741+00:00,temperature,18.486,4.0,temp_drift,,
2026-08-08T16:29:54.771741+00:00,vibration_rms,,,temp_drift,0.479,
2026-08-08T16:29:58.099773+00:00,temperature,18.515,4.0,temp_drift,,
2026-08-08T16:30:00.328471+00:00,temperature,18.587,4.0,temp_drift,,
2026-08-08T16:30:00.328471+00:00,vibration_rms,,,temp_drift,0.423,
2026-08-08T16:30:03.033295+00:00,temperature,18.372,4.0,temp_drift,,
2026-08-08T16:30:05.615229+00:00,temperature,18.44,4.0,temp_drift,,
2026-08-08T16:30:05.615229+00:00,vibration_rms,,,temp_drift,0.417,
2026-08-08T16:30:08.249636+00:00,temperature,18.824,4.0,temp_drift,,
2026-08-08T16:30:08.249636+00:00,door_event,,,temp_drift,,CLOSE
2026-08-08T16:30:09.851348+00:00,temperature,18.932,4.0,temp_drift,,
2026-08-08T16:30:09.851348+00:00,vibration_rms,,,temp_drift,0.432,
2026-08-08T16:30:12.525847+00:00,temperature,18.795,4.0,temp_drift,,
2026-08-08T16:30:14.378703+00:00,temperature,18.799,4.0,temp_drift,,
2026-08-08T16:30:14.378703+00:00,vibration_rms,,,temp_drift,0.425,
2026-08-08T16:30:17.230938+00:00,temperature,19.818,4.0,temp_drift,,
2026-08-08T16:30:18.839793+00:00,temperature,19.415,4.0,temp_drift,,
2026-08-08T16:30:18.839793+00:00,vibration_rms,,,temp_drift,0.378,
2026-08-08T16:30:22.875985+00:00,temperature,19.127,4.0,temp_drift,,
2026-08-08T16:30:24.468538+00:00,temperature,19.138,4.0,temp_drift,,
2026-08-08T16:30:24.468538+00:00,vibration_rms,,,temp_drift,0.39,
2026-08-08T16:30:26.917840+00:00,temperature,19.775,4.0,temp_drift,,
2026-08-08T16:30:28.301110+00:00,temperature,19.834,4.0,temp_drift,,
2026-08-08T16:30:28.301110+00:00,vibration_rms,,,temp_drift,0.438,
2026-08-08T16:30:30.324246+00:00,temperature,19.75,4.0,temp_drift,,
2026-08-08T16:30:31.887014+00:00,temperature,20.229,4.0,temp_drift,,
2026-08-08T16:30:31.887014+00:00,vibration_rms,,,temp_drift,0.463,
2026-08-08T16:30:33.748866+00:00,temperature,19.897,4.0,temp_drift,,
2026-08-08T16:30:35.265787+00:00,temperature,20.173,4.0,temp_drift,,
2026-08-08T16:30:35.265787+00:00,vibration_rms,,,temp_drift,0.508,
2026-08-08T16:30:37.182998+00:00,temperature,19.898,4.0,temp_drift,,
2026-08-08T16:30:38.593047+00:00,temperature,19.944,4.0,temp_drift,,
2026-08-08T16:30:38.593047+00:00,vibration_rms,,,temp_drift,0.439,
2026-08-08T16:30:40.483201+00:00,temperature,20.022,4.0,temp_drift,,
2026-08-08T16:30:42.034746+00:00,temperature,20.649,4.0,temp_drift,,
2026-08-08T16:30:42.034746+00:00,vibration_rms,,,temp_drift,0.434,
2026-08-08T16:30:44.663279+00:00,temperature,20.436,4.0,temp_drift,,
2026-08-08T16:30:46.205086+00:00,temperature,20.272,4.0,temp_drift,,
2026-08-08T16:30:46.205086+00:00,vibration_rms,,,temp_drift,0.383,
2026-08-08T16:30:48.365120+00:00,temperature,19.88,4.0,temp_drift,,
2026-08-08T16:30:49.929207+00:00,temperature,20.77,4.0,temp_drift,,
2026-08-08T16:30:49.929207+00:00,vibration_rms,,,temp_drift,0.464,
2026-08-08T16:30:52.148936+00:00,temperature,20.33,4.0,temp_drift,,
2026-08-08T16:30:53.739318+00:00,temperature,20.846,4.0,temp_drift,,
2026-08-08T16:30:53.739318+00:00,vibration_rms,,,temp_drift,0.455,
2026-08-08T16:30:53.739318+00:00,door_event,,,temp_drift,,CLOSE
2026-08-08T16:30:55.862313+00:00,temperature,20.519,4.0,temp_drift,,
2026-08-08T16:30:57.460077+00:00,temperature,21.219,4.0,temp_drift,,
2026-08-08T16:30:57.460077+00:00,vibration_rms,,,temp_drift,0.483,
2026-08-08T16:30:59.391184+00:00,temperature,20.897,4.0,temp_drift,,
2026-08-08T16:31:00.889424+00:00,temperature,20.35,4.0,temp_drift,,
2026-08-08T16:31:00.889424+00:00,vibration_rms,,,temp_drift,0.42,
2026-08-08T16:31:03.170280+00:00,temperature,20.875,4.0,temp_drift,,
2026-08-08T16:31:05.847814+00:00,temperature,21.164,4.0,temp_drift,,
2026-08-08T16:31:05.847814+00:00,vibration_rms,,,temp_drift,0.397,
2026-08-08T16:31:09.779982+00:00,temperature,21.253,4.0,temp_drift,,
2026-08-08T16:31:11.328721+00:00,temperature,21.23,4.0,temp_drift,,
2026-08-08T16:31:11.328721+00:00,vibration_rms,,,temp_drift,0.403,
2026-08-08T16:31:13.203447+00:00,temperature,21.26,4.0,temp_drift,,
2026-08-08T16:31:14.629279+00:00,temperature,21.517,4.0,temp_drift,,
2026-08-08T16:31:14.629279+00:00,vibration_rms,,,temp_drift,0.426,
2026-08-08T16:31:16.805526+00:00,temperature,21.222,4.0,temp_drift,,
2026-08-08T16:31:18.212366+00:00,temperature,22.414,4.0,temp_drift,,
2026-08-08T16:31:18.212366+00:00,vibration_rms,,,temp_drift,0.379,
2026-08-08T16:31:20.007129+00:00,temperature,21.675,4.0,temp_drift,,
2026-08-08T16:31:21.419528+00:00,temperature,21.909,4.0,temp_drift,,
2026-08-08T16:31:21.419528+00:00,vibration_rms,,,temp_drift,0.403,
2026-08-08T16:31:23.456635+00:00,temperature,21.417,4.0,temp_drift,,
2026-08-08T16:31:25.119659+00:00,temperature,21.443,4.0,temp_drift,,
2026-08-08T16:31:25.119659+00:00,vibration_rms,,,temp_drift,0.473,
2026-08-08T16:31:27.291261+00:00,temperature,22.624,4.0,temp_drift,,
2026-08-08T16:31:28.816569+00:00,temperature,21.89,4.0,temp_drift,,
2026-08-08T16:31:28.816569+00:00,vibration_rms,,,temp_drift,0.492,
2026-08-08T16:31:34.175536+00:00,temperature,22.625,4.0,temp_drift,,
2026-08-08T16:31:36.883874+00:00,temperature,22.653,4.0,temp_drift,,
2026-08-08T16:31:36.883874+00:00,vibration_rms,,,temp_drift,0.441,
2026-08-08T16:31:39.889535+00:00,temperature,22.346,4.0,temp_drift,,
2026-08-08T16:31:41.453380+00:00,temperature,22.681,4.0,temp_drift,,
2026-08-08T16:31:41.453380+00:00,vibration_rms,,,temp_drift,0.449,
2026-08-08T16:31:43.601083+00:00,temperature,23.357,4.0,temp_drift,,
2026-08-08T16:31:45.467051+00:00,temperature,22.742,4.0,temp_drift,,
2026-08-08T16:31:45.467051+00:00,vibration_rms,,,temp_drift,0.422,
2026-08-08T16:31:48.005541+00:00,temperature,23.118,4.0,temp_drift,,
2026-08-08T16:31:49.894870+00:00,temperature,22.853,4.0,temp_drift,,
2026-08-08T16:31:49.894870+00:00,vibration_rms,,,temp_drift,0.397,
2026-08-08T16:31:52.113292+00:00,temperature,22.899,4.0,temp_drift,,
2026-08-08T16:31:53.582193+00:00,temperature,23.051,4.0,temp_drift,,
2026-08-08T16:31:53.582193+00:00,vibration_rms,,,temp_drift,0.386,
2026-08-08T16:31:55.476609+00:00,temperature,22.927,4.0,temp_drift,,
2026-08-08T16:31:56.979981+00:00,temperature,23.518,4.0,temp_drift,,
2026-08-08T16:31:56.979981+00:00,vibration_rms,,,temp_drift,0.425,
2026-08-08T16:31:58.865675+00:00,temperature,22.658,4.0,temp_drift,,
2026-08-08T16:32:00.218065+00:00,temperature,23.382,4.0,temp_drift,,
2026-08-08T16:32:00.218065+00:00,vibration_rms,,,temp_drift,0.414,
2026-08-08T16:32:02.052281+00:00,temperature,23.562,4.0,temp_drift,,
2026-08-08T16:32:03.527102+00:00,temperature,23.32,4.0,temp_drift,,
2026-08-08T16:32:03.527102+00:00,vibration_rms,,,temp_drift,0.391,
2026-08-08T16:32:05.178939+00:00,temperature,23.992,4.0,temp_drift,,
2026-08-08T16:32:06.531841+00:00,temperature,23.607,4.0,temp_drift,,
2026-08-08T16:32:06.531841+00:00,vibration_rms,,,temp_drift,0.392,
2026-08-08T16:32:08.285015+00:00,temperature,23.958,4.0,temp_drift,,
2026-08-08T16:32:09.619920+00:00,temperature,23.469,4.0,temp_drift,,
2026-08-08T16:32:09.619920+00:00,vibration_rms,,,temp_drift,0.48,
2026-08-08T16:32:11.489257+00:00,temperature,23.941,4.0,temp_drift,,
2026-08-08T16:32:12.862655+00:00,temperature,23.499,4.0,temp_drift,,
2026-08-08T16:32:12.862655+00:00,vibration_rms,,,temp_drift,0.364,
2026-08-08T16:32:14.877465+00:00,temperature,24.255,4.0,temp_drift,,
2026-08-08T16:32:16.440873+00:00,temperature,24.441,4.0,temp_drift,,
2026-08-08T16:32:16.440873+00:00,vibration_rms,,,temp_drift,0.496,
2026-08-08T16:32:18.273858+00:00,temperature,24.369,4.0,temp_drift,,
2026-08-08T16:32:19.719032+00:00,temperature,24.004,4.0,temp_drift,,
2026-08-08T16:32:19.719032+00:00,vibration_rms,,,temp_drift,0.487,
2026-08-08T16:32:21.575050+00:00,temperature,24.202,4.0,temp_drift,,
2026-08-08T16:32:23.054135+00:00,temperature,24.175,4.0,temp_drift,,
2026-08-08T16:32:23.054135+00:00,vibration_rms,,,temp_drift,0.425,
2026-08-08T16:32:25.340585+00:00,temperature,24.56,4.0,temp_drift,,
2026-08-08T16:32:26.896773+00:00,temperature,24.559,4.0,temp_drift,,
2026-08-08T16:32:26.896773+00:00,vibration_rms,,,temp_drift,0.425,
2026-08-08T16:32:34.639917+00:00,temperature,24.754,4.0,temp_drift,,
2026-08-08T16:32:36.166297+00:00,temperature,24.802,4.0,temp_drift,,
2026-08-08T16:32:36.166297+00:00,vibration_rms,,,temp_drift,0.45,
2026-08-08T16:32:38.196036+00:00,temperature,25.003,4.0,temp_drift,,
2026-08-08T16:32:39.594113+00:00,temperature,25.118,4.0,temp_drift,,
2026-08-08T16:32:39.594113+00:00,vibration_rms,,,temp_drift,0.439,
2026-08-08T16:32:41.468657+00:00,temperature,25.173,4.0,temp_drift,,
2026-08-08T16:32:42.823006+00:00,temperature,25.3,4.0,temp_drift,,
2026-08-08T16:32:42.823006+00:00,vibration_rms,,,temp_drift,0.372,
2026-08-08T16:32:44.551905+00:00,temperature,25.636,4.0,temp_drift,,
2026-08-08T16:32:45.930745+00:00,temperature,25.304,4.0,temp_drift,,
2026-08-08T16:32:45.930745+00:00,vibration_rms,,,temp_drift,0.377,
2026-08-08T16:32:47.735905+00:00,temperature,25.328,4.0,temp_drift,,
2026-08-08T16:32:49.057368+00:00,temperature,25.246,4.0,temp_drift,,
2026-08-08T16:32:49.057368+00:00,vibration_rms,,,temp_drift,0.413,
2026-08-08T16:32:50.904576+00:00,temperature,25.262,4.0,temp_drift,,
2026-08-08T16:32:52.517021+00:00,temperature,25.214,4.0,temp_drift,,
2026-08-08T16:32:52.517021+00:00,vibration_rms,,,temp_drift,0.489,
2026-08-08T16:32:54.692931+00:00,temperature,25.816,4.0,temp_drift,,
2026-08-08T16:32:56.115200+00:00,temperature,25.867,4.0,temp_drift,,
2026-08-08T16:32:56.115200+00:00,vibration_rms,,,temp_drift,0.419,
2026-08-08T16:32:57.683909+00:00,temperature,26.147,4.0,temp_drift,,
2026-08-08T16:32:59.057436+00:00,temperature,26.05,4.0,temp_drift,,
2026-08-08T16:32:59.057436+00:00,vibration_rms,,,temp_drift,0.5,
2026-08-08T16:33:00.840771+00:00,temperature,26.523,4.0,temp_drift,,
2026-08-08T16:33:02.143145+00:00,temperature,26.276,4.0,temp_drift,,
2026-08-08T16:33:02.143145+00:00,vibration_rms,,,temp_drift,0.481,
2026-08-08T16:33:03.766173+00:00,temperature,26.346,4.0,temp_drift,,
2026-08-08T16:33:05.042459+00:00,temperature,25.978,4.0,temp_drift,,
2026-08-08T16:33:05.042459+00:00,vibration_rms,,,temp_drift,0.406,
2026-08-08T16:33:07.231158+00:00,temperature,26.431,4.0,temp_drift,,
2026-08-08T16:33:08.697543+00:00,temperature,26.126,4.0,temp_drift,,
2026-08-08T16:33:08.697543+00:00,vibration_rms,,,temp_drift,0.486,
2026-08-08T16:33:10.920220+00:00,temperature,26.01,4.0,temp_drift,,
2026-08-08T16:33:12.676547+00:00,temperature,26.871,4.0,temp_drift,,
2026-08-08T16:33:12.676547+00:00,vibration_rms,,,temp_drift,0.457,
2026-08-08T16:33:14.444405+00:00,temperature,26.468,4.0,temp_drift,,
2026-08-08T16:33:15.687811+00:00,temperature,26.768,4.0,temp_drift,,
2026-08-08T16:33:15.687811+00:00,vibration_rms,,,temp_drift,0.45,
2026-08-08T16:33:17.209221+00:00,temperature,26.901,4.0,temp_drift,,
2026-08-08T16:33:18.409060+00:00,temperature,27.238,4.0,temp_drift,,
2026-08-08T16:33:18.409060+00:00,vibration_rms,,,temp_drift,0.429,
2026-08-08T16:33:19.852206+00:00,temperature,27.175,4.0,temp_drift,,
2026-08-08T16:33:21.108846+00:00,temperature,27.196,4.0,temp_drift,,
2026-08-08T16:33:21.108846+00:00,vibration_rms,,,temp_drift,0.348,
2026-08-08T16:33:22.648555+00:00,temperature,26.978,4.0,temp_drift,,
2026-08-08T16:33:23.967645+00:00,temperature,27.244,4.0,temp_drift,,
2026-08-08T16:33:23.967645+00:00,vibration_rms,,,temp_drift,0.415,
2026-08-08T16:33:25.421435+00:00,temperature,26.677,4.0,temp_drift,,
2026-08-08T16:33:26.749865+00:00,temperature,27.691,4.0,temp_drift,,
2026-08-08T16:33:26.749865+00:00,vibration_rms,,,temp_drift,0.522,
2026-08-08T16:33:26.749865+00:00,door_event,,,temp_drift,,CLOSE
2026-08-08T16:33:28.238278+00:00,temperature,27.287,4.0,temp_drift,,
2026-08-08T16:33:29.497088+00:00,temperature,27.469,4.0,temp_drift,,
2026-08-08T16:33:29.497088+00:00,vibration_rms,,,temp_drift,0.508,
2026-08-08T16:33:29.497088+00:00,door_event,,,temp_drift,,OPEN
2026-08-08T16:33:30.966711+00:00,temperature,27.164,4.0,temp_drift,,
2026-08-08T16:33:32.370322+00:00,temperature,27.651,4.0,temp_drift,,
2026-08-08T16:33:32.370322+00:00,vibration_rms,,,temp_drift,0.477,
2026-08-08T16:33:33.955555+00:00,temperature,27.781,4.0,temp_drift,,
2026-08-08T16:33:35.263059+00:00,temperature,27.795,4.0,temp_drift,,
2026-08-08T16:33:35.263059+00:00,vibration_rms,,,temp_drift,0.396,
2026-08-08T16:33:36.781700+00:00,temperature,27.847,4.0,temp_drift,,
2026-08-08T16:33:37.993156+00:00,temperature,28.071,4.0,temp_drift,,
2026-08-08T16:33:37.993156+00:00,vibration_rms,,,temp_drift,0.431,
2026-08-08T16:33:39.477833+00:00,temperature,28.105,4.0,temp_drift,,
2026-08-08T16:33:40.833146+00:00,temperature,27.612,4.0,temp_drift,,
2026-08-08T16:33:40.833146+00:00,vibration_rms,,,temp_drift,0.463,
2026-08-08T16:33:42.361023+00:00,temperature,27.963,4.0,temp_drift,,
2026-08-08T16:33:43.641476+00:00,temperature,27.806,4.0,temp_drift,,
2026-08-08T16:33:43.641476+00:00,vibration_rms,,,temp_drift,0.418,
2026-08-08T16:33:43.641476+00:00,door_event,,,temp_drift,,CLOSE
2026-08-08T16:33:45.139337+00:00,temperature,28.071,4.0,temp_drift,,
2026-08-08T16:33:45.139337+00:00,door_event,,,temp_drift,,CLOSE
2026-08-08T16:33:46.345693+00:00,temperature,28.625,4.0,temp_drift,,
2026-08-08T16:33:46.345693+00:00,vibration_rms,,,temp_drift,0.523,
2026-08-08T16:33:47.901225+00:00,temperature,28.153,4.0,temp_drift,,
2026-08-08T16:33:49.165987+00:00,temperature,28.551,4.0,temp_drift,,
2026-08-08T16:33:49.165987+00:00,vibration_rms,,,temp_drift,0.439,
2026-08-08T16:33:50.791667+00:00,temperature,28.863,4.0,temp_drift,,
2026-08-08T16:33:52.032755+00:00,temperature,29.006,4.0,temp_drift,,
2026-08-08T16:33:52.032755+00:00,vibration_rms,,,temp_drift,0.483,
2026-08-08T16:33:53.533985+00:00,temperature,28.562,4.0,temp_drift,,
2026-08-08T16:33:54.822239+00:00,temperature,27.908,4.0,temp_drift,,
2026-08-08T16:33:54.822239+00:00,vibration_rms,,,temp_drift,0.458,
2026-08-08T16:33:56.460265+00:00,temperature,29.77,4.0,temp_drift,,
2026-08-08T16:33:57.803234+00:00,temperature,29.382,4.0,temp_drift,,
2026-08-08T16:33:57.803234+00:00,vibration_rms,,,temp_drift,0.514,
2026-08-08T16:33:59.621788+00:00,temperature,29.111,4.0,temp_drift,,
2026-08-08T16:34:00.887308+00:00,temperature,29.003,4.0,temp_drift,,
2026-08-08T16:34:00.887308+00:00,vibration_rms,,,temp_drift,0.497,
2026-08-08T16:34:02.678424+00:00,temperature,29.389,4.0,temp_drift,,
2026-08-08T16:34:04.150278+00:00,temperature,29.164,4.0,temp_drift,,
2026-08-08T16:34:04.150278+00:00,vibration_rms,,,temp_drift,0.473,
2026-08-08T16:34:07.137949+00:00,temperature,29.519,4.0,temp_drift,,
2026-08-08T16:34:09.023091+00:00,temperature,29.351,4.0,temp_drift,,
2026-08-08T16:34:09.023091+00:00,vibration_rms,,,temp_drift,0.357,
2026-08-08T16:34:10.778290+00:00,temperature,29.761,4.0,temp_drift,,
2026-08-08T16:34:12.268818+00:00,temperature,29.648,4.0,temp_drift,,
2026-08-08T16:34:12.268818+00:00,vibration_rms,,,temp_drift,0.422,
2026-08-08T16:34:14.682094+00:00,temperature,29.974,4.0,temp_drift,,
2026-08-08T16:34:15.959483+00:00,temperature,29.727,4.0,temp_drift,,
2026-08-08T16:34:15.959483+00:00,vibration_rms,,,temp_drift,0.459,
2026-08-08T16:34:17.765200+00:00,temperature,30.156,4.0,temp_drift,,
2026-08-08T16:34:19.138807+00:00,temperature,30.0,4.0,temp_drift,,
2026-08-08T16:34:19.138807+00:00,vibration_rms,,,temp_drift,0.471,
2026-08-08T16:34:20.739338+00:00,temperature,30.116,4.0,temp_drift,,
2026-08-08T16:34:22.000974+00:00,temperature,29.693,4.0,temp_drift,,
2026-08-08T16:34:22.000974+00:00,vibration_rms,,,temp_drift,0.501,
2026-08-08T16:34:24.068785+00:00,temperature,30.104,4.0,temp_drift,,
2026-08-08T16:34:25.497637+00:00,temperature,30.295,4.0,temp_drift,,
2026-08-08T16:34:25.497637+00:00,vibration_rms,,,temp_drift,0.388,
2026-08-08T16:34:27.035290+00:00,temperature,30.67,4.0,temp_drift,,
2026-08-08T16:34:28.249942+00:00,temperature,30.915,4.0,temp_drift,,
2026-08-08T16:34:28.249942+00:00,vibration_rms,,,temp_drift,0.485,
2026-08-08T16:34:30.584695+00:00,temperature,30.43,4.0,temp_drift,,
2026-08-08T16:34:32.271722+00:00,temperature,30.92,4.0,temp_drift,,
2026-08-08T16:34:32.271722+00:00,vibration_rms,,,temp_drift,0.388,
2026-08-08T16:34:33.726440+00:00,temperature,30.038,4.0,temp_drift,,
2026-08-08T16:34:35.235978+00:00,temperature,31.021,4.0,temp_drift,,
2026-08-08T16:34:35.235978+00:00,vibration_rms,,,temp_drift,0.395,
2026-08-08T16:34:37.488955+00:00,temperature,31.414,4.0,temp_drift,,
2026-08-08T16:34:38.926174+00:00,temperature,31.188,4.0,temp_drift,,
2026-08-08T16:34:38.926174+00:00,vibration_rms,,,temp_drift,0.351,
2026-08-08T16:34:40.363181+00:00,temperature,30.518,4.0,temp_drift,,
2026-08-08T16:34:41.619135+00:00,temperature,31.211,4.0,temp_drift,,
2026-08-08T16:34:41.619135+00:00,vibration_rms,,,temp_drift,0.484,
2026-08-08T16:34:43.085077+00:00,temperature,32.011,4.0,temp_drift,,
2026-08-08T16:34:44.358862+00:00,temperature,30.797,4.0,temp_drift,,
2026-08-08T16:34:44.358862+00:00,vibration_rms,,,temp_drift,0.379,
2026-08-08T16:34:45.874750+00:00,temperature,31.275,4.0,temp_drift,,
2026-08-08T16:34:47.068861+00:00,temperature,31.443,4.0,temp_drift,,
2026-08-08T16:34:47.068861+00:00,vibration_rms,,,temp_drift,0.41,
2026-08-08T16:34:48.503334+00:00,temperature,31.396,4.0,temp_drift,,
2026-08-08T16:34:48.503334+00:00,door_event,,,temp_drift,,CLOSE
2026-08-08T16:34:49.747695+00:00,temperature,31.441,4.0,temp_drift,,
2026-08-08T16:34:49.747695+00:00,vibration_rms,,,temp_drift,0.452,
2026-08-08T16:34:51.259550+00:00,temperature,31.632,4.0,temp_drift,,
2026-08-08T16:34:52.491644+00:00,temperature,31.719,4.0,temp_drift,,
2026-08-08T16:34:52.491644+00:00,vibration_rms,,,temp_drift,0.541,
2026-08-08T16:34:53.970295+00:00,temperature,31.989,4.0,temp_drift,,
2026-08-08T16:34:55.235821+00:00,temperature,32.107,4.0,temp_drift,,
2026-08-08T16:34:55.235821+00:00,vibration_rms,,,temp_drift,0.39,
2026-08-08T16:34:56.759556+00:00,temperature,32.674,4.0,temp_drift,,
2026-08-08T16:34:58.047805+00:00,temperature,31.793,4.0,temp_drift,,
2026-08-08T16:34:58.047805+00:00,vibration_rms,,,temp_drift,0.418,
2026-08-08T16:34:59.540030+00:00,temperature,32.197,4.0,temp_drift,,
2026-08-08T16:35:00.771275+00:00,temperature,32.347,4.0,temp_drift,,
2026-08-08T16:35:00.771275+00:00,vibration_rms,,,temp_drift,0.476,
2026-08-08T16:35:02.242171+00:00,temperature,32.267,4.0,temp_drift,,
2026-08-08T16:35:03.470338+00:00,temperature,32.517,4.0,temp_drift,,
2026-08-08T16:35:03.470338+00:00,vibration_rms,,,temp_drift,0.46,
2026-08-08T16:35:05.225613+00:00,temperature,32.469,4.0,temp_drift,,
2026-08-08T16:35:06.456449+00:00,temperature,32.237,4.0,temp_drift,,
2026-08-08T16:35:06.456449+00:00,vibration_rms,,,temp_drift,0.493,
2026-08-08T16:35:08.014072+00:00,temperature,32.982,4.0,temp_drift,,
2026-08-08T16:35:09.232221+00:00,temperature,32.774,4.0,temp_drift,,
2026-08-08T16:35:09.232221+00:00,vibration_rms,,,temp_drift,0.49,
2026-08-08T16:35:10.851382+00:00,temperature,33.035,4.0,temp_drift,,
2026-08-08T16:35:12.170953+00:00,temperature,32.899,4.0,temp_drift,,
2026-08-08T16:35:12.170953+00:00,vibration_rms,,,temp_drift,0.397,
2026-08-08T16:35:12.170953+00:00,door_event,,,temp_drift,,OPEN
2026-08-08T16:35:13.536760+00:00,temperature,33.468,4.0,temp_drift,,
2026-08-08T16:35:14.981167+00:00,temperature,33.185,4.0,temp_drift,,
2026-08-08T16:35:14.981167+00:00,vibration_rms,,,temp_drift,0.421,
2026-08-08T16:35:16.460099+00:00,temperature,33.459,4.0,temp_drift,,
2026-08-08T16:35:17.696365+00:00,temperature,33.14,4.0,temp_drift,,
2026-08-08T16:35:17.696365+00:00,vibration_rms,,,temp_drift,0.384,
2026-08-08T16:35:19.115061+00:00,temperature,33.63,4.0,temp_drift,,
2026-08-08T16:35:20.274079+00:00,temperature,32.863,4.0,temp_drift,,
2026-08-08T16:35:20.274079+00:00,vibration_rms,,,temp_drift,0.506,
2026-08-08T16:35:21.638137+00:00,temperature,33.936,4.0,temp_drift,,
2026-08-08T16:35:22.876560+00:00,temperature,33.855,4.0,temp_drift,,
2026-08-08T16:35:22.876560+00:00,vibration_rms,,,temp_drift,0.519,
2026-08-08T16:35:24.448596+00:00,temperature,34.292,4.0,temp_drift,,
2026-08-08T16:35:25.617436+00:00,temperature,33.78,4.0,temp_drift,,
2026-08-08T16:35:25.617436+00:00,vibration_rms,,,temp_drift,0.396,
2026-08-08T16:35:27.050381+00:00,temperature,33.927,4.0,temp_drift,,
2026-08-08T16:35:28.287319+00:00,temperature,33.458,4.0,temp_drift,,
2026-08-08T16:35:28.287319+00:00,vibration_rms,,,temp_drift,0.414,
2026-08-08T16:35:29.685659+00:00,temperature,34.107,4.0,temp_drift,,
2026-08-08T16:35:29.685659+00:00,door_event,,,temp_drift,,OPEN
2026-08-08T16:35:30.848737+00:00,temperature,33.658,4.0,temp_drift,,
2026-08-08T16:35:30.848737+00:00,vibration_rms,,,temp_drift,0.403,
2026-08-08T16:35:32.218397+00:00,temperature,33.966,4.0,temp_drift,,
2026-08-08T16:35:33.455490+00:00,temperature,34.391,4.0,temp_drift,,
2026-08-08T16:35:33.455490+00:00,vibration_rms,,,temp_drift,0.5,
2026-08-08T16:35:34.793834+00:00,temperature,33.944,4.0,temp_drift,,
2026-08-08T16:35:35.952048+00:00,temperature,34.197,4.0,temp_drift,,
2026-08-08T16:35:35.952048+00:00,vibration_rms,,,temp_drift,0.464,
2026-08-08T16:35:37.329281+00:00,temperature,34.274,4.0,temp_drift,,
2026-08-08T16:35:37.329281+00:00,door_event,,,temp_drift,,CLOSE
2026-08-08T16:35:38.508340+00:00,temperature,34.366,4.0,temp_drift,,
2026-08-08T16:35:38.508340+00:00,vibration_rms,,,temp_drift,0.349,
2026-08-08T16:35:39.989956+00:00,temperature,34.562,4.0,temp_drift,,
2026-08-08T16:35:41.213117+00:00,temperature,34.289,4.0,temp_drift,,
2026-08-08T16:35:41.213117+00:00,vibration_rms,,,temp_drift,0.316,
2026-08-08T16:35:42.609340+00:00,temperature,34.494,4.0,temp_drift,,
2026-08-08T16:35:43.838394+00:00,temperature,34.784,4.0,temp_drift,,
2026-08-08T16:35:43.838394+00:00,vibration_rms,,,temp_drift,0.465,
2026-08-08T16:35:45.207479+00:00,temperature,34.763,4.0,temp_drift,,
2026-08-08T16:35:46.385357+00:00,temperature,34.995,4.0,temp_drift,,
2026-08-08T16:35:46.385357+00:00,vibration_rms,,,temp_drift,0.478,
2026-08-08T16:35:47.716295+00:00,temperature,34.898,4.0,temp_drift,,
2026-08-08T16:35:47.716295+00:00,door_event,,,temp_drift,,CLOSE
2026-08-08T16:35:48.907377+00:00,temperature,34.952,4.0,temp_drift,,
2026-08-08T16:35:48.907377+00:00,vibration_rms,,,temp_drift,0.432,
2026-08-08T16:35:50.238593+00:00,temperature,35.249,4.0,temp_drift,,
2026-08-08T16:35:51.419053+00:00,temperature,35.512,4.0,temp_drift,,
2026-08-08T16:35:51.419053+00:00,vibration_rms,,,temp_drift,0.511,
2026-08-08T16:35:52.865995+00:00,temperature,35.395,4.0,temp_drift,,
2026-08-08T16:35:54.053701+00:00,temperature,35.837,4.0,temp_drift,,
2026-08-08T16:35:54.053701+00:00,vibration_rms,,,temp_drift,0.513,
2026-08-08T16:35:54.053701+00:00,door_event,,,temp_drift,,CLOSE
2026-08-08T16:35:55.430796+00:00,temperature,35.867,4.0,temp_drift,,
2026-08-08T16:35:56.608011+00:00,temperature,35.275,4.0,temp_drift,,
2026-08-08T16:35:56.608011+00:00,vibration_rms,,,temp_drift,0.43,
2026-08-08T16:35:57.954891+00:00,temperature,35.923,4.0,temp_drift,,
2026-08-08T16:35:59.129824+00:00,temperature,35.485,4.0,temp_drift,,
2026-08-08T16:35:59.129824+00:00,vibration_rms,,,temp_drift,0.393,
2026-08-08T16:36:00.443003+00:00,temperature,36.469,4.0,temp_drift,,
2026-08-08T16:36:01.622283+00:00,temperature,35.625,4.0,temp_drift,,
2026-08-08T16:36:01.622283+00:00,vibration_rms,,,temp_drift,0.481,
2026-08-08T16:36:02.966458+00:00,temperature,36.344,4.0,temp_drift,,
2026-08-08T16:36:04.130097+00:00,temperature,35.957,4.0,temp_drift,,
2026-08-08T16:36:04.130097+00:00,vibration_rms,,,temp_drift,0.431,
2026-08-08T16:36:05.582910+00:00,temperature,35.94,4.0,temp_drift,,
2026-08-08T16:36:05.582910+00:00,door_event,,,temp_drift,,CLOSE
2026-08-08T16:36:06.807121+00:00,temperature,36.435,4.0,temp_drift,,
2026-08-08T16:36:06.807121+00:00,vibration_rms,,,temp_drift,0.494,
2026-08-08T16:36:08.163214+00:00,temperature,36.198,4.0,temp_drift,,
2026-08-08T16:36:09.388982+00:00,temperature,35.99,4.0,temp_drift,,
2026-08-08T16:36:09.388982+00:00,vibration_rms,,,temp_drift,0.51,
2026-08-08T16:36:10.741882+00:00,temperature,36.964,4.0,temp_drift,,
2026-08-08T16:36:12.136173+00:00,temperature,37.215,4.0,temp_drift,,
2026-08-08T16:36:12.136173+00:00,vibration_rms,,,temp_drift,0.423,
2026-08-08T16:36:13.896148+00:00,temperature,36.243,4.0,temp_drift,,
2026-08-08T16:36:15.191096+00:00,temperature,36.574,4.0,temp_drift,,
2026-08-08T16:36:15.191096+00:00,vibration_rms,,,temp_drift,0.364,
2026-08-08T16:36:16.719430+00:00,temperature,36.541,4.0,temp_drift,,
2026-08-08T16:36:18.002471+00:00,temperature,36.707,4.0,temp_drift,,
2026-08-08T16:36:18.002471+00:00,vibration_rms,,,temp_drift,0.306,
2026-08-08T16:36:20.812519+00:00,temperature,36.884,4.0,temp_drift,,
2026-08-08T16:36:22.518193+00:00,temperature,36.753,4.0,temp_drift,,
2026-08-08T16:36:22.518193+00:00,vibration_rms,,,temp_drift,0.418,
2026-08-08T16:36:24.005756+00:00,temperature,37.502,4.0,temp_drift,,
2026-08-08T16:36:25.312763+00:00,temperature,37.505,4.0,temp_drift,,
2026-08-08T16:36:25.312763+00:00,vibration_rms,,,temp_drift,0.377,
2026-08-08T16:36:26.778610+00:00,temperature,37.5,4.0,temp_drift,,
2026-08-08T16:36:28.234720+00:00,temperature,36.732,4.0,temp_drift,,
2026-08-08T16:36:28.234720+00:00,vibration_rms,,,temp_drift,0.476,
2026-08-08T16:36:30.280919+00:00,temperature,36.877,4.0,temp_drift,,
2026-08-08T16:36:31.906544+00:00,temperature,37.753,4.0,temp_drift,,
2026-08-08T16:36:31.906544+00:00,vibration_rms,,,temp_drift,0.413,
2026-08-08T16:36:34.294562+00:00,temperature,37.094,4.0,temp_drift,,
2026-08-08T16:36:35.925805+00:00,temperature,37.745,4.0,temp_drift,,
2026-08-08T16:36:35.925805+00:00,vibration_rms,,,temp_drift,0.446,
2026-08-08T16:36:38.075664+00:00,temperature,37.398,4.0,temp_drift,,
2026-08-08T16:36:38.075664+00:00,door_event,,,temp_drift,,OPEN
2026-08-08T16:36:39.659487+00:00,temperature,38.043,4.0,temp_drift,,
2026-08-08T16:36:39.659487+00:00,vibration_rms,,,temp_drift,0.494,
2026-08-08T16:36:41.585496+00:00,temperature,37.979,4.0,temp_drift,,
2026-08-08T16:36:43.309475+00:00,temperature,37.785,4.0,temp_drift,,
2026-08-08T16:36:43.309475+00:00,vibration_rms,,,temp_drift,0.448,
2026-08-08T16:36:45.604904+00:00,temperature,38.045,4.0,temp_drift,,
2026-08-08T16:36:47.003405+00:00,temperature,38.36,4.0,temp_drift,,
2026-08-08T16:36:47.003405+00:00,vibration_rms,,,temp_drift,0.51,
2026-08-08T16:36:48.432086+00:00,temperature,38.693,4.0,temp_drift,,
2026-08-08T16:36:49.636567+00:00,temperature,39.164,4.0,temp_drift,,
2026-08-08T16:36:49.636567+00:00,vibration_rms,,,temp_drift,0.522,
2026-08-08T16:36:51.035900+00:00,temperature,38.266,4.0,temp_drift,,
2026-08-08T16:36:52.199034+00:00,temperature,38.146,4.0,temp_drift,,
2026-08-08T16:36:52.199034+00:00,vibration_rms,,,temp_drift,0.376,
2026-08-08T16:36:53.601954+00:00,temperature,38.32,4.0,temp_drift,,
2026-08-08T16:36:54.803100+00:00,temperature,38.637,4.0,temp_drift,,
2026-08-08T16:36:54.803100+00:00,vibration_rms,,,temp_drift,0.371,
2026-08-08T16:36:56.212311+00:00,temperature,38.16,4.0,temp_drift,,
2026-08-08T16:36:57.470100+00:00,temperature,38.43,4.0,temp_drift,,
2026-08-08T16:36:57.470100+00:00,vibration_rms,,,temp_drift,0.526,
2026-08-08T16:36:58.801289+00:00,temperature,38.694,4.0,temp_drift,,
2026-08-08T16:37:00.082830+00:00,temperature,39.221,4.0,temp_drift,,
2026-08-08T16:37:00.082830+00:00,vibration_rms,,,temp_drift,0.436,
2026-08-08T16:37:01.688718+00:00,temperature,39.525,4.0,temp_drift,,
2026-08-08T16:37:02.944267+00:00,temperature,39.193,4.0,temp_drift,,
2026-08-08T16:37:02.944267+00:00,vibration_rms,,,temp_drift,0.497,
2026-08-08T16:37:04.399444+00:00,temperature,39.2,4.0,temp_drift,,
2026-08-08T16:37:05.642329+00:00,temperature,39.576,4.0,temp_drift,,
2026-08-08T16:37:05.642329+00:00,vibration_rms,,,temp_drift,0.398,
2026-08-08T16:37:07.178753+00:00,temperature,38.997,4.0,temp_drift,,
2026-08-08T16:37:08.461351+00:00,temperature,39.534,4.0,temp_drift,,
2026-08-08T16:37:08.461351+00:00,vibration_rms,,,temp_drift,0.462,
2026-08-08T16:37:10.002956+00:00,temperature,39.471,4.0,temp_drift,,
2026-08-08T16:37:11.214127+00:00,temperature,39.416,4.0,temp_drift,,
2026-08-08T16:37:11.214127+00:00,vibration_rms,,,temp_drift,0.434,
2026-08-08T16:37:12.558059+00:00,temperature,39.774,4.0,temp_drift,,
2026-08-08T16:37:13.724493+00:00,temperature,39.967,4.0,temp_drift,,
2026-08-08T16:37:13.724493+00:00,vibration_rms,,,temp_drift,0.392,
2026-08-08T16:37:15.166915+00:00,temperature,39.248,4.0,temp_drift,,
2026-08-08T16:37:16.346388+00:00,temperature,40.28,4.0,temp_drift,,
2026-08-08T16:37:16.346388+00:00,vibration_rms,,,temp_drift,0.485,
2026-08-08T16:37:17.711959+00:00,temperature,39.669,4.0,temp_drift,,
2026-08-08T16:37:18.956291+00:00,temperature,40.131,4.0,temp_drift,,
2026-08-08T16:37:18.956291+00:00,vibration_rms,,,temp_drift,0.494,
2026-08-08T16:37:20.335100+00:00,temperature,39.676,4.0,temp_drift,,
2026-08-08T16:37:21.534613+00:00,temperature,40.95,4.0,temp_drift,,
2026-08-08T16:37:21.534613+00:00,vibration_rms,,,temp_drift,0.404,
2026-08-08T16:37:22.935086+00:00,temperature,40.165,4.0,temp_drift,,
2026-08-08T16:37:24.238545+00:00,temperature,40.492,4.0,temp_drift,,
2026-08-08T16:37:24.238545+00:00,vibration_rms,,,temp_drift,0.471,
2026-08-08T16:37:25.612953+00:00,temperature,40.583,4.0,temp_drift,,
2026-08-08T16:37:26.792077+00:00,temperature,40.47,4.0,temp_drift,,
2026-08-08T16:37:26.792077+00:00,vibration_rms,,,temp_drift,0.485,
2026-08-08T16:37:28.157172+00:00,temperature,40.343,4.0,temp_drift,,
2026-08-08T16:37:29.485326+00:00,temperature,41.15,4.0,temp_drift,,
2026-08-08T16:37:29.485326+00:00,vibration_rms,,,temp_drift,0.5,
2026-08-08T16:37:30.835709+00:00,temperature,40.976,4.0,temp_drift,,
2026-08-08T16:37:32.047255+00:00,temperature,40.894,4.0,temp_drift,,
2026-08-08T16:37:32.047255+00:00,vibration_rms,,,temp_drift,0.491,
2026-08-08T16:37:33.401706+00:00,temperature,41.242,4.0,temp_drift,,
2026-08-08T16:37:34.557133+00:00,temperature,41.133,4.0,temp_drift,,
2026-08-08T16:37:34.557133+00:00,vibration_rms,,,temp_drift,0.444,
2026-08-08T16:37:36.048675+00:00,temperature,41.407,4.0,temp_drift,,
2026-08-08T16:37:37.259668+00:00,temperature,40.986,4.0,temp_drift,,
2026-08-08T16:37:37.259668+00:00,vibration_rms,,,temp_drift,0.505,
2026-08-08T16:37:38.634405+00:00,temperature,41.303,4.0,temp_drift,,
2026-08-08T16:37:39.824296+00:00,temperature,41.371,4.0,temp_drift,,
2026-08-08T16:37:39.824296+00:00,vibration_rms,,,temp_drift,0.483,
2026-08-08T16:37:41.260483+00:00,temperature,40.935,4.0,temp_drift,,
2026-08-08T16:37:42.470980+00:00,temperature,41.658,4.0,temp_drift,,
2026-08-08T16:37:42.470980+00:00,vibration_rms,,,temp_drift,0.422,
2026-08-08T16:37:43.771946+00:00,temperature,41.558,4.0,temp_drift,,
2026-08-08T16:37:44.936589+00:00,temperature,41.834,4.0,temp_drift,,
2026-08-08T16:37:44.936589+00:00,vibration_rms,,,temp_drift,0.483,
2026-08-08T16:37:46.479950+00:00,temperature,41.88,4.0,temp_drift,,
2026-08-08T16:37:47.782651+00:00,temperature,42.083,4.0,temp_drift,,
2026-08-08T16:37:47.782651+00:00,vibration_rms,,,temp_drift,0.438,
2026-08-08T16:37:49.264871+00:00,temperature,42.191,4.0,temp_drift,,
2026-08-08T16:37:50.512495+00:00,temperature,42.209,4.0,temp_drift,,
2026-08-08T16:37:50.512495+00:00,vibration_rms,,,temp_drift,0.386,
2026-08-08T16:37:51.874070+00:00,temperature,42.464,4.0,temp_drift,,
2026-08-08T16:37:53.139736+00:00,temperature,42.504,4.0,temp_drift,,
2026-08-08T16:37:53.139736+00:00,vibration_rms,,,temp_drift,0.418,
2026-08-08T16:37:54.494818+00:00,temperature,42.631,4.0,temp_drift,,
2026-08-08T16:37:55.705949+00:00,temperature,41.631,4.0,temp_drift,,
2026-08-08T16:37:55.705949+00:00,vibration_rms,,,temp_drift,0.475,
2026-08-08T16:37:57.264919+00:00,temperature,42.15,4.0,temp_drift,,
2026-08-08T16:37:58.496310+00:00,temperature,42.532,4.0,temp_drift,,
2026-08-08T16:37:58.496310+00:00,vibration_rms,,,temp_drift,0.408,
2026-08-08T16:38:00.636726+00:00,temperature,42.498,4.0,temp_drift,,
2026-08-08T16:38:02.180793+00:00,temperature,42.601,4.0,temp_drift,,
2026-08-08T16:38:02.180793+00:00,vibration_rms,,,temp_drift,0.348,
2026-08-08T16:38:04.544119+00:00,temperature,42.515,4.0,temp_drift,,
2026-08-08T16:38:05.726231+00:00,temperature,42.653,4.0,temp_drift,,
2026-08-08T16:38:05.726231+00:00,vibration_rms,,,temp_drift,0.438,
2026-08-08T16:38:07.070066+00:00,temperature,42.675,4.0,temp_drift,,
2026-08-08T16:38:08.270394+00:00,temperature,43.166,4.0,temp_drift,,
2026-08-08T16:38:08.270394+00:00,vibration_rms,,,temp_drift,0.415,
2026-08-08T16:38:09.651827+00:00,temperature,42.94,4.0,temp_drift,,
2026-08-08T16:38:10.838004+00:00,temperature,43.039,4.0,temp_drift,,
2026-08-08T16:38:10.838004+00:00,vibration_rms,,,temp_drift,0.487,
2026-08-08T16:38:12.194236+00:00,temperature,42.727,4.0,temp_drift,,
2026-08-08T16:38:13.403647+00:00,temperature,43.041,4.0,temp_drift,,
2026-08-08T16:38:13.403647+00:00,vibration_rms,,,temp_drift,0.425,
2026-08-08T16:38:14.715018+00:00,temperature,43.349,4.0,temp_drift,,
2026-08-08T16:38:15.894022+00:00,temperature,43.567,4.0,temp_drift,,
2026-08-08T16:38:15.894022+00:00,vibration_rms,,,temp_drift,0.434,
2026-08-08T16:38:17.470616+00:00,temperature,43.988,4.0,temp_drift,,
2026-08-08T16:38:18.637350+00:00,temperature,43.56,4.0,temp_drift,,
2026-08-08T16:38:18.637350+00:00,vibration_rms,,,temp_drift,0.466,
2026-08-08T16:38:20.008973+00:00,temperature,43.081,4.0,temp_drift,,
2026-08-08T16:38:20.008973+00:00,door_event,,,temp_drift,,OPEN
2026-08-08T16:38:21.182751+00:00,temperature,44.53,4.0,temp_drift,,
2026-08-08T16:38:21.182751+00:00,vibration_rms,,,temp_drift,0.462,
2026-08-08T16:38:22.581560+00:00,temperature,43.724,4.0,temp_drift,,
2026-08-08T16:38:23.780766+00:00,temperature,43.876,4.0,temp_drift,,
2026-08-08T16:38:23.780766+00:00,vibration_rms,,,temp_drift,0.475,
2026-08-08T16:38:25.205910+00:00,temperature,43.904,4.0,temp_drift,,
2026-08-08T16:38:26.393134+00:00,temperature,43.859,4.0,temp_drift,,
2026-08-08T16:38:26.393134+00:00,vibration_rms,,,temp_drift,0.482,
2026-08-08T16:38:27.759908+00:00,temperature,44.399,4.0,temp_drift,,
2026-08-08T16:38:28.936532+00:00,temperature,44.927,4.0,temp_drift,,
2026-08-08T16:38:28.936532+00:00,vibration_rms,,,temp_drift,0.424,
2026-08-08T16:38:30.262597+00:00,temperature,44.201,4.0,temp_drift,,
2026-08-08T16:38:31.521669+00:00,temperature,44.563,4.0,temp_drift,,
2026-08-08T16:38:31.521669+00:00,vibration_rms,,,temp_drift,0.45,
2026-08-08T16:38:32.926527+00:00,temperature,43.985,4.0,temp_drift,,
2026-08-08T16:38:34.137563+00:00,temperature,44.737,4.0,temp_drift,,
2026-08-08T16:38:34.137563+00:00,vibration_rms,,,temp_drift,0.459,
2026-08-08T16:38:35.515542+00:00,temperature,44.837,4.0,temp_drift,,
2026-08-08T16:38:36.762338+00:00,temperature,45.438,4.0,temp_drift,,
2026-08-08T16:38:36.762338+00:00,vibration_rms,,,temp_drift,0.378,
2026-08-08T16:38:38.173372+00:00,temperature,45.29,4.0,temp_drift,,
2026-08-08T16:38:39.460551+00:00,temperature,45.077,4.0,temp_drift,,
2026-08-08T16:38:39.460551+00:00,vibration_rms,,,temp_drift,0.48,
2026-08-08T16:38:40.852231+00:00,temperature,44.965,4.0,temp_drift,,
2026-08-08T16:38:42.037530+00:00,temperature,45.455,4.0,temp_drift,,
2026-08-08T16:38:42.037530+00:00,vibration_rms,,,temp_drift,0.523,
2026-08-08T16:38:43.392777+00:00,temperature,45.038,4.0,temp_drift,,
2026-08-08T16:38:44.549818+00:00,temperature,45.275,4.0,temp_drift,,
2026-08-08T16:38:44.549818+00:00,vibration_rms,,,temp_drift,0.505,
2026-08-08T16:38:46.240785+00:00,temperature,45.137,4.0,temp_drift,,
2026-08-08T16:38:47.486494+00:00,temperature,45.695,4.0,temp_drift,,
2026-08-08T16:38:47.486494+00:00,vibration_rms,,,temp_drift,0.329,
2026-08-08T16:38:48.931938+00:00,temperature,44.931,4.0,temp_drift,,
2026-08-08T16:38:50.149799+00:00,temperature,45.204,4.0,temp_drift,,
2026-08-08T16:38:50.149799+00:00,vibration_rms,,,temp_drift,0.395,
2026-08-08T16:38:51.494472+00:00,temperature,45.703,4.0,temp_drift,,
2026-08-08T16:38:52.662503+00:00,temperature,45.516,4.0,temp_drift,,
2026-08-08T16:38:52.662503+00:00,vibration_rms,,,temp_drift,0.469,
2026-08-08T16:38:54.012280+00:00,temperature,46.273,4.0,temp_drift,,
2026-08-08T16:38:55.238891+00:00,temperature,45.992,4.0,temp_drift,,
2026-08-08T16:38:55.238891+00:00,vibration_rms,,,temp_drift,0.463,
2026-08-08T16:38:56.551411+00:00,temperature,45.861,4.0,temp_drift,,
2026-08-08T16:38:57.733045+00:00,temperature,45.876,4.0,temp_drift,,
2026-08-08T16:38:57.733045+00:00,vibration_rms,,,temp_drift,0.476,
2026-08-08T16:38:59.221724+00:00,temperature,46.075,4.0,temp_drift,,
2026-08-08T16:39:00.395810+00:00,temperature,45.678,4.0,temp_drift,,
2026-08-08T16:39:00.395810+00:00,vibration_rms,,,temp_drift,0.453,
2026-08-08T16:39:01.761359+00:00,temperature,46.805,4.0,temp_drift,,
2026-08-08T16:39:02.951344+00:00,temperature,46.071,4.0,temp_drift,,
2026-08-08T16:39:02.951344+00:00,vibration_rms,,,temp_drift,0.483,
2026-08-08T16:39:04.283503+00:00,temperature,46.346,4.0,temp_drift,,
2026-08-08T16:39:05.450747+00:00,temperature,46.519,4.0,temp_drift,,
2026-08-08T16:39:05.450747+00:00,vibration_rms,,,temp_drift,0.429,
2026-08-08T16:39:06.818295+00:00,temperature,46.02,4.0,temp_drift,,
2026-08-08T16:39:08.032890+00:00,temperature,46.754,4.0,temp_drift,,
2026-08-08T16:39:08.032890+00:00,vibration_rms,,,temp_drift,0.462,
2026-08-08T16:39:09.395261+00:00,temperature,46.777,4.0,temp_drift,,
2026-08-08T16:39:10.550580+00:00,temperature,46.592,4.0,temp_drift,,
2026-08-08T16:39:10.550580+00:00,vibration_rms,,,temp_drift,0.479,
2026-08-08T16:39:11.895693+00:00,temperature,47.181,4.0,temp_drift,,
2026-08-08T16:39:11.895693+00:00,door_event,,,temp_drift,,CLOSE
2026-08-08T16:39:13.074555+00:00,temperature,47.4,4.0,temp_drift,,
2026-08-08T16:39:13.074555+00:00,vibration_rms,,,temp_drift,0.365,
2026-08-08T16:39:14.611970+00:00,temperature,47.51,4.0,temp_drift,,
2026-08-08T16:39:15.853116+00:00,temperature,47.297,4.0,temp_drift,,
2026-08-08T16:39:15.853116+00:00,vibration_rms,,,temp_drift,0.465,
2026-08-08T16:39:17.240197+00:00,temperature,47.123,4.0,temp_drift,,
2026-08-08T16:39:18.453988+00:00,temperature,47.393,4.0,temp_drift,,
2026-08-08T16:39:18.453988+00:00,vibration_rms,,,temp_drift,0.438,
2026-08-08T16:39:19.774071+00:00,temperature,46.998,4.0,temp_drift,,
2026-08-08T16:39:20.940567+00:00,temperature,47.429,4.0,temp_drift,,
2026-08-08T16:39:20.940567+00:00,vibration_rms,,,temp_drift,0.439,
2026-08-08T16:39:22.288140+00:00,temperature,47.552,4.0,temp_drift,,
2026-08-08T16:39:23.440608+00:00,temperature,47.914,4.0,temp_drift,,
2026-08-08T16:39:23.440608+00:00,vibration_rms,,,temp_drift,0.397,
2026-08-08T16:39:24.797453+00:00,temperature,48.124,4.0,temp_drift,,
2026-08-08T16:39:25.985024+00:00,temperature,48.44,4.0,temp_drift,,
2026-08-08T16:39:25.985024+00:00,vibration_rms,,,temp_drift,0.416,
2026-08-08T16:39:27.400607+00:00,temperature,47.834,4.0,temp_drift,,
2026-08-08T16:39:28.584405+00:00,temperature,48.327,4.0,temp_drift,,
2026-08-08T16:39:28.584405+00:00,vibration_rms,,,temp_drift,0.464,
2026-08-08T16:39:29.939591+00:00,temperature,48.064,4.0,temp_drift,,
2026-08-08T16:39:31.118575+00:00,temperature,47.632,4.0,temp_drift,,
2026-08-08T16:39:31.118575+00:00,vibration_rms,,,temp_drift,0.422,
2026-08-08T16:39:32.555403+00:00,temperature,48.422,4.0,temp_drift,,
2026-08-08T16:39:33.846685+00:00,temperature,47.942,4.0,temp_drift,,
2026-08-08T16:39:33.846685+00:00,vibration_rms,,,temp_drift,0.443,
2026-08-08T16:39:35.173658+00:00,temperature,48.688,4.0,temp_drift,,
2026-08-08T16:39:36.380066+00:00,temperature,48.176,4.0,temp_drift,,
2026-08-08T16:39:36.380066+00:00,vibration_rms,,,temp_drift,0.385,
2026-08-08T16:39:37.708668+00:00,temperature,48.559,4.0,temp_drift,,
2026-08-08T16:39:38.908453+00:00,temperature,48.147,4.0,temp_drift,,
2026-08-08T16:39:38.908453+00:00,vibration_rms,,,temp_drift,0.492,
2026-08-08T16:39:40.285917+00:00,temperature,48.451,4.0,temp_drift,,
2026-08-08T16:39:41.452960+00:00,temperature,48.121,4.0,temp_drift,,
2026-08-08T16:39:41.452960+00:00,vibration_rms,,,temp_drift,0.466,
2026-08-08T16:39:42.819923+00:00,temperature,49.201,4.0,temp_drift,,
2026-08-08T16:39:42.819923+00:00,door_event,,,temp_drift,,CLOSE
2026-08-08T16:39:44.064597+00:00,temperature,48.943,4.0,temp_drift,,
2026-08-08T16:39:44.064597+00:00,vibration_rms,,,temp_drift,0.47,
2026-08-08T16:39:45.485266+00:00,temperature,49.275,4.0,temp_drift,,
2026-08-08T16:39:46.921813+00:00,temperature,49.276,4.0,temp_drift,,
2026-08-08T16:39:46.921813+00:00,vibration_rms,,,temp_drift,0.416,
2026-08-08T16:39:48.441654+00:00,temperature,49.442,4.0,temp_drift,,
2026-08-08T16:39:49.618486+00:00,temperature,48.882,4.0,temp_drift,,
2026-08-08T16:39:49.618486+00:00,vibration_rms,,,temp_drift,0.364,
2026-08-08T16:39:50.963799+00:00,temperature,49.13,4.0,temp_drift,,
2026-08-08T16:39:52.119586+00:00,temperature,49.311,4.0,temp_drift,,
2026-08-08T16:39:52.119586+00:00,vibration_rms,,,temp_drift,0.458,
2026-08-08T16:39:53.453478+00:00,temperature,49.126,4.0,temp_drift,,
2026-08-08T16:39:54.630309+00:00,temperature,48.977,4.0,temp_drift,,
2026-08-08T16:39:54.630309+00:00,vibration_rms,,,temp_drift,0.472,
2026-08-08T16:39:55.952724+00:00,temperature,49.171,4.0,temp_drift,,
2026-08-08T16:39:57.140945+00:00,temperature,49.772,4.0,temp_drift,,
2026-08-08T16:39:57.140945+00:00,vibration_rms,,,temp_drift,0.428,
2026-08-08T16:39:58.553496+00:00,temperature,49.741,4.0,temp_drift,,
2026-08-08T16:39:59.732368+00:00,temperature,49.966,4.0,temp_drift,,
2026-08-08T16:39:59.732368+00:00,vibration_rms,,,temp_drift,0.346,
2026-08-08T16:40:01.149862+00:00,temperature,49.841,4.0,temp_drift,,
2026-08-08T16:40:02.380347+00:00,temperature,49.823,4.0,temp_drift,,
2026-08-08T16:40:02.380347+00:00,vibration_rms,,,temp_drift,0.45,
2026-08-08T16:40:03.753384+00:00,temperature,50.237,4.0,temp_drift,,
2026-08-08T16:40:04.977092+00:00,temperature,50.296,4.0,temp_drift,,
2026-08-08T16:40:04.977092+00:00,vibration_rms,,,temp_drift,0.399,
2026-08-08T16:40:06.301538+00:00,temperature,50.333,4.0,temp_drift,,
2026-08-08T16:40:07.486200+00:00,temperature,50.845,4.0,temp_drift,,
2026-08-08T16:40:07.486200+00:00,vibration_rms,,,temp_drift,0.461,
2026-08-08T16:40:08.898317+00:00,temperature,50.372,4.0,temp_drift,,
2026-08-08T16:40:10.087146+00:00,temperature,50.356,4.0,temp_drift,,
2026-08-08T16:40:10.087146+00:00,vibration_rms,,,temp_drift,0.4,
2026-08-08T16:40:11.509134+00:00,temperature,50.714,4.0,temp_drift,,
2026-08-08T16:40:12.709261+00:00,temperature,50.689,4.0,temp_drift,,
2026-08-08T16:40:12.709261+00:00,vibration_rms,,,temp_drift,0.345,
2026-08-08T16:40:14.026350+00:00,temperature,50.738,4.0,temp_drift,,
2026-08-08T16:40:15.277429+00:00,temperature,51.145,4.0,temp_drift,,
2026-08-08T16:40:15.277429+00:00,vibration_rms,,,temp_drift,0.488,
2026-08-08T16:40:16.790019+00:00,temperature,50.674,4.0,temp_drift,,
2026-08-08T16:40:18.024641+00:00,temperature,51.413,4.0,temp_drift,,
2026-08-08T16:40:18.024641+00:00,vibration_rms,,,temp_drift,0.518,
2026-08-08T16:40:19.410309+00:00,temperature,50.806,4.0,temp_drift,,
2026-08-08T16:40:20.625590+00:00,temperature,50.824,4.0,temp_drift,,
2026-08-08T16:40:20.625590+00:00,vibration_rms,,,temp_drift,0.365,
2026-08-08T16:40:22.012147+00:00,temperature,51.418,4.0,temp_drift,,
2026-08-08T16:40:23.187619+00:00,temperature,51.372,4.0,temp_drift,,
2026-08-08T16:40:23.187619+00:00,vibration_rms,,,temp_drift,0.429,
2026-08-08T16:40:24.599111+00:00,temperature,51.112,4.0,temp_drift,,
2026-08-08T16:40:25.786687+00:00,temperature,51.595,4.0,temp_drift,,
2026-08-08T16:40:25.786687+00:00,vibration_rms,,,temp_drift,0.463,
2026-08-08T16:40:27.132356+00:00,temperature,51.417,4.0,temp_drift,,
2026-08-08T16:40:28.320641+00:00,temperature,51.89,4.0,temp_drift,,
2026-08-08T16:40:28.320641+00:00,vibration_rms,,,temp_drift,0.442,
2026-08-08T16:40:29.743340+00:00,temperature,51.975,4.0,temp_drift,,
2026-08-08T16:40:30.971260+00:00,temperature,51.463,4.0,temp_drift,,
2026-08-08T16:40:30.971260+00:00,vibration_rms,,,temp_drift,0.403,
2026-08-08T16:40:30.971260+00:00,door_event,,,temp_drift,,CLOSE
2026-08-08T16:40:32.443427+00:00,temperature,52.397,4.0,temp_drift,,
2026-08-08T16:40:33.634093+00:00,temperature,51.711,4.0,temp_drift,,
2026-08-08T16:40:33.634093+00:00,vibration_rms,,,temp_drift,0.489,
2026-08-08T16:40:34.988526+00:00,temperature,52.377,4.0,temp_drift,,
2026-08-08T16:40:36.154690+00:00,temperature,52.328,4.0,temp_drift,,
2026-08-08T16:40:36.154690+00:00,vibration_rms,,,temp_drift,0.435,
2026-08-08T16:40:37.533513+00:00,temperature,52.146,4.0,temp_drift,,
2026-08-08T16:40:38.699384+00:00,temperature,52.09,4.0,temp_drift,,
2026-08-08T16:40:38.699384+00:00,vibration_rms,,,temp_drift,0.504,
2026-08-08T16:40:40.056169+00:00,temperature,52.111,4.0,temp_drift,,
2026-08-08T16:40:41.209935+00:00,temperature,52.629,4.0,temp_drift,,
2026-08-08T16:40:41.209935+00:00,vibration_rms,,,temp_drift,0.475,
2026-08-08T16:40:42.545118+00:00,temperature,52.483,4.0,temp_drift,,
2026-08-08T16:40:43.732532+00:00,temperature,52.627,4.0,temp_drift,,
2026-08-08T16:40:43.732532+00:00,vibration_rms,,,temp_drift,0.322,
2026-08-08T16:40:45.113176+00:00,temperature,52.873,4.0,temp_drift,,
2026-08-08T16:40:46.299632+00:00,temperature,53.085,4.0,temp_drift,,
2026-08-08T16:40:46.299632+00:00,vibration_rms,,,temp_drift,0.39,
2026-08-08T16:40:47.680476+00:00,temperature,53.107,4.0,temp_drift,,
2026-08-08T16:40:48.922713+00:00,temperature,52.939,4.0,temp_drift,,
2026-08-08T16:40:48.922713+00:00,vibration_rms,,,temp_drift,0.457,
2026-08-08T16:40:50.440496+00:00,temperature,52.99,4.0,temp_drift,,
2026-08-08T16:40:51.601471+00:00,temperature,53.203,4.0,temp_drift,,
2026-08-08T16:40:51.601471+00:00,vibration_rms,,,temp_drift,0.428,
2026-08-08T16:40:52.935284+00:00,temperature,53.064,4.0,temp_drift,,
2026-08-08T16:40:54.122159+00:00,temperature,53.264,4.0,temp_drift,,
2026-08-08T16:40:54.122159+00:00,vibration_rms,,,temp_drift,0.487,
2026-08-08T16:40:55.722616+00:00,temperature,53.244,4.0,temp_drift,,
2026-08-08T16:40:56.912757+00:00,temperature,53.072,4.0,temp_drift,,
2026-08-08T16:40:56.912757+00:00,vibration_rms,,,temp_drift,0.49,
2026-08-08T16:40:58.267023+00:00,temperature,53.334,4.0,temp_drift,,
2026-08-08T16:40:58.267023+00:00,door_event,,,temp_drift,,CLOSE
2026-08-08T16:40:59.434182+00:00,temperature,53.512,4.0,temp_drift,,
2026-08-08T16:40:59.434182+00:00,vibration_rms,,,temp_drift,0.525,
2026-08-08T16:41:00.768323+00:00,temperature,53.073,4.0,temp_drift,,
2026-08-08T16:41:01.944021+00:00,temperature,53.673,4.0,temp_drift,,
2026-08-08T16:41:01.944021+00:00,vibration_rms,,,temp_drift,0.457,
2026-08-08T16:41:03.334184+00:00,temperature,53.487,4.0,temp_drift,,
2026-08-08T16:41:04.514069+00:00,temperature,53.493,4.0,temp_drift,,
2026-08-08T16:41:04.514069+00:00,vibration_rms,,,temp_drift,0.448,
2026-08-08T16:41:05.867593+00:00,temperature,54.208,4.0,temp_drift,,
2026-08-08T16:41:07.047585+00:00,temperature,53.321,4.0,temp_drift,,
2026-08-08T16:41:07.047585+00:00,vibration_rms,,,temp_drift,0.463,
2026-08-08T16:41:08.424791+00:00,temperature,53.858,4.0,temp_drift,,
2026-08-08T16:41:09.728902+00:00,temperature,54.317,4.0,temp_drift,,
2026-08-08T16:41:09.728902+00:00,vibration_rms,,,temp_drift,0.495,
2026-08-08T16:41:11.132652+00:00,temperature,54.763,4.0,temp_drift,,
2026-08-08T16:41:12.322611+00:00,temperature,54.809,4.0,temp_drift,,
2026-08-08T16:41:12.322611+00:00,vibration_rms,,,temp_drift,0.416,
2026-08-08T16:41:12.322611+00:00,door_event,,,temp_drift,,CLOSE
2026-08-08T16:41:13.646111+00:00,temperature,54.095,4.0,temp_drift,,
2026-08-08T16:41:14.844432+00:00,temperature,54.576,4.0,temp_drift,,
2026-08-08T16:41:14.844432+00:00,vibration_rms,,,temp_drift,0.407,
2026-08-08T16:41:16.191247+00:00,temperature,54.247,4.0,temp_drift,,
2026-08-08T16:41:17.435414+00:00,temperature,54.415,4.0,temp_drift,,
2026-08-08T16:41:17.435414+00:00,vibration_rms,,,temp_drift,0.429,
2026-08-08T16:41:19.076374+00:00,temperature,54.791,4.0,temp_drift,,
2026-08-08T16:41:20.234196+00:00,temperature,54.713,4.0,temp_drift,,
2026-08-08T16:41:20.234196+00:00,vibration_rms,,,temp_drift,0.396,
2026-08-08T16:41:21.672259+00:00,temperature,55.013,4.0,temp_drift,,
2026-08-08T16:41:22.857458+00:00,temperature,54.911,4.0,temp_drift,,
2026-08-08T16:41:22.857458+00:00,vibration_rms,,,temp_drift,0.416,
2026-08-08T16:41:24.208319+00:00,temperature,54.89,4.0,temp_drift,,
2026-08-08T16:41:25.437860+00:00,temperature,55.029,4.0,temp_drift,,
2026-08-08T16:41:25.437860+00:00,vibration_rms,,,temp_drift,0.47,
2026-08-08T16:41:26.914264+00:00,temperature,55.475,4.0,temp_drift,,
2026-08-08T16:41:28.104652+00:00,temperature,55.009,4.0,temp_drift,,
2026-08-08T16:41:28.104652+00:00,vibration_rms,,,temp_drift,0.445,
2026-08-08T16:41:29.480363+00:00,temperature,54.679,4.0,temp_drift,,
2026-08-08T16:41:30.623923+00:00,temperature,55.453,4.0,temp_drift,,
2026-08-08T16:41:30.623923+00:00,vibration_rms,,,temp_drift,0.508,
2026-08-08T16:41:32.035133+00:00,temperature,55.886,4.0,temp_drift,,
2026-08-08T16:41:33.213553+00:00,temperature,55.54,4.0,temp_drift,,
2026-08-08T16:41:33.213553+00:00,vibration_rms,,,temp_drift,0.479,
2026-08-08T16:41:34.634190+00:00,temperature,56.058,4.0,temp_drift,,
2026-08-08T16:41:35.849030+00:00,temperature,55.463,4.0,temp_drift,,
2026-08-08T16:41:35.849030+00:00,vibration_rms,,,temp_drift,0.529,
2026-08-08T16:41:37.180039+00:00,temperature,56.244,4.0,temp_drift,,
2026-08-08T16:41:38.518611+00:00,temperature,55.591,4.0,temp_drift,,
2026-08-08T16:41:38.518611+00:00,vibration_rms,,,temp_drift,0.457,
2026-08-08T16:41:39.869550+00:00,temperature,56.043,4.0,temp_drift,,
2026-08-08T16:41:41.036245+00:00,temperature,56.283,4.0,temp_drift,,
2026-08-08T16:41:41.036245+00:00,vibration_rms,,,temp_drift,0.37,
2026-08-08T16:41:42.379497+00:00,temperature,56.309,4.0,temp_drift,,
2026-08-08T16:41:43.581049+00:00,temperature,55.802,4.0,temp_drift,,
2026-08-08T16:41:43.581049+00:00,vibration_rms,,,temp_drift,0.539,
2026-08-08T16:41:44.947357+00:00,temperature,56.177,4.0,temp_drift,,
2026-08-08T16:41:46.124544+00:00,temperature,55.78,4.0,temp_drift,,
2026-08-08T16:41:46.124544+00:00,vibration_rms,,,temp_drift,0.423,
2026-08-08T16:41:47.628689+00:00,temperature,56.215,4.0,temp_drift,,
2026-08-08T16:41:48.825509+00:00,temperature,56.735,4.0,temp_drift,,
2026-08-08T16:41:48.825509+00:00,vibration_rms,,,temp_drift,0.43,
2026-08-08T16:41:50.381792+00:00,temperature,56.955,4.0,temp_drift,,
2026-08-08T16:41:52.083787+00:00,temperature,56.419,4.0,temp_drift,,
2026-08-08T16:41:52.083787+00:00,vibration_rms,,,temp_drift,0.364,
2026-08-08T16:41:53.394966+00:00,temperature,56.549,4.0,temp_drift,,
2026-08-08T16:41:54.609628+00:00,temperature,57.339,4.0,temp_drift,,
2026-08-08T16:41:54.609628+00:00,vibration_rms,,,temp_drift,0.482,
2026-08-08T16:41:55.958534+00:00,temperature,56.617,4.0,temp_drift,,
2026-08-08T16:41:57.132906+00:00,temperature,57.247,4.0,temp_drift,,
2026-08-08T16:41:57.132906+00:00,vibration_rms,,,temp_drift,0.525,
2026-08-08T16:41:58.653657+00:00,temperature,56.904,4.0,temp_drift,,
2026-08-08T16:41:59.903910+00:00,temperature,57.779,4.0,temp_drift,,
2026-08-08T16:41:59.903910+00:00,vibration_rms,,,temp_drift,0.463,
2026-08-08T16:42:01.427537+00:00,temperature,57.538,4.0,temp_drift,,
2026-08-08T16:42:02.581601+00:00,temperature,57.632,4.0,temp_drift,,
2026-08-08T16:42:02.581601+00:00,vibration_rms,,,temp_drift,0.466,
2026-08-08T16:42:03.969416+00:00,temperature,57.383,4.0,temp_drift,,
2026-08-08T16:42:05.149245+00:00,temperature,57.81,4.0,temp_drift,,
2026-08-08T16:42:05.149245+00:00,vibration_rms,,,temp_drift,0.285,
2026-08-08T16:42:06.481476+00:00,temperature,57.694,4.0,temp_drift,,
2026-08-08T16:42:07.672989+00:00,temperature,58.338,4.0,temp_drift,,
2026-08-08T16:42:07.672989+00:00,vibration_rms,,,temp_drift,0.433,
2026-08-08T16:42:09.093316+00:00,temperature,58.029,4.0,temp_drift,,
2026-08-08T16:42:10.270324+00:00,temperature,57.77,4.0,temp_drift,,
2026-08-08T16:42:10.270324+00:00,vibration_rms,,,temp_drift,0.477,
2026-08-08T16:42:11.681593+00:00,temperature,57.917,4.0,temp_drift,,
2026-08-08T16:42:12.882211+00:00,temperature,57.692,4.0,temp_drift,,
2026-08-08T16:42:12.882211+00:00,vibration_rms,,,temp_drift,0.423,
2026-08-08T16:42:14.393781+00:00,temperature,58.261,4.0,temp_drift,,
2026-08-08T16:42:15.642330+00:00,temperature,57.806,4.0,temp_drift,,
2026-08-08T16:42:15.642330+00:00,vibration_rms,,,temp_drift,0.478,
2026-08-08T16:42:17.007182+00:00,temperature,58.536,4.0,temp_drift,,
2026-08-08T16:42:18.241026+00:00,temperature,58.047,4.0,temp_drift,,
2026-08-08T16:42:18.241026+00:00,vibration_rms,,,temp_drift,0.511,
2026-08-08T16:42:19.776716+00:00,temperature,58.391,4.0,temp_drift,,
2026-08-08T16:42:20.992600+00:00,temperature,58.705,4.0,temp_drift,,
2026-08-08T16:42:20.992600+00:00,vibration_rms,,,temp_drift,0.465,
2026-08-08T16:42:22.533635+00:00,temperature,58.317,4.0,temp_drift,,
2026-08-08T16:42:23.714503+00:00,temperature,59.04,4.0,temp_drift,,
2026-08-08T16:42:23.714503+00:00,vibration_rms,,,temp_drift,0.384,
2026-08-08T16:42:25.084328+00:00,temperature,58.616,4.0,temp_drift,,
2026-08-08T16:42:26.306688+00:00,temperature,59.217,4.0,temp_drift,,
2026-08-08T16:42:26.306688+00:00,vibration_rms,,,temp_drift,0.504,
2026-08-08T16:42:27.693597+00:00,temperature,58.868,4.0,temp_drift,,
2026-08-08T16:42:28.861530+00:00,temperature,58.899,4.0,temp_drift,,
2026-08-08T16:42:28.861530+00:00,vibration_rms,,,temp_drift,0.482,
2026-08-08T16:42:30.227795+00:00,temperature,58.607,4.0,temp_drift,,
2026-08-08T16:42:31.461597+00:00,temperature,59.121,4.0,temp_drift,,
2026-08-08T16:42:31.461597+00:00,vibration_rms,,,temp_drift,0.467,
2026-08-08T16:42:31.461597+00:00,door_event,,,temp_drift,,CLOSE
2026-08-08T16:42:32.859934+00:00,temperature,59.059,4.0,temp_drift,,
2026-08-08T16:42:34.038797+00:00,temperature,59.353,4.0,temp_drift,,
2026-08-08T16:42:34.038797+00:00,vibration_rms,,,temp_drift,0.454,
2026-08-08T16:42:35.386029+00:00,temperature,59.257,4.0,temp_drift,,
2026-08-08T16:42:36.549588+00:00,temperature,59.1,4.0,temp_drift,,
2026-08-08T16:42:36.549588+00:00,vibration_rms,,,temp_drift,0.475,
2026-08-08T16:42:37.905372+00:00,temperature,59.523,4.0,temp_drift,,
2026-08-08T16:42:39.075478+00:00,temperature,59.152,4.0,temp_drift,,
2026-08-08T16:42:39.075478+00:00,vibration_rms,,,temp_drift,0.463,
2026-08-08T16:42:39.075478+00:00,door_event,,,temp_drift,,OPEN
2026-08-08T16:42:41.098495+00:00,temperature,59.719,4.0,temp_drift,,
2026-08-08T16:42:42.345220+00:00,temperature,59.651,4.0,temp_drift,,
2026-08-08T16:42:42.345220+00:00,vibration_rms,,,temp_drift,0.398,
2026-08-08T16:42:43.716013+00:00,temperature,59.875,4.0,temp_drift,,
2026-08-08T16:42:44.940649+00:00,temperature,59.893,4.0,temp_drift,,
2026-08-08T16:42:44.940649+00:00,vibration_rms,,,temp_drift,0.471,
2026-08-08T16:42:46.272737+00:00,temperature,59.664,4.0,temp_drift,,
2026-08-08T16:42:47.452358+00:00,temperature,59.931,4.0,temp_drift,,
2026-08-08T16:42:47.452358+00:00,vibration_rms,,,temp_drift,0.476,
2026-08-08T16:42:48.772062+00:00,temperature,60.055,4.0,temp_drift,,
2026-08-08T16:42:50.022014+00:00,temperature,60.323,4.0,temp_drift,,
2026-08-08T16:42:50.022014+00:00,vibration_rms,,,temp_drift,0.446,
2026-08-08T16:42:51.338885+00:00,temperature,59.973,4.0,temp_drift,,
2026-08-08T16:42:52.508577+00:00,temperature,61.055,4.0,temp_drift,,
2026-08-08T16:42:52.508577+00:00,vibration_rms,,,temp_drift,0.533,
2026-08-08T16:42:53.872526+00:00,temperature,60.479,4.0,temp_drift,,
2026-08-08T16:42:55.048890+00:00,temperature,60.484,4.0,temp_drift,,
2026-08-08T16:42:55.048890+00:00,vibration_rms,,,temp_drift,0.454,
2026-08-08T16:42:56.519003+00:00,temperature,60.979,4.0,temp_drift,,
2026-08-08T16:42:57.752125+00:00,temperature,60.452,4.0,temp_drift,,
2026-08-08T16:42:57.752125+00:00,vibration_rms,,,temp_drift,0.479,
2026-08-08T16:42:57.752125+00:00,door_event,,,temp_drift,,OPEN
2026-08-08T16:42:59.252665+00:00,temperature,60.659,4.0,temp_drift,,
2026-08-08T16:43:00.510467+00:00,temperature,60.849,4.0,temp_drift,,
2026-08-08T16:43:00.510467+00:00,vibration_rms,,,temp_drift,0.465,
2026-08-08T16:43:02.009677+00:00,temperature,60.793,4.0,temp_drift,,
2026-08-08T16:43:03.245564+00:00,temperature,61.385,4.0,temp_drift,,
2026-08-08T16:43:03.245564+00:00,vibration_rms,,,temp_drift,0.431,
2026-08-08T16:43:04.583834+00:00,temperature,60.692,4.0,temp_drift,,
2026-08-08T16:43:05.795111+00:00,temperature,61.185,4.0,temp_drift,,
2026-08-08T16:43:05.795111+00:00,vibration_rms,,,temp_drift,0.459,
2026-08-08T16:43:07.175748+00:00,temperature,61.092,4.0,temp_drift,,
2026-08-08T16:43:08.380952+00:00,temperature,61.243,4.0,temp_drift,,
2026-08-08T16:43:08.380952+00:00,vibration_rms,,,temp_drift,0.447,
2026-08-08T16:43:09.774194+00:00,temperature,61.451,4.0,temp_drift,,
2026-08-08T16:43:10.990899+00:00,temperature,61.41,4.0,temp_drift,,
2026-08-08T16:43:10.990899+00:00,vibration_rms,,,temp_drift,0.288,
2026-08-08T16:43:12.455208+00:00,temperature,62.248,4.0,temp_drift,,
2026-08-08T16:43:13.627699+00:00,temperature,61.929,4.0,temp_drift,,
2026-08-08T16:43:13.627699+00:00,vibration_rms,,,temp_drift,0.447,
2026-08-08T16:43:14.990281+00:00,temperature,62.004,4.0,temp_drift,,
2026-08-08T16:43:16.164398+00:00,temperature,62.072,4.0,temp_drift,,
2026-08-08T16:43:16.164398+00:00,vibration_rms,,,temp_drift,0.475,
2026-08-08T16:43:17.534601+00:00,temperature,62.066,4.0,temp_drift,,
2026-08-08T16:43:18.942115+00:00,temperature,61.168,4.0,temp_drift,,
2026-08-08T16:43:18.942115+00:00,vibration_rms,,,temp_drift,0.447,
2026-08-08T16:43:20.273913+00:00,temperature,61.959,4.0,temp_drift,,
2026-08-08T16:43:21.853840+00:00,temperature,62.529,4.0,temp_drift,,
2026-08-08T16:43:21.853840+00:00,vibration_rms,,,temp_drift,0.429,
2026-08-08T16:43:24.221136+00:00,temperature,61.677,4.0,temp_drift,,
2026-08-08T16:43:25.589717+00:00,temperature,62.392,4.0,temp_drift,,
2026-08-08T16:43:25.589717+00:00,vibration_rms,,,temp_drift,0.41,
2026-08-08T16:43:27.600521+00:00,temperature,62.504,4.0,temp_drift,,
2026-08-08T16:43:28.775377+00:00,temperature,62.281,4.0,temp_drift,,
2026-08-08T16:43:28.775377+00:00,vibration_rms,,,temp_drift,0.496,
2026-08-08T16:43:30.107517+00:00,temperature,62.381,4.0,temp_drift,,
2026-08-08T16:43:31.401023+00:00,temperature,62.541,4.0,temp_drift,,
2026-08-08T16:43:31.401023+00:00,vibration_rms,,,temp_drift,0.414,
2026-08-08T16:43:32.729717+00:00,temperature,63.261,4.0,temp_drift,,
2026-08-08T16:43:33.985730+00:00,temperature,62.804,4.0,temp_drift,,
2026-08-08T16:43:33.985730+00:00,vibration_rms,,,temp_drift,0.405,
2026-08-08T16:43:35.340130+00:00,temperature,62.61,4.0,temp_drift,,
2026-08-08T16:43:36.519563+00:00,temperature,63.337,4.0,temp_drift,,
2026-08-08T16:43:36.519563+00:00,vibration_rms,,,temp_drift,0.404,
2026-08-08T16:43:37.874344+00:00,temperature,63.019,4.0,temp_drift,,
2026-08-08T16:43:39.088420+00:00,temperature,62.748,4.0,temp_drift,,
2026-08-08T16:43:39.088420+00:00,vibration_rms,,,temp_drift,0.531,
2026-08-08T16:43:40.419646+00:00,temperature,62.972,4.0,temp_drift,,
2026-08-08T16:43:41.664340+00:00,temperature,63.433,4.0,temp_drift,,
2026-08-08T16:43:41.664340+00:00,vibration_rms,,,temp_drift,0.422,
2026-08-08T16:43:43.241885+00:00,temperature,63.372,4.0,temp_drift,,
2026-08-08T16:43:44.454431+00:00,temperature,63.453,4.0,temp_drift,,
2026-08-08T16:43:44.454431+00:00,vibration_rms,,,temp_drift,0.442,
2026-08-08T16:43:45.819066+00:00,temperature,63.036,4.0,temp_drift,,
2026-08-08T16:43:47.044296+00:00,temperature,64.049,4.0,temp_drift,,
2026-08-08T16:43:47.044296+00:00,vibration_rms,,,temp_drift,0.454,
2026-08-08T16:43:48.330983+00:00,temperature,63.934,4.0,temp_drift,,
2026-08-08T16:43:49.521718+00:00,temperature,63.531,4.0,temp_drift,,
2026-08-08T16:43:49.521718+00:00,vibration_rms,,,temp_drift,0.536,
2026-08-08T16:43:50.925360+00:00,temperature,64.451,4.0,temp_drift,,
2026-08-08T16:43:52.141705+00:00,temperature,63.67,4.0,temp_drift,,
2026-08-08T16:43:52.141705+00:00,vibration_rms,,,temp_drift,0.47,
2026-08-08T16:43:52.141705+00:00,door_event,,,temp_drift,,CLOSE
2026-08-08T16:43:53.477794+00:00,temperature,63.899,4.0,temp_drift,,
2026-08-08T16:43:54.700047+00:00,temperature,64.225,4.0,temp_drift,,
2026-08-08T16:43:54.700047+00:00,vibration_rms,,,temp_drift,0.458,
2026-08-08T16:43:56.075967+00:00,temperature,64.206,4.0,temp_drift,,
2026-08-08T16:43:57.311842+00:00,temperature,64.482,4.0,temp_drift,,
2026-08-08T16:43:57.311842+00:00,vibration_rms,,,temp_drift,0.448,
2026-08-08T16:43:59.037137+00:00,temperature,64.483,4.0,temp_drift,,
2026-08-08T16:44:00.390086+00:00,temperature,64.369,4.0,temp_drift,,
2026-08-08T16:44:00.390086+00:00,vibration_rms,,,temp_drift,0.41,
2026-08-08T16:44:02.313969+00:00,temperature,64.607,4.0,temp_drift,,
2026-08-08T16:44:03.770587+00:00,temperature,64.805,4.0,temp_drift,,
2026-08-08T16:44:03.770587+00:00,vibration_rms,,,temp_drift,0.453,
2026-08-08T16:44:05.745136+00:00,temperature,64.491,4.0,temp_drift,,
2026-08-08T16:44:07.071640+00:00,temperature,65.096,4.0,temp_drift,,
2026-08-08T16:44:07.071640+00:00,vibration_rms,,,temp_drift,0.498,
2026-08-08T16:44:08.639248+00:00,temperature,64.934,4.0,temp_drift,,
2026-08-08T16:44:10.012128+00:00,temperature,64.844,4.0,temp_drift,,
2026-08-08T16:44:10.012128+00:00,vibration_rms,,,temp_drift,0.465,
2026-08-08T16:44:11.771888+00:00,temperature,65.144,4.0,temp_drift,,
2026-08-08T16:44:13.134300+00:00,temperature,64.547,4.0,temp_drift,,
2026-08-08T16:44:13.134300+00:00,vibration_rms,,,temp_drift,0.475,
2026-08-08T16:44:15.035532+00:00,temperature,65.936,4.0,temp_drift,,
2026-08-08T16:44:16.470661+00:00,temperature,65.3,4.0,temp_drift,,
2026-08-08T16:44:16.470661+00:00,vibration_rms,,,temp_drift,0.385,
2026-08-08T16:44:18.347934+00:00,temperature,64.963,4.0,temp_drift,,
2026-08-08T16:44:19.795410+00:00,temperature,65.317,4.0,temp_drift,,
2026-08-08T16:44:19.795410+00:00,vibration_rms,,,temp_drift,0.432,
2026-08-08T16:44:19.795410+00:00,door_event,,,temp_drift,,OPEN
2026-08-08T16:44:21.641122+00:00,temperature,65.183,4.0,temp_drift,,
2026-08-08T16:44:23.056753+00:00,temperature,64.836,4.0,temp_drift,,
2026-08-08T16:44:23.056753+00:00,vibration_rms,,,temp_drift,0.417,
2026-08-08T16:44:24.982507+00:00,temperature,65.928,4.0,temp_drift,,
2026-08-08T16:44:26.529243+00:00,temperature,65.964,4.0,temp_drift,,
2026-08-08T16:44:26.529243+00:00,vibration_rms,,,temp_drift,0.451,
2026-08-08T16:44:28.592853+00:00,temperature,65.57,4.0,temp_drift,,
2026-08-08T16:44:30.038008+00:00,temperature,65.946,4.0,temp_drift,,
2026-08-08T16:44:30.038008+00:00,vibration_rms,,,temp_drift,0.505,
2026-08-08T16:44:32.024473+00:00,temperature,66.07,4.0,temp_drift,,
2026-08-08T16:44:33.452068+00:00,temperature,66.076,4.0,temp_drift,,
2026-08-08T16:44:33.452068+00:00,vibration_rms,,,temp_drift,0.488,
2026-08-08T16:44:35.190261+00:00,temperature,66.015,4.0,temp_drift,,
2026-08-08T16:44:36.735182+00:00,temperature,66.032,4.0,temp_drift,,
2026-08-08T16:44:36.735182+00:00,vibration_rms,,,temp_drift,0.472,
2026-08-08T16:44:38.628316+00:00,temperature,66.603,4.0,temp_drift,,
2026-08-08T16:44:39.978133+00:00,temperature,66.344,4.0,temp_drift,,
2026-08-08T16:44:39.978133+00:00,vibration_rms,,,temp_drift,0.522,
2026-08-08T16:44:39.978133+00:00,door_event,,,temp_drift,,CLOSE
2026-08-08T16:44:41.637495+00:00,temperature,66.114,4.0,temp_drift,,
2026-08-08T16:44:43.014780+00:00,temperature,66.64,4.0,temp_drift,,
2026-08-08T16:44:43.014780+00:00,vibration_rms,,,temp_drift,0.446,
2026-08-08T16:44:44.601597+00:00,temperature,66.8,4.0,temp_drift,,
2026-08-08T16:44:45.880194+00:00,temperature,66.7,4.0,temp_drift,,
2026-08-08T16:44:45.880194+00:00,vibration_rms,,,temp_drift,0.471,
2026-08-08T16:44:47.538431+00:00,temperature,66.916,4.0,temp_drift,,
2026-08-08T16:44:48.762234+00:00,temperature,66.413,4.0,temp_drift,,
2026-08-08T16:44:48.762234+00:00,vibration_rms,,,temp_drift,0.456,
2026-08-08T16:44:50.249843+00:00,temperature,67.283,4.0,temp_drift,,
2026-08-08T16:44:51.491471+00:00,temperature,67.845,4.0,temp_drift,,
2026-08-08T16:44:51.491471+00:00,vibration_rms,,,temp_drift,0.413,
2026-08-08T16:44:52.995811+00:00,temperature,67.278,4.0,temp_drift,,
2026-08-08T16:44:52.995811+00:00,door_event,,,temp_drift,,CLOSE
2026-08-08T16:44:54.308341+00:00,temperature,66.57,4.0,temp_drift,,
2026-08-08T16:44:54.308341+00:00,vibration_rms,,,temp_drift,0.414,
2026-08-08T16:44:56.071944+00:00,temperature,67.175,4.0,temp_drift,,
2026-08-08T16:44:57.304200+00:00,temperature,67.467,4.0,temp_drift,,
2026-08-08T16:44:57.304200+00:00,vibration_rms,,,temp_drift,0.427,
2026-08-08T16:44:58.739950+00:00,temperature,67.685,4.0,temp_drift,,
2026-08-08T16:44:58.739950+00:00,door_event,,,temp_drift,,OPEN
2026-08-08T16:45:00.065454+00:00,temperature,68.036,4.0,temp_drift,,
2026-08-08T16:45:00.065454+00:00,vibration_rms,,,temp_drift,0.448,
2026-08-08T16:45:00.065454+00:00,door_event,,,temp_drift,,CLOSE
2026-08-08T16:45:02.426533+00:00,temperature,67.307,4.0,temp_drift,,
2026-08-08T16:45:03.847788+00:00,temperature,67.577,4.0,temp_drift,,
2026-08-08T16:45:03.847788+00:00,vibration_rms,,,temp_drift,0.422,
2026-08-08T16:45:05.894248+00:00,temperature,67.877,4.0,temp_drift,,
2026-08-08T16:45:07.325701+00:00,temperature,67.774,4.0,temp_drift,,
2026-08-08T16:45:07.325701+00:00,vibration_rms,,,temp_drift,0.436,
2026-08-08T16:45:09.690086+00:00,temperature,67.48,4.0,temp_drift,,
2026-08-08T16:45:11.161995+00:00,temperature,67.885,4.0,temp_drift,,
2026-08-08T16:45:11.161995+00:00,vibration_rms,,,temp_drift,0.444,
2026-08-08T16:45:12.770594+00:00,temperature,68.167,4.0,temp_drift,,
2026-08-08T16:45:14.058874+00:00,temperature,68.339,4.0,temp_drift,,
2026-08-08T16:45:14.058874+00:00,vibration_rms,,,temp_drift,0.539,
2026-08-08T16:45:15.603388+00:00,temperature,68.053,4.0,temp_drift,,
2026-08-08T16:45:15.603388+00:00,door_event,,,temp_drift,,OPEN
2026-08-08T16:45:18.031356+00:00,temperature,68.204,4.0,temp_drift,,
2026-08-08T16:45:18.031356+00:00,vibration_rms,,,temp_drift,0.35,
2026-08-08T16:45:20.020067+00:00,temperature,68.64,4.0,temp_drift,,
2026-08-08T16:45:21.389638+00:00,temperature,68.427,4.0,temp_drift,,
2026-08-08T16:45:21.389638+00:00,vibration_rms,,,temp_drift,0.467,
2026-08-08T16:45:23.341461+00:00,temperature,68.868,4.0,temp_drift,,
2026-08-08T16:45:25.342742+00:00,temperature,68.934,4.0,temp_drift,,
2026-08-08T16:45:25.342742+00:00,vibration_rms,,,temp_drift,0.509,
2026-08-08T16:45:27.363347+00:00,temperature,68.607,4.0,temp_drift,,
2026-08-08T16:45:28.782468+00:00,temperature,68.783,4.0,temp_drift,,
2026-08-08T16:45:28.782468+00:00,vibration_rms,,,temp_drift,0.384,
2026-08-08T16:45:30.448340+00:00,temperature,68.794,4.0,temp_drift,,
2026-08-08T16:45:31.808982+00:00,temperature,68.474,4.0,temp_drift,,
2026-08-08T16:45:31.808982+00:00,vibration_rms,,,temp_drift,0.409,
2026-08-08T16:45:33.520531+00:00,temperature,69.036,4.0,temp_drift,,
2026-08-08T16:45:34.875247+00:00,temperature,69.217,4.0,temp_drift,,
2026-08-08T16:45:34.875247+00:00,vibration_rms,,,temp_drift,0.478,
2026-08-08T16:45:36.876024+00:00,temperature,69.319,4.0,temp_drift,,
2026-08-08T16:45:38.976362+00:00,temperature,69.146,4.0,temp_drift,,
2026-08-08T16:45:38.976362+00:00,vibration_rms,,,temp_drift,0.51,
2026-08-08T16:45:42.506518+00:00,temperature,69.421,4.0,temp_drift,,
2026-08-08T16:45:44.804301+00:00,temperature,69.29,4.0,temp_drift,,
2026-08-08T16:45:44.804301+00:00,vibration_rms,,,temp_drift,0.54,
2026-08-08T16:45:47.860231+00:00,temperature,69.862,4.0,temp_drift,,
2026-08-08T16:45:50.622788+00:00,temperature,69.538,4.0,temp_drift,,
2026-08-08T16:45:50.622788+00:00,vibration_rms,,,temp_drift,0.462,
2026-08-08T16:45:52.950868+00:00,temperature,69.499,4.0,temp_drift,,
2026-08-08T16:45:54.453187+00:00,temperature,69.553,4.0,temp_drift,,
2026-08-08T16:45:54.453187+00:00,vibration_rms,,,temp_drift,0.469,
2026-08-08T16:45:56.371670+00:00,temperature,69.769,4.0,temp_drift,,
2026-08-08T16:45:57.716935+00:00,temperature,69.609,4.0,temp_drift,,
2026-08-08T16:45:57.716935+00:00,vibration_rms,,,temp_drift,0.555,
2026-08-08T16:45:59.719528+00:00,temperature,69.313,4.0,temp_drift,,
2026-08-08T16:46:01.005207+00:00,temperature,69.855,4.0,temp_drift,,
2026-08-08T16:46:01.005207+00:00,vibration_rms,,,temp_drift,0.527,
2026-08-08T16:46:02.690974+00:00,temperature,69.533,4.0,temp_drift,,
2026-08-08T16:46:04.106405+00:00,temperature,69.771,4.0,temp_drift,,
2026-08-08T16:46:04.106405+00:00,vibration_rms,,,temp_drift,0.456,
2026-08-08T16:46:05.886958+00:00,temperature,70.541,4.0,temp_drift,,
2026-08-08T16:46:07.262963+00:00,temperature,70.751,4.0,temp_drift,,
2026-08-08T16:46:07.262963+00:00,vibration_rms,,,temp_drift,0.463,
2026-08-08T16:46:08.941346+00:00,temperature,70.634,4.0,temp_drift,,
2026-08-08T16:46:10.383546+00:00,temperature,70.255,4.0,temp_drift,,
2026-08-08T16:46:10.383546+00:00,vibration_rms,,,temp_drift,0.359,
2026-08-08T16:46:12.161375+00:00,temperature,70.326,4.0,temp_drift,,
2026-08-08T16:46:13.505611+00:00,temperature,70.701,4.0,temp_drift,,
2026-08-08T16:46:13.505611+00:00,vibration_rms,,,temp_drift,0.392,
2026-08-08T16:46:15.284570+00:00,temperature,70.945,4.0,temp_drift,,
2026-08-08T16:46:15.284570+00:00,door_event,,,temp_drift,,CLOSE
2026-08-08T16:46:16.621046+00:00,temperature,70.842,4.0,temp_drift,,
2026-08-08T16:46:16.621046+00:00,vibration_rms,,,temp_drift,0.466,
2026-08-08T16:46:18.274193+00:00,temperature,70.889,4.0,temp_drift,,
2026-08-08T16:46:19.582848+00:00,temperature,71.442,4.0,temp_drift,,
2026-08-08T16:46:19.582848+00:00,vibration_rms,,,temp_drift,0.489,
2026-08-08T16:46:21.132847+00:00,temperature,71.802,4.0,temp_drift,,
2026-08-08T16:46:22.417865+00:00,temperature,70.995,4.0,temp_drift,,
2026-08-08T16:46:22.417865+00:00,vibration_rms,,,temp_drift,0.52,
2026-08-08T16:46:23.979599+00:00,temperature,71.752,4.0,temp_drift,,
2026-08-08T16:46:25.362298+00:00,temperature,71.312,4.0,temp_drift,,
2026-08-08T16:46:25.362298+00:00,vibration_rms,,,temp_drift,0.414,
2026-08-08T16:46:27.155672+00:00,temperature,71.303,4.0,temp_drift,,
2026-08-08T16:46:28.540625+00:00,temperature,71.929,4.0,temp_drift,,
2026-08-08T16:46:28.540625+00:00,vibration_rms,,,temp_drift,0.401,
2026-08-08T16:46:31.417136+00:00,temperature,71.777,4.0,temp_drift,,
2026-08-08T16:46:43.500722+00:00,temperature,71.891,4.0,temp_drift,,
2026-08-08T16:46:43.500722+00:00,vibration_rms,,,temp_drift,0.475,
2026-08-08T16:46:45.451583+00:00,temperature,70.923,4.0,temp_drift,,
2026-08-08T16:46:46.955618+00:00,temperature,71.913,4.0,temp_drift,,
2026-08-08T16:46:46.955618+00:00,vibration_rms,,,temp_drift,0.499,
2026-08-08T16:46:49.245265+00:00,temperature,71.942,4.0,temp_drift,,
2026-08-08T16:46:50.988967+00:00,temperature,72.238,4.0,temp_drift,,
2026-08-08T16:46:50.988967+00:00,vibration_rms,,,temp_drift,0.52,
2026-08-08T16:46:53.685876+00:00,temperature,71.519,4.0,temp_drift,,
2026-08-08T16:46:55.765402+00:00,temperature,72.211,4.0,temp_drift,,
2026-08-08T16:46:55.765402+00:00,vibration_rms,,,temp_drift,0.504,
2026-08-08T16:46:58.128714+00:00,temperature,71.741,4.0,temp_drift,,
2026-08-08T16:46:59.774494+00:00,temperature,72.196,4.0,temp_drift,,
2026-08-08T16:46:59.774494+00:00,vibration_rms,,,temp_drift,0.546,
2026-08-08T16:47:02.409078+00:00,temperature,72.358,4.0,temp_drift,,
2026-08-08T16:47:04.464768+00:00,temperature,72.088,4.0,temp_drift,,
2026-08-08T16:47:04.464768+00:00,vibration_rms,,,temp_drift,0.422,
2026-08-08T16:47:06.779059+00:00,temperature,72.417,4.0,temp_drift,,
2026-08-08T16:47:08.614589+00:00,temperature,72.336,4.0,temp_drift,,
2026-08-08T16:47:08.614589+00:00,vibration_rms,,,temp_drift,0.46,
2026-08-08T16:47:11.200192+00:00,temperature,72.438,4.0,temp_drift,,
2026-08-08T16:47:12.833664+00:00,temperature,72.336,4.0,temp_drift,,
2026-08-08T16:47:12.833664+00:00,vibration_rms,,,temp_drift,0.412,
2026-08-08T16:47:15.333062+00:00,temperature,72.917,4.0,temp_drift,,
2026-08-08T16:47:17.311349+00:00,temperature,72.752,4.0,temp_drift,,
2026-08-08T16:47:17.311349+00:00,vibration_rms,,,temp_drift,0.399,
2026-08-08T16:47:20.669534+00:00,temperature,73.246,4.0,temp_drift,,
2026-08-08T16:47:22.201197+00:00,temperature,72.601,4.0,temp_drift,,
2026-08-08T16:47:22.201197+00:00,vibration_rms,,,temp_drift,0.419,
2026-08-08T16:47:24.691755+00:00,temperature,73.037,4.0,temp_drift,,
2026-08-08T16:47:26.436264+00:00,temperature,73.307,4.0,temp_drift,,
2026-08-08T16:47:26.436264+00:00,vibration_rms,,,temp_drift,0.367,
2026-08-08T16:47:26.436264+00:00,door_event,,,temp_drift,,OPEN
2026-08-08T16:47:28.525410+00:00,temperature,72.532,4.0,temp_drift,,
2026-08-08T16:47:30.359222+00:00,temperature,73.55,4.0,temp_drift,,
2026-08-08T16:47:30.359222+00:00,vibration_rms,,,temp_drift,0.463,
2026-08-08T16:47:32.704153+00:00,temperature,73.041,4.0,temp_drift,,
2026-08-08T16:47:34.296363+00:00,temperature,73.915,4.0,temp_drift,,
2026-08-08T16:47:34.296363+00:00,vibration_rms,,,temp_drift,0.503,
2026-08-08T16:47:36.614739+00:00,temperature,73.006,4.0,temp_drift,,
2026-08-08T16:47:38.682689+00:00,temperature,73.461,4.0,temp_drift,,
2026-08-08T16:47:38.682689+00:00,vibration_rms,,,temp_drift,0.466,
2026-08-08T16:47:38.682689+00:00,door_event,,,temp_drift,,CLOSE
2026-08-08T16:47:42.196185+00:00,temperature,73.345,4.0,temp_drift,,
2026-08-08T16:47:43.799336+00:00,temperature,73.35,4.0,temp_drift,,
2026-08-08T16:47:43.799336+00:00,vibration_rms,,,temp_drift,0.502,
2026-08-08T16:47:45.688543+00:00,temperature,73.74,4.0,temp_drift,,
2026-08-08T16:47:47.181892+00:00,temperature,74.164,4.0,temp_drift,,
2026-08-08T16:47:47.181892+00:00,vibration_rms,,,temp_drift,0.497,
2026-08-08T16:47:49.246620+00:00,temperature,74.083,4.0,temp_drift,,
2026-08-08T16:47:50.794495+00:00,temperature,74.304,4.0,temp_drift,,
2026-08-08T16:47:50.794495+00:00,vibration_rms,,,temp_drift,0.473,
2026-08-08T16:47:52.747217+00:00,temperature,74.208,4.0,temp_drift,,
2026-08-08T16:47:54.166299+00:00,temperature,74.949,4.0,temp_drift,,
2026-08-08T16:47:54.166299+00:00,vibration_rms,,,temp_drift,0.431,
2026-08-08T16:47:56.226431+00:00,temperature,74.172,4.0,temp_drift,,
2026-08-08T16:47:57.680754+00:00,temperature,74.832,4.0,temp_drift,,
2026-08-08T16:47:57.680754+00:00,vibration_rms,,,temp_drift,0.472,
2026-08-08T16:47:59.413853+00:00,temperature,74.622,4.0,temp_drift,,
2026-08-08T16:48:00.867522+00:00,temperature,74.767,4.0,temp_drift,,
2026-08-08T16:48:00.867522+00:00,vibration_rms,,,temp_drift,0.468,
2026-08-08T16:48:03.592584+00:00,temperature,74.888,4.0,temp_drift,,
2026-08-08T16:48:05.234182+00:00,temperature,74.694,4.0,temp_drift,,
2026-08-08T16:48:05.234182+00:00,vibration_rms,,,temp_drift,0.477,
2026-08-08T16:48:07.355912+00:00,temperature,74.822,4.0,temp_drift,,
2026-08-08T16:48:08.872033+00:00,temperature,75.377,4.0,temp_drift,,
2026-08-08T16:48:08.872033+00:00,vibration_rms,,,temp_drift,0.387,
2026-08-08T16:48:11.162580+00:00,temperature,75.107,4.0,temp_drift,,
2026-08-08T16:48:12.605638+00:00,temperature,75.087,4.0,temp_drift,,
2026-08-08T16:48:12.605638+00:00,vibration_rms,,,temp_drift,0.407,
2026-08-08T16:48:14.401187+00:00,temperature,75.17,4.0,temp_drift,,
2026-08-08T16:48:15.727220+00:00,temperature,75.428,4.0,temp_drift,,
2026-08-08T16:48:15.727220+00:00,vibration_rms,,,temp_drift,0.479,
2026-08-08T16:48:15.727220+00:00,door_event,,,temp_drift,,CLOSE
2026-08-08T16:48:17.291288+00:00,temperature,75.606,4.0,temp_drift,,
2026-08-08T16:48:18.545999+00:00,temperature,75.649,4.0,temp_drift,,
2026-08-08T16:48:18.545999+00:00,vibration_rms,,,temp_drift,0.502,
2026-08-08T16:48:20.312527+00:00,temperature,74.827,4.0,temp_drift,,
2026-08-08T16:48:21.641804+00:00,temperature,75.831,4.0,temp_drift,,
2026-08-08T16:48:21.641804+00:00,vibration_rms,,,temp_drift,0.459,
2026-08-08T16:48:21.641804+00:00,door_event,,,temp_drift,,OPEN
2026-08-08T16:48:23.269457+00:00,temperature,75.81,4.0,temp_drift,,
2026-08-08T16:48:23.269457+00:00,door_event,,,temp_drift,,OPEN
2026-08-08T16:48:24.610724+00:00,temperature,76.05,4.0,temp_drift,,
2026-08-08T16:48:24.610724+00:00,vibration_rms,,,temp_drift,0.468,
2026-08-08T16:48:24.610724+00:00,door_event,,,temp_drift,,OPEN
2026-08-08T16:48:26.180677+00:00,temperature,75.659,4.0,temp_drift,,
2026-08-08T16:48:27.461038+00:00,temperature,76.185,4.0,temp_drift,,
2026-08-08T16:48:27.461038+00:00,vibration_rms,,,temp_drift,0.404,
2026-08-08T16:48:28.937038+00:00,temperature,75.911,4.0,temp_drift,,
2026-08-08T16:48:30.204332+00:00,temperature,76.192,4.0,temp_drift,,
2026-08-08T16:48:30.204332+00:00,vibration_rms,,,temp_drift,0.491,
2026-08-08T16:48:32.350349+00:00,temperature,75.557,4.0,temp_drift,,
2026-08-08T16:48:33.994879+00:00,temperature,76.164,4.0,temp_drift,,
2026-08-08T16:48:33.994879+00:00,vibration_rms,,,temp_drift,0.438,
2026-08-08T16:48:36.354186+00:00,temperature,76.608,4.0,temp_drift,,
2026-08-08T16:48:38.130017+00:00,temperature,76.521,4.0,temp_drift,,
2026-08-08T16:48:38.130017+00:00,vibration_rms,,,temp_drift,0.411,
2026-08-08T16:48:39.804422+00:00,temperature,76.745,4.0,temp_drift,,
2026-08-08T16:48:41.038346+00:00,temperature,76.864,4.0,temp_drift,,
2026-08-08T16:48:41.038346+00:00,vibration_rms,,,temp_drift,0.478,
2026-08-08T16:48:42.493641+00:00,temperature,76.519,4.0,temp_drift,,
2026-08-08T16:48:43.760228+00:00,temperature,77.118,4.0,temp_drift,,
2026-08-08T16:48:43.760228+00:00,vibration_rms,,,temp_drift,0.527,
2026-08-08T16:48:45.288753+00:00,temperature,76.406,4.0,temp_drift,,
2026-08-08T16:48:46.563273+00:00,temperature,77.014,4.0,temp_drift,,
2026-08-08T16:48:46.563273+00:00,vibration_rms,,,temp_drift,0.521,
2026-08-08T16:48:48.014292+00:00,temperature,76.916,4.0,temp_drift,,
2026-08-08T16:48:49.318167+00:00,temperature,76.648,4.0,temp_drift,,
2026-08-08T16:48:49.318167+00:00,vibration_rms,,,temp_drift,0.368,
2026-08-08T16:48:50.774511+00:00,temperature,77.332,4.0,temp_drift,,
2026-08-08T16:48:50.774511+00:00,door_event,,,temp_drift,,OPEN
2026-08-08T16:48:51.992060+00:00,temperature,77.036,4.0,temp_drift,,
2026-08-08T16:48:51.992060+00:00,vibration_rms,,,temp_drift,0.44,
2026-08-08T16:48:51.992060+00:00,door_event,,,temp_drift,,OPEN
2026-08-08T16:48:53.496766+00:00,temperature,77.122,4.0,temp_drift,,
2026-08-08T16:48:54.773266+00:00,temperature,77.0,4.0,temp_drift,,
2026-08-08T16:48:54.773266+00:00,vibration_rms,,,temp_drift,0.461,
2026-08-08T16:48:56.317386+00:00,temperature,77.66,4.0,temp_drift,,
2026-08-08T16:48:57.521900+00:00,temperature,77.512,4.0,temp_drift,,
2026-08-08T16:48:57.521900+00:00,vibration_rms,,,temp_drift,0.468,
2026-08-08T16:48:59.413802+00:00,temperature,77.729,4.0,temp_drift,,
2026-08-08T16:49:00.930960+00:00,temperature,77.324,4.0,temp_drift,,
2026-08-08T16:49:00.930960+00:00,vibration_rms,,,temp_drift,0.422,
2026-08-08T16:49:03.031041+00:00,temperature,78.261,4.0,temp_drift,,
2026-08-08T16:49:04.227481+00:00,temperature,77.545,4.0,temp_drift,,
2026-08-08T16:49:04.227481+00:00,vibration_rms,,,temp_drift,0.452,
2026-08-08T16:49:05.591129+00:00,temperature,77.983,4.0,temp_drift,,
2026-08-08T16:49:06.805817+00:00,temperature,77.575,4.0,temp_drift,,
2026-08-08T16:49:06.805817+00:00,vibration_rms,,,temp_drift,0.416,
2026-08-08T16:49:08.185064+00:00,temperature,78.28,4.0,temp_drift,,
2026-08-08T16:49:09.550938+00:00,temperature,77.896,4.0,temp_drift,,
2026-08-08T16:49:09.550938+00:00,vibration_rms,,,temp_drift,0.469,
2026-08-08T16:49:10.970705+00:00,temperature,78.436,4.0,temp_drift,,
2026-08-08T16:49:12.192865+00:00,temperature,78.327,4.0,temp_drift,,
2026-08-08T16:49:12.192865+00:00,vibration_rms,,,temp_drift,0.54,
2026-08-08T16:49:13.741845+00:00,temperature,78.423,4.0,temp_drift,,
2026-08-08T16:49:14.982920+00:00,temperature,78.815,4.0,temp_drift,,
2026-08-08T16:49:14.982920+00:00,vibration_rms,,,temp_drift,0.423,
2026-08-08T16:49:16.437448+00:00,temperature,78.853,4.0,temp_drift,,
2026-08-08T16:49:17.743451+00:00,temperature,78.356,4.0,temp_drift,,
2026-08-08T16:49:17.743451+00:00,vibration_rms,,,temp_drift,0.37,
2026-08-08T16:49:19.112424+00:00,temperature,77.981,4.0,temp_drift,,
2026-08-08T16:49:20.305953+00:00,temperature,78.329,4.0,temp_drift,,
2026-08-08T16:49:20.305953+00:00,vibration_rms,,,temp_drift,0.395,
2026-08-08T16:49:21.679366+00:00,temperature,78.582,4.0,temp_drift,,
2026-08-08T16:49:22.892788+00:00,temperature,79.033,4.0,temp_drift,,
2026-08-08T16:49:22.892788+00:00,vibration_rms,,,temp_drift,0.412,
2026-08-08T16:49:24.262034+00:00,temperature,79.194,4.0,temp_drift,,
2026-08-08T16:49:25.472881+00:00,temperature,78.995,4.0,temp_drift,,
2026-08-08T16:49:25.472881+00:00,vibration_rms,,,temp_drift,0.446,
2026-08-08T16:49:26.890820+00:00,temperature,78.825,4.0,temp_drift,,
2026-08-08T16:49:28.094358+00:00,temperature,79.362,4.0,temp_drift,,
2026-08-08T16:49:28.094358+00:00,vibration_rms,,,temp_drift,0.475,
2026-08-08T16:49:29.468707+00:00,temperature,79.341,4.0,temp_drift,,
2026-08-08T16:49:30.683714+00:00,temperature,79.467,4.0,temp_drift,,
2026-08-08T16:49:30.683714+00:00,vibration_rms,,,temp_drift,0.518,
2026-08-08T16:49:32.117398+00:00,temperature,79.722,4.0,temp_drift,,
2026-08-08T16:49:33.335863+00:00,temperature,79.362,4.0,temp_drift,,
2026-08-08T16:49:33.335863+00:00,vibration_rms,,,temp_drift,0.473,
2026-08-08T16:49:33.335863+00:00,door_event,,,temp_drift,,CLOSE
2026-08-08T16:49:34.721550+00:00,temperature,80.047,4.0,temp_drift,,
2026-08-08T16:49:36.060927+00:00,temperature,79.587,4.0,temp_drift,,
2026-08-08T16:49:36.060927+00:00,vibration_rms,,,temp_drift,0.419,
2026-08-08T16:49:37.831846+00:00,temperature,79.703,4.0,temp_drift,,
2026-08-08T16:49:39.152772+00:00,temperature,80.066,4.0,temp_drift,,
2026-08-08T16:49:39.152772+00:00,vibration_rms,,,temp_drift,0.457,
2026-08-08T16:49:40.783819+00:00,temperature,79.925,4.0,temp_drift,,
2026-08-08T16:49:42.116827+00:00,temperature,79.986,4.0,temp_drift,,
2026-08-08T16:49:42.116827+00:00,vibration_rms,,,temp_drift,0.458,
2026-08-08T16:49:44.138087+00:00,temperature,80.504,4.0,temp_drift,,
2026-08-08T16:49:45.343986+00:00,temperature,80.437,4.0,temp_drift,,
2026-08-08T16:49:45.343986+00:00,vibration_rms,,,temp_drift,0.426,
2026-08-08T16:49:46.756668+00:00,temperature,79.905,4.0,temp_drift,,
2026-08-08T16:49:47.928399+00:00,temperature,79.878,4.0,temp_drift,,
2026-08-08T16:49:47.928399+00:00,vibration_rms,,,temp_drift,0.497,
2026-08-08T16:49:49.465680+00:00,temperature,80.602,4.0,temp_drift,,
2026-08-08T16:49:50.710454+00:00,temperature,79.831,4.0,temp_drift,,
2026-08-08T16:49:50.710454+00:00,vibration_rms,,,temp_drift,0.435,
2026-08-08T16:49:52.339255+00:00,temperature,80.49,4.0,temp_drift,,
2026-08-08T16:49:53.511660+00:00,temperature,80.381,4.0,temp_drift,,
2026-08-08T16:49:53.511660+00:00,vibration_rms,,,temp_drift,0.467,
2026-08-08T16:49:54.870626+00:00,temperature,81.052,4.0,temp_drift,,
2026-08-08T16:49:56.399281+00:00,temperature,81.088,4.0,temp_drift,,
2026-08-08T16:49:56.399281+00:00,vibration_rms,,,temp_drift,0.404,
2026-08-08T16:49:57.907723+00:00,temperature,80.653,4.0,temp_drift,,
2026-08-08T16:49:59.144381+00:00,temperature,80.765,4.0,temp_drift,,
2026-08-08T16:49:59.144381+00:00,vibration_rms,,,temp_drift,0.407,
2026-08-08T16:50:00.628885+00:00,temperature,81.227,4.0,temp_drift,,
2026-08-08T16:50:01.816111+00:00,temperature,81.427,4.0,temp_drift,,
2026-08-08T16:50:01.816111+00:00,vibration_rms,,,temp_drift,0.419,
2026-08-08T16:50:03.193456+00:00,temperature,81.244,4.0,temp_drift,,
2026-08-08T16:50:04.371856+00:00,temperature,80.908,4.0,temp_drift,,
2026-08-08T16:50:04.371856+00:00,vibration_rms,,,temp_drift,0.447,
2026-08-08T16:50:06.295781+00:00,temperature,81.19,4.0,temp_drift,,
2026-08-08T16:50:07.495754+00:00,temperature,81.753,4.0,temp_drift,,
2026-08-08T16:50:07.495754+00:00,vibration_rms,,,temp_drift,0.479,
2026-08-08T16:50:08.872944+00:00,temperature,81.934,4.0,temp_drift,,
2026-08-08T16:50:08.872944+00:00,door_event,,,temp_drift,,CLOSE
2026-08-08T16:50:10.466879+00:00,temperature,81.5,4.0,temp_drift,,
2026-08-08T16:50:10.466879+00:00,vibration_rms,,,temp_drift,0.419,
2026-08-08T16:50:11.848451+00:00,temperature,81.592,4.0,temp_drift,,
2026-08-08T16:50:13.087936+00:00,temperature,81.668,4.0,temp_drift,,
2026-08-08T16:50:13.087936+00:00,vibration_rms,,,temp_drift,0.465,
2026-08-08T16:50:13.087936+00:00,door_event,,,temp_drift,,OPEN
2026-08-08T16:50:15.042032+00:00,temperature,81.911,4.0,temp_drift,,
2026-08-08T16:50:16.668440+00:00,temperature,81.902,4.0,temp_drift,,
2026-08-08T16:50:16.668440+00:00,vibration_rms,,,temp_drift,0.541,
2026-08-08T16:50:18.251242+00:00,temperature,82.437,4.0,temp_drift,,
2026-08-08T16:50:19.487448+00:00,temperature,82.395,4.0,temp_drift,,
2026-08-08T16:50:19.487448+00:00,vibration_rms,,,temp_drift,0.507,
2026-08-08T16:50:20.863714+00:00,temperature,82.107,4.0,temp_drift,,
2026-08-08T16:50:22.108401+00:00,temperature,81.779,4.0,temp_drift,,
2026-08-08T16:50:22.108401+00:00,vibration_rms,,,temp_drift,0.423,
2026-08-08T16:50:23.472050+00:00,temperature,82.443,4.0,temp_drift,,
2026-08-08T16:50:24.708810+00:00,temperature,82.461,4.0,temp_drift,,
2026-08-08T16:50:24.708810+00:00,vibration_rms,,,temp_drift,0.495,
2026-08-08T16:50:26.071944+00:00,temperature,82.089,4.0,temp_drift,,
2026-08-08T16:50:27.268778+00:00,temperature,82.797,4.0,temp_drift,,
2026-08-08T16:50:27.268778+00:00,vibration_rms,,,temp_drift,0.442,
2026-08-08T16:50:28.661637+00:00,temperature,82.733,4.0,temp_drift,,
2026-08-08T16:50:29.885813+00:00,temperature,83.639,4.0,temp_drift,,
2026-08-08T16:50:29.885813+00:00,vibration_rms,,,temp_drift,0.339,
2026-08-08T16:50:31.271565+00:00,temperature,82.729,4.0,temp_drift,,
2026-08-08T16:50:32.449318+00:00,temperature,82.573,4.0,temp_drift,,
2026-08-08T16:50:32.449318+00:00,vibration_rms,,,temp_drift,0.469,
2026-08-08T16:50:33.819663+00:00,temperature,82.882,4.0,temp_drift,,
2026-08-08T16:50:34.985969+00:00,temperature,83.12,4.0,temp_drift,,
2026-08-08T16:50:34.985969+00:00,vibration_rms,,,temp_drift,0.435,
2026-08-08T16:50:36.375387+00:00,temperature,83.166,4.0,temp_drift,,
2026-08-08T16:50:37.573195+00:00,temperature,82.893,4.0,temp_drift,,
2026-08-08T16:50:37.573195+00:00,vibration_rms,,,temp_drift,0.361,
2026-08-08T16:50:38.929745+00:00,temperature,83.442,4.0,temp_drift,,
2026-08-08T16:50:40.099190+00:00,temperature,83.448,4.0,temp_drift,,
2026-08-08T16:50:40.099190+00:00,vibration_rms,,,temp_drift,0.491,
2026-08-08T16:50:41.428017+00:00,temperature,83.642,4.0,temp_drift,,
2026-08-08T16:50:42.594142+00:00,temperature,83.764,4.0,temp_drift,,
2026-08-08T16:50:42.594142+00:00,vibration_rms,,,temp_drift,0.418,
2026-08-08T16:50:44.017688+00:00,temperature,83.384,4.0,temp_drift,,
2026-08-08T16:50:45.195449+00:00,temperature,83.764,4.0,temp_drift,,
2026-08-08T16:50:45.195449+00:00,vibration_rms,,,temp_drift,0.509,
2026-08-08T16:50:46.572715+00:00,temperature,83.799,4.0,temp_drift,,
2026-08-08T16:50:47.751485+00:00,temperature,84.209,4.0,temp_drift,,
2026-08-08T16:50:47.751485+00:00,vibration_rms,,,temp_drift,0.487,
2026-08-08T16:50:49.120007+00:00,temperature,83.547,4.0,temp_drift,,
2026-08-08T16:50:50.321670+00:00,temperature,84.176,4.0,temp_drift,,
2026-08-08T16:50:50.321670+00:00,vibration_rms,,,temp_drift,0.474,
2026-08-08T16:50:51.687996+00:00,temperature,84.2,4.0,temp_drift,,
2026-08-08T16:50:51.687996+00:00,door_event,,,temp_drift,,CLOSE
2026-08-08T16:50:52.930925+00:00,temperature,84.299,4.0,temp_drift,,
2026-08-08T16:50:52.930925+00:00,vibration_rms,,,temp_drift,0.501,
2026-08-08T16:50:54.307200+00:00,temperature,84.417,4.0,temp_drift,,
2026-08-08T16:50:55.485731+00:00,temperature,84.197,4.0,temp_drift,,
2026-08-08T16:50:55.485731+00:00,vibration_rms,,,temp_drift,0.41,
2026-08-08T16:50:56.821022+00:00,temperature,83.887,4.0,temp_drift,,
2026-08-08T16:50:57.999492+00:00,temperature,84.868,4.0,temp_drift,,
2026-08-08T16:50:57.999492+00:00,vibration_rms,,,temp_drift,0.504,
2026-08-08T16:50:57.999492+00:00,door_event,,,temp_drift,,CLOSE
2026-08-08T16:50:59.389487+00:00,temperature,84.448,4.0,temp_drift,,
2026-08-08T16:51:00.585523+00:00,temperature,84.449,4.0,temp_drift,,
2026-08-08T16:51:00.585523+00:00,vibration_rms,,,temp_drift,0.45,
2026-08-08T16:51:01.953559+00:00,temperature,84.635,4.0,temp_drift,,
2026-08-08T16:51:03.202132+00:00,temperature,84.286,4.0,temp_drift,,
2026-08-08T16:51:03.202132+00:00,vibration_rms,,,temp_drift,0.446,
2026-08-08T16:51:04.622237+00:00,temperature,85.197,4.0,temp_drift,,
2026-08-08T16:51:05.811064+00:00,temperature,84.636,4.0,temp_drift,,
2026-08-08T16:51:05.811064+00:00,vibration_rms,,,temp_drift,0.499,
2026-08-08T16:51:07.266976+00:00,temperature,85.161,4.0,temp_drift,,
2026-08-08T16:51:08.440960+00:00,temperature,84.777,4.0,temp_drift,,
2026-08-08T16:51:08.440960+00:00,vibration_rms,,,temp_drift,0.486,
2026-08-08T16:51:09.797851+00:00,temperature,85.131,4.0,temp_drift,,
2026-08-08T16:51:10.997042+00:00,temperature,85.729,4.0,temp_drift,,
2026-08-08T16:51:10.997042+00:00,vibration_rms,,,temp_drift,0.55,
2026-08-08T16:51:12.365697+00:00,temperature,85.192,4.0,temp_drift,,
2026-08-08T16:51:13.546016+00:00,temperature,85.207,4.0,temp_drift,,
2026-08-08T16:51:13.546016+00:00,vibration_rms,,,temp_drift,0.486,
2026-08-08T16:51:14.919472+00:00,temperature,85.234,4.0,temp_drift,,
2026-08-08T16:51:16.142238+00:00,temperature,86.216,4.0,temp_drift,,
2026-08-08T16:51:16.142238+00:00,vibration_rms,,,temp_drift,0.506,
2026-08-08T16:51:17.473622+00:00,temperature,85.667,4.0,temp_drift,,
2026-08-08T16:51:18.676601+00:00,temperature,86.139,4.0,temp_drift,,
2026-08-08T16:51:18.676601+00:00,vibration_rms,,,temp_drift,0.444,
2026-08-08T16:51:20.042258+00:00,temperature,85.915,4.0,temp_drift,,
2026-08-08T16:51:20.042258+00:00,door_event,,,temp_drift,,CLOSE
2026-08-08T16:51:21.231852+00:00,temperature,86.559,4.0,temp_drift,,
2026-08-08T16:51:21.231852+00:00,vibration_rms,,,temp_drift,0.409,
2026-08-08T16:51:22.619116+00:00,temperature,86.141,4.0,temp_drift,,
2026-08-08T16:51:23.776055+00:00,temperature,86.605,4.0,temp_drift,,
2026-08-08T16:51:23.776055+00:00,vibration_rms,,,temp_drift,0.482,
2026-08-08T16:51:25.086892+00:00,temperature,85.827,4.0,temp_drift,,
2026-08-08T16:51:26.321400+00:00,temperature,86.431,4.0,temp_drift,,
2026-08-08T16:51:26.321400+00:00,vibration_rms,,,temp_drift,0.433,
2026-08-08T16:51:27.688989+00:00,temperature,86.941,4.0,temp_drift,,
2026-08-08T16:51:29.087693+00:00,temperature,86.637,4.0,temp_drift,,
2026-08-08T16:51:29.087693+00:00,vibration_rms,,,temp_drift,0.533,
2026-08-08T16:51:29.087693+00:00,door_event,,,temp_drift,,OPEN
2026-08-08T16:51:30.468483+00:00,temperature,86.558,4.0,temp_drift,,
2026-08-08T16:51:31.675040+00:00,temperature,86.152,4.0,temp_drift,,
2026-08-08T16:51:31.675040+00:00,vibration_rms,,,temp_drift,0.41,
2026-08-08T16:51:33.076317+00:00,temperature,86.776,4.0,temp_drift,,
2026-08-08T16:51:34.310820+00:00,temperature,86.596,4.0,temp_drift,,
2026-08-08T16:51:34.310820+00:00,vibration_rms,,,temp_drift,0.469,
2026-08-08T16:51:35.697762+00:00,temperature,86.446,4.0,temp_drift,,
2026-08-08T16:51:36.927986+00:00,temperature,86.519,4.0,temp_drift,,
2026-08-08T16:51:36.927986+00:00,vibration_rms,,,temp_drift,0.489,
2026-08-08T16:51:38.252850+00:00,temperature,87.366,4.0,temp_drift,,
2026-08-08T16:51:39.487967+00:00,temperature,87.05,4.0,temp_drift,,
2026-08-08T16:51:39.487967+00:00,vibration_rms,,,temp_drift,0.405,
2026-08-08T16:51:41.010085+00:00,temperature,87.085,4.0,temp_drift,,
2026-08-08T16:51:42.244007+00:00,temperature,87.278,4.0,temp_drift,,
2026-08-08T16:51:42.244007+00:00,vibration_rms,,,temp_drift,0.42,
2026-08-08T16:51:43.754823+00:00,temperature,87.265,4.0,temp_drift,,
2026-08-08T16:51:44.954293+00:00,temperature,87.467,4.0,temp_drift,,
2026-08-08T16:51:44.954293+00:00,vibration_rms,,,temp_drift,0.427,
2026-08-08T16:51:46.400733+00:00,temperature,87.43,4.0,temp_drift,,
2026-08-08T16:51:47.757421+00:00,temperature,87.443,4.0,temp_drift,,
2026-08-08T16:51:47.757421+00:00,vibration_rms,,,temp_drift,0.4,
2026-08-08T16:51:49.156225+00:00,temperature,87.984,4.0,temp_drift,,
2026-08-08T16:51:50.411535+00:00,temperature,87.3,4.0,temp_drift,,
2026-08-08T16:51:50.411535+00:00,vibration_rms,,,temp_drift,0.464,
2026-08-08T16:51:52.081703+00:00,temperature,87.999,4.0,temp_drift,,
2026-08-08T16:51:53.377686+00:00,temperature,88.463,4.0,temp_drift,,
2026-08-08T16:51:53.377686+00:00,vibration_rms,,,temp_drift,0.425,
2026-08-08T16:51:54.968136+00:00,temperature,88.301,4.0,temp_drift,,
2026-08-08T16:51:54.968136+00:00,door_event,,,temp_drift,,OPEN
2026-08-08T16:51:56.313446+00:00,temperature,87.924,4.0,temp_drift,,
2026-08-08T16:51:56.313446+00:00,vibration_rms,,,temp_drift,0.377,
2026-08-08T16:51:57.901544+00:00,temperature,88.184,4.0,temp_drift,,
2026-08-08T16:51:59.334390+00:00,temperature,87.731,4.0,temp_drift,,
2026-08-08T16:51:59.334390+00:00,vibration_rms,,,temp_drift,0.492,
2026-08-08T16:52:00.800098+00:00,temperature,88.323,4.0,temp_drift,,
2026-08-08T16:52:02.011958+00:00,temperature,87.864,4.0,temp_drift,,
2026-08-08T16:52:02.011958+00:00,vibration_rms,,,temp_drift,0.458,
2026-08-08T16:52:03.487528+00:00,temperature,88.325,4.0,temp_drift,,
2026-08-08T16:52:03.487528+00:00,door_event,,,temp_drift,,OPEN
2026-08-08T16:52:04.697635+00:00,temperature,88.867,4.0,temp_drift,,
2026-08-08T16:52:04.697635+00:00,vibration_rms,,,temp_drift,0.417,
2026-08-08T16:52:06.064857+00:00,temperature,88.304,4.0,temp_drift,,
2026-08-08T16:52:07.268406+00:00,temperature,88.454,4.0,temp_drift,,
2026-08-08T16:52:07.268406+00:00,vibration_rms,,,temp_drift,0.481,
2026-08-08T16:52:08.667934+00:00,temperature,88.861,4.0,temp_drift,,
2026-08-08T16:52:09.929470+00:00,temperature,88.737,4.0,temp_drift,,
2026-08-08T16:52:09.929470+00:00,vibration_rms,,,temp_drift,0.46,
2026-08-08T16:52:11.394202+00:00,temperature,88.783,4.0,temp_drift,,
2026-08-08T16:52:12.651854+00:00,temperature,89.588,4.0,temp_drift,,
2026-08-08T16:52:12.651854+00:00,vibration_rms,,,temp_drift,0.433,
2026-08-08T16:52:14.101302+00:00,temperature,89.06,4.0,temp_drift,,
2026-08-08T16:52:15.279792+00:00,temperature,89.265,4.0,temp_drift,,
2026-08-08T16:52:15.279792+00:00,vibration_rms,,,temp_drift,0.381,
2026-08-08T16:52:16.677720+00:00,temperature,89.542,4.0,temp_drift,,
2026-08-08T16:52:17.856025+00:00,temperature,89.218,4.0,temp_drift,,
2026-08-08T16:52:17.856025+00:00,vibration_rms,,,temp_drift,0.461,
2026-08-08T16:52:19.168469+00:00,temperature,89.312,4.0,temp_drift,,
2026-08-08T16:52:20.392022+00:00,temperature,89.61,4.0,temp_drift,,
2026-08-08T16:52:20.392022+00:00,vibration_rms,,,temp_drift,0.395,
2026-08-08T16:52:21.968215+00:00,temperature,89.506,4.0,temp_drift,,
2026-08-08T16:52:23.312829+00:00,temperature,89.956,4.0,temp_drift,,
2026-08-08T16:52:23.312829+00:00,vibration_rms,,,temp_drift,0.56,
2026-08-08T16:52:24.846972+00:00,temperature,89.551,4.0,temp_drift,,
2026-08-08T16:52:26.138948+00:00,temperature,89.999,4.0,temp_drift,,
2026-08-08T16:52:26.138948+00:00,vibration_rms,,,temp_drift,0.496,
2026-08-08T16:52:27.580307+00:00,temperature,89.69,4.0,temp_drift,,
2026-08-08T16:52:28.801620+00:00,temperature,90.339,4.0,temp_drift,,
2026-08-08T16:52:28.801620+00:00,vibration_rms,,,temp_drift,0.452,
2026-08-08T16:52:30.133518+00:00,temperature,90.331,4.0,temp_drift,,
2026-08-08T16:52:31.351760+00:00,temperature,89.681,4.0,temp_drift,,
2026-08-08T16:52:31.351760+00:00,vibration_rms,,,temp_drift,0.447,
2026-08-08T16:52:32.791012+00:00,temperature,90.547,4.0,temp_drift,,
2026-08-08T16:52:34.034840+00:00,temperature,89.956,4.0,temp_drift,,
2026-08-08T16:52:34.034840+00:00,vibration_rms,,,temp_drift,0.436,
2026-08-08T16:52:35.550308+00:00,temperature,90.367,4.0,temp_drift,,
2026-08-08T16:52:36.744386+00:00,temperature,90.825,4.0,temp_drift,,
2026-08-08T16:52:36.744386+00:00,vibration_rms,,,temp_drift,0.452,
2026-08-08T16:52:38.115002+00:00,temperature,90.44,4.0,temp_drift,,
2026-08-08T16:52:39.323296+00:00,temperature,90.743,4.0,temp_drift,,
2026-08-08T16:52:39.323296+00:00,vibration_rms,,,temp_drift,0.391,
2026-08-08T16:52:40.689527+00:00,temperature,90.892,4.0,temp_drift,,
2026-08-08T16:52:41.860875+00:00,temperature,90.83,4.0,temp_drift,,
2026-08-08T16:52:41.860875+00:00,vibration_rms,,,temp_drift,0.433,
2026-08-08T16:52:43.295374+00:00,temperature,90.617,4.0,temp_drift,,
2026-08-08T16:52:44.467223+00:00,temperature,90.604,4.0,temp_drift,,
2026-08-08T16:52:44.467223+00:00,vibration_rms,,,temp_drift,0.536,
2026-08-08T16:52:45.878099+00:00,temperature,91.166,4.0,temp_drift,,
2026-08-08T16:52:47.056923+00:00,temperature,91.035,4.0,temp_drift,,
2026-08-08T16:52:47.056923+00:00,vibration_rms,,,temp_drift,0.465,
2026-08-08T16:52:48.514613+00:00,temperature,91.109,4.0,temp_drift,,
2026-08-08T16:52:49.689974+00:00,temperature,91.1,4.0,temp_drift,,
2026-08-08T16:52:49.689974+00:00,vibration_rms,,,temp_drift,0.47,
2026-08-08T16:52:51.191045+00:00,temperature,91.219,4.0,temp_drift,,
2026-08-08T16:52:52.357603+00:00,temperature,91.277,4.0,temp_drift,,
2026-08-08T16:52:52.357603+00:00,vibration_rms,,,temp_drift,0.451,
2026-08-08T16:52:53.690256+00:00,temperature,91.949,4.0,temp_drift,,
2026-08-08T16:52:54.844838+00:00,temperature,91.152,4.0,temp_drift,,
2026-08-08T16:52:54.844838+00:00,vibration_rms,,,temp_drift,0.426,
2026-08-08T16:52:56.189322+00:00,temperature,91.911,4.0,temp_drift,,
2026-08-08T16:52:57.358519+00:00,temperature,92.341,4.0,temp_drift,,
2026-08-08T16:52:57.358519+00:00,vibration_rms,,,temp_drift,0.554,
2026-08-08T16:52:58.701356+00:00,temperature,91.97,4.0,temp_drift,,
2026-08-08T16:52:59.903144+00:00,temperature,92.258,4.0,temp_drift,,
2026-08-08T16:52:59.903144+00:00,vibration_rms,,,temp_drift,0.355,
2026-08-08T16:53:01.448913+00:00,temperature,92.139,4.0,temp_drift,,
2026-08-08T16:53:02.615255+00:00,temperature,92.151,4.0,temp_drift,,
2026-08-08T16:53:02.615255+00:00,vibration_rms,,,temp_drift,0.39,
2026-08-08T16:53:26.895272+00:00,temperature,92.0,4.0,temp_drift,,
2026-08-08T16:53:28.376390+00:00,temperature,91.819,4.0,temp_drift,,
2026-08-08T16:53:28.376390+00:00,vibration_rms,,,temp_drift,0.448,
2026-08-08T16:53:30.437974+00:00,temperature,92.515,4.0,temp_drift,,
2026-08-08T16:53:32.052524+00:00,temperature,92.719,4.0,temp_drift,,
2026-08-08T16:53:32.052524+00:00,vibration_rms,,,temp_drift,0.522,
2026-08-08T16:53:33.726985+00:00,temperature,92.393,4.0,temp_drift,,
2026-08-08T16:53:35.005356+00:00,temperature,92.514,4.0,temp_drift,,
2026-08-08T16:53:35.005356+00:00,vibration_rms,,,temp_drift,0.374,
2026-08-08T16:53:36.483313+00:00,temperature,92.847,4.0,temp_drift,,
2026-08-08T16:53:37.797827+00:00,temperature,92.509,4.0,temp_drift,,
2026-08-08T16:53:37.797827+00:00,vibration_rms,,,temp_drift,0.484,
2026-08-08T16:53:39.296111+00:00,temperature,92.63,4.0,temp_drift,,
2026-08-08T16:53:40.517791+00:00,temperature,92.316,4.0,temp_drift,,
2026-08-08T16:53:40.517791+00:00,vibration_rms,,,temp_drift,0.428,
2026-08-08T16:53:41.950584+00:00,temperature,93.038,4.0,temp_drift,,
2026-08-08T16:53:43.242831+00:00,temperature,93.223,4.0,temp_drift,,
2026-08-08T16:53:43.242831+00:00,vibration_rms,,,temp_drift,0.434,
2026-08-08T16:53:44.677369+00:00,temperature,93.021,4.0,temp_drift,,
2026-08-08T16:53:45.895502+00:00,temperature,93.493,4.0,temp_drift,,
2026-08-08T16:53:45.895502+00:00,vibration_rms,,,temp_drift,0.365,
2026-08-08T16:53:47.371488+00:00,temperature,93.289,4.0,temp_drift,,
2026-08-08T16:53:48.560809+00:00,temperature,93.468,4.0,temp_drift,,
2026-08-08T16:53:48.560809+00:00,vibration_rms,,,temp_drift,0.366,
